"baseMean","log2FoldChange","lfcSE","stat","pvalue","padj","id","nam"
658426.714875028,0.0248612181194095,0.0397527344016596,0.625396428537796,0.53171090558841,0.921262724343572,"",""
51.2707188231326,0.294424609884285,0.295193290921087,0.997396007766968,0.318572328384769,0.811932113666492,"GO:0000014","single-stranded DNA endodeoxyribonuclease activity"
528.325375927651,-0.0796938203327096,0.13140326426539,-0.60648280526544,0.54419419698106,0.924124437173176,"GO:0000027","ribosomal large subunit assembly"
2829.55625334355,0.182939411782742,0.170972800332917,1.06999131690259,0.284623217164717,0.788483264870154,"GO:0000045","autophagosome assembly"
1534.2477097432,-0.00567222414432544,0.0709070800730568,-0.079995173098106,0.936241094978768,0.983243115102093,"GO:0000049","tRNA binding"
1473.41215374575,-0.0200018667906191,0.0826860548443003,-0.241901331830175,0.808856618126569,0.962425637919358,"GO:0000055","ribosomal large subunit export from nucleus"
5605.1559917647,-0.0809168694246245,0.0530484814425123,-1.52533809120083,0.127174791574431,0.612542936699764,"GO:0000062","fatty-acyl-CoA binding"
779.297059402525,-0.0770940475049054,0.113822136770605,-0.677320332338155,0.498202733233097,0.904545527244242,"GO:0000077","DNA damage checkpoint signaling"
1849.35571535615,-0.0225666793190111,0.0989468650245897,-0.22806866405927,0.819592860597597,0.965882137421772,"GO:0000123","histone acetyltransferase complex"
1847.14113333188,-0.0227002326452432,0.0604345763455219,-0.375616642291978,0.707201916548683,0.961641767879583,"GO:0000124","SAGA complex"
3145.87437823947,0.0167344722973319,0.068837420814344,0.243101384383142,0.80792685879863,0.962425637919358,"GO:0000139",""
3675.25147241516,-0.0042937596342232,0.059019052558326,-0.0727520935714761,0.942003393668597,0.983284844560872,"GO:0000145",""
20.1856456931169,-0.0494199230536938,0.504672713441069,-0.0979246980022522,0.921992088067137,NA,"GO:0000146","microfilament motor activity"
1306.17498007827,-0.0110181450651689,0.077008833932011,-0.143076378417787,0.886229860280495,0.976388716895698,"GO:0000151","ubiquitin ligase complex"
216970.927887028,-0.0102188758274055,0.0568285484383042,-0.179819406059607,0.857294348116359,0.971214855714933,"GO:0000166","nucleotide binding"
876.567946207082,-0.156119970131909,0.0883410810781575,-1.76724088302458,0.0771878955930465,0.527556939301235,"GO:0000179","rRNA (adenine-N6,N6-)-dimethyltransferase activity"
2332.80480324947,0.110287582877224,0.0599155313718371,1.84071776302503,0.0656629294901461,0.507506941012625,"GO:0000184",""
6334.32450323266,0.0867144072001164,0.0458952545433331,1.88939811017374,0.0588385039377333,0.496252054696183,"GO:0000226","microtubule cytoskeleton organization"
2036.32031769913,-0.105001608230644,0.0823486575612811,-1.27508585252292,0.20227885628245,0.704284485131733,"GO:0000281","mitotic cytokinesis"
1941.67789203409,0.18195543705751,0.0951485892402803,1.91232932101615,0.0558339672643786,0.496252054696183,"GO:0000285",""
83031.4295835636,-0.0281769102741245,0.0377273404812679,-0.746856521416206,0.455150173280227,0.883605153111839,"GO:0000287",""
750.992299191457,0.0538893369112706,0.126387935931842,0.426380386023012,0.66983069121111,0.961641767879583,"GO:0000290",""
2163.99595407773,0.100444502447325,0.0657063378393295,1.52868818671557,0.126341762251514,0.612542936699764,"GO:0000339",""
357.843161213015,0.00881330422559766,0.149478485473568,0.0589603527067853,0.952983687102432,0.986977256642072,"GO:0000350",""
95.2739957513579,0.296554802127646,0.245396188950873,1.20847354392702,0.226865166117166,0.71884096696895,"GO:0000381",""
1822.95528600042,-0.0827965397636585,0.0927866507807244,-0.892332453720366,0.37221476402134,0.868855441233355,"GO:0000387",""
20390.2380437988,-0.0213881993512146,0.0438306599048313,-0.487973473309652,0.625568630502376,0.959824225279156,"GO:0000398","mRNA splicing, via spliceosome"
217.478085000809,-0.118780004584415,0.140149625137322,-0.847522813336327,0.396703776723264,0.870944777677854,"GO:0000423","mitophagy"
539.278824985509,-0.0267076863635935,0.111384818637446,-0.239778514615409,0.810501963996795,0.962425637919358,"GO:0000492","box C/D snoRNP assembly"
163.383957355717,0.437329239259245,0.314595415758709,1.39013226942465,0.164488715902267,0.660553489876895,"GO:0000493","box H/ACA snoRNP assembly"
3988.78179492682,-0.0609393302953624,0.10995339463937,-0.55422873022915,0.579422318416472,0.945132657456454,"GO:0000502","proteasome complex"
182.866837089952,-0.189845638278317,0.176806468161694,-1.07374826414551,0.282935523274352,0.787837298814442,"GO:0000506","glycosylphosphatidylinositol-N-acetylglucosaminyltransferase (GPI-GnT) complex"
142.717055981013,0.636689250530427,0.379545604691375,1.67750394856541,0.0934439779819212,0.575466093078079,"GO:0000700","mismatch base pair DNA N-glycosylase activity"
755.13936576674,0.0401168071258839,0.0986513927205041,0.406652212600197,0.684263443196354,0.961641767879583,"GO:0000723","telomere maintenance"
2685.1173879994,-0.00688561513211676,0.0564107454757155,-0.122062119088303,0.902849822081084,0.977299480184629,"GO:0000724","double-strand break repair via homologous recombination"
1151.19369928419,-0.0446668557332641,0.0839499939622695,-0.532065026155203,0.594680959199796,0.957660461302894,"GO:0000729","DNA double-strand break processing"
4195.37227282053,0.0303701928037425,0.0749586326955053,0.405159375399914,0.68536036432742,0.961641767879583,"GO:0000774","adenyl-nucleotide exchange factor activity"
1485.75309966851,-0.137677389186455,0.082625305190557,-1.66628599881032,0.095656464072299,0.575466093078079,"GO:0000775","chromosome, centromeric region"
11519.4719509867,-0.0423637784386351,0.0519004570566737,-0.816250585083965,0.414356830470238,0.870944777677854,"GO:0000776","kinetochore"
25.5599407440441,0.381692121944015,0.413837389445254,0.922323916782074,0.356359642366566,NA,"GO:0000795","synaptonemal complex"
1553.55644280957,0.0181031496439382,0.0710685602590266,0.254727963785348,0.79893321654661,0.961641767879583,"GO:0000813","ESCRT I complex"
2308.39570514685,-0.0103464934902901,0.0580601380396186,-0.178203046696685,0.858563517103957,0.971214855714933,"GO:0000829","diphosphoinositol pentakisphosphate kinase activity"
164.298441180894,0.177088582418293,0.214572145143992,0.825310211162101,0.409195496084826,0.870944777677854,"GO:0000902","cell morphogenesis"
3663.63085847351,-0.106262493731455,0.0686043798973937,-1.548917050054,0.12140166171056,0.612542936699764,"GO:0000922","spindle pole"
2953.76622082433,0.0240123076676448,0.0669971647823411,0.358407818385383,0.720038141545225,0.961641767879583,"GO:0000976","transcription cis-regulatory region binding"
1432.20267035847,0.00362950410745481,0.06514436533391,0.0557147819132335,0.955569023530296,0.986977256642072,"GO:0000977","RNA polymerase II transcription regulatory region sequence-specific DNA binding"
1205.52534114046,0.0312382012908198,0.085952988892881,0.363433566338809,0.716281031156678,0.961641767879583,"GO:0000978","RNA polymerase II cis-regulatory region sequence-specific DNA binding"
6678.87633270578,0.090755282207088,0.053194294891013,1.70610931854688,0.0879877279120137,0.568934361936909,"GO:0000981","DNA-binding transcription factor activity, RNA polymerase II-specific"
786.62000072643,0.0642258594113314,0.176426940985229,0.364036575438377,0.715830697250913,0.961641767879583,"GO:0001181","RNA polymerase I general transcription initiation factor activity"
448.950587594377,0.0915447133040654,0.108736288104917,0.841896618870565,0.399845823075876,0.870944777677854,"GO:0001222","transcription corepressor binding"
190.663560981906,0.141618265944688,0.165732439758241,0.85449937351596,0.39282835638287,0.870944777677854,"GO:0001227","DNA-binding transcription repressor activity, RNA polymerase II-specific"
162.235252878389,0.137601625220267,0.180387684207747,0.762810531243336,0.445576399560445,0.878279726245205,"GO:0001401","SAM complex"
463.757048257412,-0.0319026024481148,0.124638907669986,-0.255960221767872,0.797981552758252,0.961641767879583,"GO:0001522","pseudouridine synthesis"
1116.55851483518,-0.114834417684976,0.119490664809287,-0.961032544828987,0.336535804373284,0.820988525712996,"GO:0001525","angiogenesis"
916.977039059511,-0.381396227894694,0.0915768964058592,-4.16476472629501,3.11673800715488e-05,0.00429590388652847,"GO:0001527","microfibril"
3742.83217086007,-0.0297830900728187,0.049375687428393,-0.603193426238603,0.546380020359138,0.925934993518458,"GO:0001540","amyloid-beta binding"
268.234559715981,0.225603320052518,0.133070966517949,1.69536094879185,0.0900069692225601,0.572582796515825,"GO:0001664","G protein-coupled receptor binding"
2338.96843911902,-0.00478527404366837,0.0637326609483023,-0.0750835438606591,0.9401482409592,0.983284844560872,"GO:0001671","ATPase activator activity"
1456.66105614414,0.0371298503583417,0.067875759842832,0.547026662306497,0.584360414791253,0.949442167057694,"GO:0001682","tRNA 5'-leader removal"
1.67161803297887,0.601121845768238,1.62298925144504,0.370379437345642,0.711099792759539,NA,"GO:0001764","neuron migration"
402.346528719109,-0.10564050964627,0.129184744793126,-0.817747558470942,0.413501348103601,0.870944777677854,"GO:0001779","natural killer cell differentiation"
50.7329404433675,-0.0746629245721897,0.284056624071506,-0.262845215513773,0.792669883517945,0.961641767879583,"GO:0001818","negative regulation of cytokine production"
96.5840829318028,0.212533405380988,0.245327903680303,0.866323814750192,0.386312610056272,0.870944777677854,"GO:0001845","phagolysosome assembly"
1834.34045193283,0.0722488289936181,0.0590331183548181,1.22386943138201,0.221001486893521,0.713938397113054,"GO:0001944","vasculature development"
1183.58180156185,0.201369659540168,0.136485976917998,1.4753871722745,0.140108482102095,0.621634573525947,"GO:0002020","protease binding"
3278.58993602493,0.0680094801695518,0.111078452198865,0.612265284789831,0.540362253992498,0.923703906343303,"GO:0002037","negative regulation of L-glutamate import across plasma membrane"
418.007790070185,-0.0436107780861339,0.132054514698711,-0.330248293181298,0.74121235914277,0.961641767879583,"GO:0002098","tRNA wobble uridine modification"
696.193101371828,-0.0335968597400978,0.0946689138150062,-0.354887981558022,0.722673512540343,0.961641767879583,"GO:0002161","aminoacyl-tRNA editing activity"
7.36728671157403,0.156894274902835,0.924135710469414,0.169774063620094,0.865187825022174,NA,"GO:0002218","activation of innate immune response"
17.7323417553862,0.293747780011586,0.619396150697212,0.474248636645439,0.635322614126759,NA,"GO:0002221","pattern recognition receptor signaling pathway"
359.615573458587,0.135664474898182,0.145069058300473,0.935171679526505,0.349699831028381,0.839405267015354,"GO:0002224","toll-like receptor signaling pathway"
526.50330067915,-0.0834432001884872,0.125803082459377,-0.66328422608748,0.507148537108313,0.904545527244242,"GO:0002376","immune system process"
7.1701436250488,0.0845953001055724,0.824441577267992,0.102609211420294,0.91827313177668,NA,"GO:0002693","positive regulation of cellular extravasation"
28.8530114626937,-0.195347071361717,0.394816175276269,-0.494779807906867,0.620755559133062,NA,"GO:0002729",""
781.601646362567,-0.0455894267041725,0.111163177636518,-0.410112662065501,0.681723304694175,0.961641767879583,"GO:0002949","tRNA threonylcarbamoyladenosine modification"
1281.28525540225,-0.114951069650965,0.0637065627413478,-1.8043834842836,0.0711712103453101,0.511813834396273,"GO:0002953","5'-deoxynucleotidase activity"
82.7978579166828,0.0208271711940629,0.254037014603843,0.0819847896045455,0.934658808871226,0.983243115102093,"GO:0003341","cilium movement"
186.885744303505,-0.14439520282376,0.161992033712614,-0.891372245377989,0.372729502321779,0.868855441233355,"GO:0003352","regulation of cilium movement"
131955.091958156,-0.0478176827465868,0.0568742407880917,-0.84076168901755,0.400481453552908,0.870944777677854,"GO:0003676","nucleic acid binding"
599940.343063219,0.0432669335237767,0.0447393449756298,0.967089114678474,0.333499486649615,0.817220475018334,"GO:0003677","DNA binding"
164.430200416827,-0.0779832729153081,0.274003167356412,-0.284607195120014,0.775945098232636,0.961641767879583,"GO:0003678","DNA helicase activity"
20150.1172254944,0.0269082751529789,0.0576078650818977,0.467093774690746,0.640432787920923,0.959831221541006,"GO:0003682","chromatin binding"
2147.31093531597,-0.0354283359342142,0.0683053656675827,-0.518675737812911,0.603986883604553,0.9586317152454,"GO:0003684","damaged DNA binding"
1331.18075585059,0.000623818000076214,0.103265080403062,0.00604093850158586,0.995180057752485,0.99796346076841,"GO:0003690","double-stranded DNA binding"
3823.55497954129,0.0491323966868529,0.0606811200015446,0.809681770633144,0.418123097758911,0.870944777677854,"GO:0003697","single-stranded DNA binding"
8721.48960722043,0.0851073789275046,0.0518801283955184,1.6404619949795,0.100909144324823,0.589555482678875,"GO:0003700","DNA-binding transcription factor activity"
1111.39586421114,0.0640249762614948,0.107895483155569,0.593398114443588,0.552914750482568,0.927233751421414,"GO:0003712","transcription coregulator activity"
12616.7384078215,0.0242629295076429,0.0434226485721151,0.558762081666845,0.576324103892687,0.941936825927376,"GO:0003713","transcription coactivator activity"
5293.81157112046,-0.0966755883986914,0.0739408911575912,-1.30747123662123,0.191052717451309,0.693875013547499,"GO:0003714","transcription corepressor activity"
2.339481693854,-0.389895830407641,1.39130930202321,-0.28023663023072,0.779295965213419,NA,"GO:0003720","telomerase activity"
532257.861794937,0.0203182718300545,0.0384148220506097,0.528917504896577,0.596862678204589,0.957660461302894,"GO:0003723","RNA binding"
422.917199069764,-0.0141224397828114,0.120348551384837,-0.117346155149407,0.906585751133128,0.978055939208236,"GO:0003725","double-stranded RNA binding"
21870.4150823681,0.0547427457038114,0.0629649691357422,0.869415906260431,0.384619686028632,0.870944777677854,"GO:0003729","mRNA binding"
729951.401733288,-0.10142797473451,0.052838753031888,-1.91957548039217,0.0549115436625935,0.496252054696183,"GO:0003735","structural constituent of ribosome"
7794.81673619219,0.0963006996793343,0.122213417213234,0.787971581805228,0.430713328720436,0.872734171362613,"GO:0003743","translation initiation factor activity"
19534.9172126311,-0.041378076982107,0.0471722908106256,-0.877169123463187,0.380394784199856,0.869962837610257,"GO:0003746","translation elongation factor activity"
8741.25818663913,0.0357616264409692,0.053995439260881,0.662308278819355,0.507773672182674,0.904545527244242,"GO:0003747","translation release factor activity"
18504.223106291,-0.00288528727552296,0.0411296296200215,-0.0701510638967299,0.944073423665086,0.983284844560872,"GO:0003755","peptidyl-prolyl cis-trans isomerase activity"
72011.6466154282,0.0593530805263477,0.0382830966088091,1.55037303102305,0.121052007724835,0.612542936699764,"GO:0003756","protein disulfide isomerase activity"
47506.4099323151,-0.00531933536570182,0.0492136715231513,-0.108086537766228,0.913927046894856,0.978055939208236,"GO:0003779","actin binding"
24881.3313190471,-0.0557624104488179,0.038221215267517,-1.45893870873877,0.144581977913642,0.6300872702362,"GO:0003785","actin monomer binding"
18.365076244488,0.17804773229437,0.467183614245686,0.381108683749204,0.7031226041085,NA,"GO:0003796","lysozyme activity"
81709.6424823094,-0.00862963421791469,0.0340645007310567,-0.253332179621439,0.800011531198492,0.961641767879583,"GO:0003824","catalytic activity"
259.377188138363,-0.0785740661435149,0.153424011515851,-0.512136694688087,0.608555344659397,0.9586317152454,"GO:0003839","gamma-glutamylcyclotransferase activity"
357.519966461166,0.0643793583948903,0.208023003383377,0.309481919536764,0.756954963669259,0.961641767879583,"GO:0003847","1-alkyl-2-acetylglycerophosphocholine esterase activity"
3277.91715161312,-0.117040814543463,0.051344782065725,-2.27950747543621,0.0226369161064567,0.390015200417493,"GO:0003860","3-hydroxyisobutyryl-CoA hydrolase activity"
14882.2816513045,0.0722719913488326,0.0715415090316533,1.01021060817792,0.312394397933808,0.811932113666492,"GO:0003872","6-phosphofructokinase activity"
126.185405307979,-0.0784851596247599,0.216586903734447,-0.36237260088906,0.717073611481463,0.961641767879583,"GO:0003887","DNA-directed DNA polymerase activity"
2582.45648535268,0.0257977914815954,0.0730274823210183,0.353261411480571,0.723892472077403,0.961641767879583,"GO:0003899","DNA-directed 5'-3' RNA polymerase activity"
279181.43626339,-0.00969499232753263,0.0306215034943729,-0.316607325610717,0.751541576512883,0.961641767879583,"GO:0003924","GTPase activity"
323.988356598644,0.155155433209749,0.126579692369843,1.22575296483114,0.220291652090055,0.713938397113054,"GO:0003934","GTP cyclohydrolase I activity"
4921.41081296872,0.00115878667914467,0.050411938049574,0.0229863545020852,0.981661157604511,0.991250033380868,"GO:0003950","NAD+-protein poly-ADP-ribosyltransferase activity"
3797.36876938183,-0.0051970801518181,0.120403058022548,-0.0431640212231557,0.965570785248496,0.986977256642072,"GO:0003951","NAD+ kinase activity"
297.377460303694,-0.098404149068176,0.139690737692871,-0.704442905044505,0.481156994527144,0.90117859729686,"GO:0003972","RNA ligase (ATP) activity"
1354.29976195987,0.0023903406777575,0.0780599593723668,0.0306218539822054,0.975571113363541,0.990986265195636,"GO:0003987","acetate-CoA ligase activity"
224.688547472557,-0.0387881416936997,0.14305229814334,-0.27114658203417,0.786278295727905,0.961641767879583,"GO:0003998","acylphosphatase activity"
3630.42571492143,-0.0973643758939133,0.121558635674249,-0.800966343146767,0.423151130720347,0.872683254627749,"GO:0004001","adenosine kinase activity"
3944.81344060047,0.199862894111987,0.152630366068004,1.30945695316579,0.19037961016757,0.693875013547499,"GO:0004013","adenosylhomocysteinase activity"
2309.64507857276,-0.0254505540468873,0.115190885173763,-0.220942429676582,0.825137259578748,0.967926969746985,"GO:0004014","adenosylmethionine decarboxylase activity"
842.246371057717,0.0976492131035501,0.11159017804967,0.875069964133275,0.38153583868594,0.869962837610257,"GO:0004045","aminoacyl-tRNA hydrolase activity"
2562.50617931767,-0.0183623470524614,0.064900600030177,-0.282930312569119,0.777230257471469,0.961641767879583,"GO:0004057","arginyl-tRNA--protein transferase activity"
11378.7922177791,-0.150060798736857,0.0732356573062446,-2.04901279317203,0.0404608639700835,0.431808388878434,"GO:0004066","asparagine synthase (glutamine-hydrolyzing) activity"
1734.22661447143,0.0610558263656042,0.10187649467391,0.599312202103477,0.548964712421212,0.92651799422927,"GO:0004077","biotin--[biotin carboxyl-carrier protein] ligase activity"
6.0191235988518,0.183145941858677,1.0904976751225,0.167947118124854,0.866624881640514,NA,"GO:0004104","cholinesterase activity"
1336.39661576299,0.104787158615135,0.093306032476755,1.12304805845474,0.261417084241694,0.761439468099177,"GO:0004134","4-alpha-glucanotransferase activity"
4546.43504307354,0.0195123299577834,0.0710702552583089,0.274549878663933,0.783662077943274,0.961641767879583,"GO:0004197","cysteine-type endopeptidase activity"
316.779855654619,-0.23638176912055,0.129199624626361,-1.8295855719717,0.0673119328121455,0.508114336819993,"GO:0004222","metalloendopeptidase activity"
3290.13775931421,-0.165626309263533,0.0608977058060205,-2.71974628717718,0.00653320223702398,0.257283726191373,"GO:0004298","threonine-type endopeptidase activity"
4698.59792493073,-0.015847135150238,0.0677209785739781,-0.234006292938113,0.814980093229863,0.965515899517388,"GO:0004325","ferrochelatase activity"
4649.87911381748,0.130318394243168,0.105146498372941,1.23939832766419,0.215198020464868,0.710556473398713,"GO:0004336","galactosylceramidase activity"
127.738730433567,-0.372847145308744,0.184489148218723,-2.02097060400925,0.0432828081913293,0.439697015106425,"GO:0004346","glucose-6-phosphatase activity"
681.11077570849,0.0651876765904021,0.0862988756797933,0.755371099297712,0.450026348988878,0.883605153111839,"GO:0004348","glucosylceramidase activity"
1937.70028062131,-0.0202906781266078,0.0876235402500029,-0.231566518183532,0.816874715291388,0.965515899517388,"GO:0004357","glutamate-cysteine ligase activity"
9689.75905579748,0.0803924290024842,0.0495214095388085,1.62338733390622,0.104506630624144,0.589555482678875,"GO:0004359","glutaminase activity"
7057.82729974284,-0.0976437952499187,0.0461907720945844,-2.11392429314614,0.0345217339768924,0.428360918008313,"GO:0004364","glutathione transferase activity"
2876.19441057019,0.0102022239795042,0.0636412899359012,0.160308252547673,0.872638258357115,0.97320255874164,"GO:0004379","glycylpeptide N-tetradecanoyltransferase activity"
3139.33860200255,0.204880330480046,0.150607379930554,1.36036049876518,0.173715872174369,0.674121914140269,"GO:0004386","helicase activity"
3376.47381796517,-0.165245983552937,0.0866921524123257,-1.90612389881605,0.0566341327030555,0.496252054696183,"GO:0004392","heme oxygenase (decyclizing) activity"
191.619683036341,-0.0295596023644086,0.14781742040099,-0.199973739794817,0.841501118898482,0.971214855714933,"GO:0004402","histone acetyltransferase activity"
8993.15206470997,0.0297530841140272,0.0571669632720463,0.520459412413393,0.602743409776906,0.9586317152454,"GO:0004407","histone deacetylase activity"
743.714586600642,0.0152967820238545,0.114283683034744,0.133849221670639,0.893521804087617,0.977299480184629,"GO:0004408","holocytochrome-c synthase activity"
1.67908833777828,1.23943220253532,2.16435752674748,0.572655943954833,0.566877672732736,NA,"GO:0004411","homogentisate 1,2-dioxygenase activity"
852.583394758033,0.0126671632386643,0.0949268474631737,0.133441313781946,0.893844373871726,0.977299480184629,"GO:0004416","hydroxyacylglutathione hydrolase activity"
778.465238514239,-0.121042750148044,0.0853575800476947,-1.41806679711877,0.156171263898737,0.651466105838734,"GO:0004418","hydroxymethylbilane synthase activity"
276.283679848832,0.118465373641803,0.134106882298357,0.883365354644853,0.377038903249076,0.869962837610257,"GO:0004423","iduronate-2-sulfatase activity"
1663.46076779193,-0.0266182273302065,0.0983848492279299,-0.270552097595226,0.78673554262079,0.961641767879583,"GO:0004430","1-phosphatidylinositol 4-kinase activity"
114.522079996776,-0.0383375132707825,0.215667196964119,-0.177762375597439,0.858909596600438,0.971214855714933,"GO:0004467","long-chain fatty acid-CoA ligase activity"
861.180939375725,0.115955582628417,0.147087438741111,0.788344563076599,0.43049518801788,0.872734171362613,"GO:0004482","mRNA 5'-cap (guanine-N7-)-methyltransferase activity"
1960.1479457166,-0.11103718251143,0.119387036754601,-0.930060629108888,0.352339693981808,0.839726014187191,"GO:0004489","methylenetetrahydrofolate reductase (NAD(P)H) activity"
7908.65516707179,0.0209911401651876,0.0561146855473185,0.374075698018247,0.70834799850398,0.961641767879583,"GO:0004497","monooxygenase activity"
1006.25500045256,0.272612363665608,0.16464614798045,1.65574698837156,0.0977730672821336,0.581714580160608,"GO:0004518","nuclease activity"
94.4678954623907,0.0308301867587749,0.216219706270539,0.142587312186057,0.886616118494141,0.976388716895698,"GO:0004519","endonuclease activity"
3673.4632831836,-0.123303211686154,0.0925204853646466,-1.3327125468504,0.182626154210783,0.690252414725017,"GO:0004521","RNA endonuclease activity"
9.8676867278702,0.363781053855104,0.653223197822137,0.556901615049739,0.577594651110918,NA,"GO:0004531","deoxyribonuclease II activity"
10278.0218045818,-0.0994269811190589,0.0420470525312081,-2.36465994959486,0.01804663261971,0.364357513859288,"GO:0004550","nucleoside diphosphate kinase activity"
746.631392142453,0.0132244985633783,0.0787837036695698,0.167858299970813,0.866694756369554,0.971214855714933,"GO:0004553","hydrolase activity, hydrolyzing O-glycosyl compounds"
1414.61555294906,-0.23196353759578,0.113357499498641,-2.04630076194085,0.0407267887938548,0.431808388878434,"GO:0004602","glutathione peroxidase activity"
201.397637942327,0.149050291557992,0.208515756770253,0.714815483811224,0.474723066180288,0.900449485621785,"GO:0004605","phosphatidate cytidylyltransferase activity"
2349.85069400608,-0.0970673037076393,0.0629925734392173,-1.54093250057963,0.123333214839018,0.612542936699764,"GO:0004615","phosphomannomutase activity"
199.795341871143,0.00810335811008862,0.168398058882101,0.0481202584155793,0.961620401025672,0.986977256642072,"GO:0004620","phospholipase activity"
21.5077256843951,-0.455925602892494,0.506848268531769,-0.8995307495342,0.368370024678507,NA,"GO:0004623","phospholipase A2 activity"
1647.87003322639,-0.0336295623898807,0.104448271149282,-0.321973375143909,0.747472864913988,0.961641767879583,"GO:0004645","1,4-alpha-oligoglucan phosphorylase activity"
682.94530843687,-0.0380624298622456,0.0936864027046009,-0.406274857006291,0.684540657343707,0.961641767879583,"GO:0004657","proline dehydrogenase activity"
7544.77248880276,-0.035648120554449,0.0534332620085968,-0.667152242150472,0.504674893074675,0.904545527244242,"GO:0004672","protein kinase activity"
1505.34952090198,0.15665152232362,0.103760649544526,1.50973922205834,0.131109978918488,0.612542936699764,"GO:0004674","protein serine/threonine kinase activity"
3078.961613324,0.180302626461644,0.0755215183692637,2.38743381164625,0.0169664575569161,0.364357513859288,"GO:0004715","non-membrane spanning protein tyrosine kinase activity"
4425.18263097272,-0.0722163674096779,0.0547699613881872,-1.31853968086334,0.187323050746961,0.690252414725017,"GO:0004719","protein-L-isoaspartate (D-aspartate) O-methyltransferase activity"
67.9836486788932,0.0575131743372933,0.279981815844457,0.205417534577476,0.837245921765603,0.971214855714933,"GO:0004721","phosphoprotein phosphatase activity"
26657.5000031605,0.0410384164165191,0.0410210149831189,1.00042420777271,0.317105259681867,0.811932113666492,"GO:0004725","protein tyrosine phosphatase activity"
233.142202395301,-0.132584424579843,0.207365485606066,-0.639375565284353,0.522578640813652,0.915619779561209,"GO:0004733","pyridoxamine phosphate oxidase activity"
3569.53773281817,-0.215609828301522,0.0679065323869985,-3.1750970153028,0.00149786413285824,0.0991649095912663,"GO:0004735","pyrroline-5-carboxylate reductase activity"
2351.98075461595,-0.0515819963071975,0.0750418405471144,-0.687376481321938,0.491845514293646,0.904545527244242,"GO:0004739","pyruvate dehydrogenase (acetyl-transferring) activity"
432.708604513977,-0.0876691651637755,0.128163972172461,-0.684039076487155,0.493950490853999,0.904545527244242,"GO:0004751","ribose-5-phosphate isomerase activity"
1469.73600299754,-0.0681607524391555,0.0676895574796857,-1.00696111744579,0.313953459717877,0.811932113666492,"GO:0004792","thiosulfate sulfurtransferase activity"
3101.44990089366,-0.211488968710996,0.0505523183488833,-4.1835661670632,2.86971513938764e-05,0.00429590388652847,"GO:0004799","thymidylate synthase activity"
163.487913502615,0.100984879957891,0.199681997677818,0.505728513998682,0.61304724831415,0.959824225279156,"GO:0004800","thyroxine 5'-deiodinase activity"
22472.4461530137,0.102760717600712,0.0648718118174593,1.58405807887511,0.113180502986025,0.612542936699764,"GO:0004842","ubiquitin-protein transferase activity"
69315.9441357362,0.0706261303285542,0.0419757329748531,1.68254668407732,0.0924628803075382,0.57493836101003,"GO:0004843","cysteine-type deubiquitinase activity"
325.252988934507,0.032114699340394,0.134394235027753,0.238958905742961,0.81113744816178,0.962425637919358,"GO:0004853","uroporphyrinogen decarboxylase activity"
139.54870208184,-0.068909452236749,0.187381784358562,-0.367748938204625,0.713060446241043,0.961641767879583,"GO:0004860","protein kinase inhibitor activity"
1077.77922585618,-0.206456142955669,0.089108616315264,-2.31690437460316,0.0205089414204997,0.38417972328495,"GO:0004862","cAMP-dependent protein kinase inhibitor activity"
841.044702611908,0.0688761030504432,0.0900646081003746,0.764741050931823,0.44442575636266,0.878279726245205,"GO:0004864","protein phosphatase inhibitor activity"
2601.02182496312,0.0875227486318523,0.0693974368958896,1.26118128488166,0.207243539864917,0.710556473398713,"GO:0004865","protein serine/threonine phosphatase inhibitor activity"
2059.03932322774,-0.0598216531618795,0.101630291670571,-0.588620303834101,0.556116010526024,0.927233751421414,"GO:0004866","endopeptidase inhibitor activity"
561.275904363943,-0.0416764687634996,0.133702480585742,-0.311710512631611,0.755260537834565,0.961641767879583,"GO:0004867","serine-type endopeptidase inhibitor activity"
5095.99231788179,-0.0981596465253408,0.07655716178931,-1.28217457689304,0.199781412383392,0.703060544855597,"GO:0004869","cysteine-type endopeptidase inhibitor activity"
2.34629155868342,0.0237375779650844,1.69033772772179,0.0140430977643015,0.988795597376645,NA,"GO:0004908","interleukin-1 receptor activity"
2.0135838802168,1.60129990601498,1.66503438234723,0.961721825682426,0.336189355792235,NA,"GO:0004911","interleukin-2 receptor activity"
75.9407501056065,-0.35610534375011,0.268583205274227,-1.3258660137983,0.184884082147107,0.690252414725017,"GO:0004930","G protein-coupled receptor activity"
2420.88067352709,0.205046954855167,0.0765823870855147,2.6774688366165,0.00741807529244872,0.276054136039417,"GO:0004998","transferrin receptor activity"
5003.43893589277,0.00236635455776502,0.0899124725604224,0.0263184238001552,0.979003359933295,0.990986265195636,"GO:0005044","scavenger receptor activity"
5022.30272660873,0.29799309522874,0.13483767921736,2.21001352855066,0.0271042234000547,0.394695439454873,"GO:0005049","nuclear export signal receptor activity"
1483.55635649951,0.112612824354801,0.0732758686491528,1.53683370024578,0.124334038514156,0.612542936699764,"GO:0005078","MAP-kinase scaffold activity"
45235.5033143727,0.0877453825782919,0.037253326662618,2.35537039075601,0.0185042510061549,0.364357513859288,"GO:0005085","guanyl-nucleotide exchange factor activity"
1301.1533913656,0.419428812059358,0.325827951275673,1.28727081399009,0.197999912585688,0.699768921830614,"GO:0005093","Rab GDP-dissociation inhibitor activity"
47995.0138434829,0.0462175088988916,0.0349571828058664,1.32211766478892,0.186128972395045,0.690252414725017,"GO:0005096","GTPase activator activity"
4545.35500262301,0.0273168125691365,0.0719046065876879,0.379903511965169,0.704017040281518,0.961641767879583,"GO:0005102","signaling receptor binding"
2.17573399858967,1.19580668029597,1.45616083436412,0.821205083996204,0.411529461146949,NA,"GO:0005109","frizzled binding"
182.739019066266,-0.403380404928215,0.159000945738156,-2.53696858880642,0.0111816986479862,0.330259456495878,"GO:0005125","cytokine activity"
7.01629051298793,0.297161053322608,1.00428993857591,0.295891696121126,0.767312792813039,NA,"GO:0005127","ciliary neurotrophic factor receptor binding"
366.625531036854,0.265443148635082,0.174137685833436,1.52432913854719,0.127426511741472,0.612542936699764,"GO:0005179","hormone activity"
57369.2678911182,0.0759313091089086,0.0445153198328646,1.70573432683394,0.0880575554146607,0.568934361936909,"GO:0005198","structural molecule activity"
539.604357823001,-0.0106093887698301,0.128995239858577,-0.0822463587141788,0.934450809368089,0.983243115102093,"GO:0005200","structural constituent of cytoskeleton"
27698.0998647126,0.115635474769864,0.0520149062883802,2.22312185143158,0.0262075845663033,0.394695439454873,"GO:0005201","extracellular matrix structural constituent"
309.784266404984,-0.503485543291526,0.118094969743273,-4.26339533670279,2.01343831110864e-05,0.00416278370821711,"GO:0005212","structural constituent of eye lens"
676.331680980002,0.158676185345607,0.192022852957693,0.826340109531476,0.408611186799142,0.870944777677854,"GO:0005254","chloride channel activity"
740.95149578618,-0.0245067655555334,0.0965522712114216,-0.253818633658764,0.799635677181373,0.961641767879583,"GO:0005261","monoatomic cation channel activity"
1454.62835196069,-0.154895913901002,0.113851561199943,-1.36050759663258,0.173669350590276,0.674121914140269,"GO:0005267","potassium channel activity"
8135.58833948903,0.0257618953547416,0.0835044024468423,0.308509427046572,0.757694728102418,0.961641767879583,"GO:0005315","phosphate transmembrane transporter activity"
234.439793214676,-0.133826684809366,0.160822039075285,-0.832141450132452,0.405329107668723,0.870944777677854,"GO:0005484","SNAP receptor activity"
23.5389130938134,-0.123334876325101,0.408650713545683,-0.301810010938139,0.762796898916411,NA,"GO:0005501","retinoid binding"
11.0461320119919,0.286315648518312,0.678371326538401,0.422063311518967,0.672978806323714,NA,"GO:0005502","11-cis retinal binding"
17750.6044183072,0.100076447078997,0.0483368409237138,2.07039693050979,0.0384151890574142,0.431808388878434,"GO:0005506","iron ion binding"
3357.9664164543,0.105367550165456,0.062597731938586,1.68324868812869,0.0923269590744863,0.57493836101003,"GO:0005507","copper ion binding"
302275.626734545,0.0223027783081114,0.0365484433191951,0.610225122677059,0.541712689935311,0.923703906343303,"GO:0005509","calcium ion binding"
2638838.0184599,0.0477132763997658,0.0367263599333115,1.29915615068862,0.193890346368636,0.694144227042692,"GO:0005515","protein binding"
15570.5062495467,0.0034665872021925,0.0470224279455547,0.073721995091498,0.941231596858032,0.983284844560872,"GO:0005516","calmodulin binding"
4105.85143357076,0.144308419281964,0.138964338303906,1.03845649209922,0.299057580774654,0.808237317975944,"GO:0005523","tropomyosin binding"
1482371.72060864,0.0726188739849961,0.0472834267575648,1.53582087773234,0.124582317787827,0.612542936699764,"GO:0005524","ATP binding"
101797.554219142,0.0406620306960757,0.0364462788889369,1.11567029435256,0.264563290497251,0.761439468099177,"GO:0005525","GTP binding"
2128.92857574635,0.129167717778393,0.101297072658035,1.2751377151287,0.202260502207057,0.704284485131733,"GO:0005537","D-mannose binding"
1680.82673152161,-0.108160762275622,0.0849024369896116,-1.27394178672229,0.202684047716267,0.704284485131733,"GO:0005540","hyaluronic acid binding"
4531.28374475157,0.108386052938219,0.0537821211612068,2.01528036823505,0.0438752807259907,0.439697015106425,"GO:0005543","phospholipid binding"
11145.7657763271,0.0204156998243699,0.0493023828566499,0.414091543683192,0.678807065592141,0.961641767879583,"GO:0005544","calcium-dependent phospholipid binding"
6022.77812639207,-0.0391577178479783,0.0836727295453747,-0.467986619544226,0.639794158383306,0.959831221541006,"GO:0005548","phospholipid transporter activity"
348094.883934134,0.179271401155884,0.0501124692290005,3.57738111719584,0.000347053977307449,0.0358767049041575,"GO:0005576","extracellular region"
75.436735504703,-0.106544174231898,0.231468773909726,-0.460296101423387,0.645303699125513,0.959831221541006,"GO:0005604","basement membrane"
46462.6311476354,-0.0200047440390808,0.126506305054323,-0.158132387397533,0.874352480223747,0.97320255874164,"GO:0005615","extracellular space"
678919.399162328,0.015925080565465,0.0307751382262631,0.517465768906758,0.604831058665145,0.9586317152454,"GO:0005634","nucleus"
1816.20979416701,0.0576050897495976,0.0619055483287458,0.930531936227898,0.352095736733472,0.839726014187191,"GO:0005637","nuclear inner membrane"
8055.75491321189,0.0881316377624889,0.0448521474520033,1.96493685964088,0.049421545901026,0.475251377443588,"GO:0005643","nuclear pore"
4442.56899170905,0.0145659898101707,0.0462772019695717,0.314755196732685,0.75294753168796,0.961641767879583,"GO:0005654","nucleoplasm"
3057.73272356618,0.141647734271647,0.093488653919344,1.51513288868029,0.129738754311043,0.612542936699764,"GO:0005669","transcription factor TFIID complex"
1440.54777635436,0.199767560392939,0.122924507171689,1.62512394793596,0.104136151093186,0.589555482678875,"GO:0005680","anaphase-promoting complex"
168.448421089393,-0.215309378223349,0.219653042741983,-0.980224883459791,0.32697512414328,0.817220475018334,"GO:0005681","spliceosomal complex"
4614.09084690297,0.0697321398949571,0.119561591762087,0.583231946541121,0.559737167967336,0.929523369295154,"GO:0005694","chromosome"
9430.76181191591,0.0291506573070133,0.0440327031251548,0.662022888400877,0.507956553087487,0.904545527244242,"GO:0005730","nucleolus"
337241.767625837,-0.00808040602920674,0.0380389227627284,-0.212424680888286,0.831775732557284,0.971214855714933,"GO:0005737","cytoplasm"
49525.8466859963,-0.0599334184824506,0.0330231031454172,-1.81489359793154,0.0695402625902921,0.511813834396273,"GO:0005739","mitochondrion"
4798.22596555009,0.0107245265557277,0.0597436474592492,0.179509069362443,0.857537996674683,0.971214855714933,"GO:0005741","mitochondrial outer membrane"
3760.64437586827,-0.187845264445318,0.0766968375557658,-2.44919178458612,0.0143177189462939,0.353589716912267,"GO:0005742","mitochondrial outer membrane translocase complex"
7892.3503935311,-0.10677774126799,0.057669688062077,-1.85154012196238,0.064091888219143,0.507506941012625,"GO:0005743","mitochondrial inner membrane"
9454.23097705372,0.0145311582991815,0.0784410792264312,0.18524934183064,0.853033469588224,0.971214855714933,"GO:0005758","mitochondrial intermembrane space"
644.124492744656,-0.100577327809236,0.109682771442509,-0.916983829697942,0.359151113658287,0.84862277427258,"GO:0005759","mitochondrial matrix"
3039.23072740825,0.0306657383990742,0.0797385898802224,0.384578388521016,0.700549808372024,0.961641767879583,"GO:0005761","mitochondrial ribosome"
898.200791224557,-0.0418958028993937,0.0834091763593882,-0.502292490203665,0.615461791027641,0.959824225279156,"GO:0005762","mitochondrial large ribosomal subunit"
2686.97528108151,-0.112647112755895,0.0522428718293112,-2.1562197637974,0.0310665089997165,0.414387144238153,"GO:0005763","mitochondrial small ribosomal subunit"
3223.49352573902,-0.0247124256145423,0.0518018726678316,-0.477056607065259,0.63332181305415,0.959831221541006,"GO:0005764","lysosome"
3198.82765964247,0.0402052892470513,0.0745548028937879,0.539271618816141,0.58969944907543,0.954366818758084,"GO:0005765","lysosomal membrane"
13292.3449642586,-0.00835837001623853,0.0503250876667503,-0.166087540106977,0.868088059524353,0.971459844690988,"GO:0005768","endosome"
38.3511569592225,-0.305109683097317,0.373092203032255,-0.817786275396751,0.413479236242943,NA,"GO:0005769","early endosome"
1746.60693972573,-0.00903449130473633,0.0718523970304012,-0.125736811548734,0.899940261695498,0.977299480184629,"GO:0005777","peroxisome"
41276.248222731,0.00097603109463321,0.0363517697332016,0.0268496170006755,0.978579678821099,0.990986265195636,"GO:0005783","endoplasmic reticulum"
35318.0642939449,-0.0536537682098562,0.0403107150042988,-1.33100512367827,0.183187325035127,0.690252414725017,"GO:0005789","endoplasmic reticulum membrane"
27244.9857387704,0.0593096968468816,0.0366815248854408,1.61688198710687,0.105903757332705,0.591773022392883,"GO:0005794","Golgi apparatus"
2334.00169890665,0.0521194398300175,0.141478031949667,0.368392457201835,0.712580620901621,0.961641767879583,"GO:0005802","trans-Golgi network"
2426.54140312303,0.0212526795406771,0.0541097274839039,0.392770034685522,0.694489338541,0.961641767879583,"GO:0005811","lipid droplet"
11090.8114801376,0.254881812193347,0.11458653733203,2.2243608902745,0.026124172974609,0.394695439454873,"GO:0005813","centrosome"
651.045510482264,-0.10882736536061,0.0860918876919643,-1.2640838559609,0.206199930471442,0.710556473398713,"GO:0005814","centriole"
47.593243192132,0.0922935074172361,0.290299838659605,0.317924763042863,0.750542008198331,0.961641767879583,"GO:0005815","microtubule organizing center"
37267.5889153541,0.0758862747572783,0.0493466499780975,1.53782019227162,0.124092585022131,0.612542936699764,"GO:0005829","cytosol"
1312.27161744263,-0.225338363047763,0.0975850376396531,-2.30914870248713,0.020935330988122,0.38417972328495,"GO:0005840","ribosome"
14075.7701206678,0.0770510216439486,0.0591176009314507,1.30335163183114,0.192454741403775,0.693875013547499,"GO:0005852","eukaryotic translation initiation factor 3 complex"
2310.38195320281,0.0772628573550042,0.107434744983451,0.719160801907297,0.472041848010339,0.898505507722506,"GO:0005854","nascent polypeptide-associated complex"
114305.434100874,0.00311643828175095,0.0393921886763773,0.0791131030406495,0.936942661461834,0.983243115102093,"GO:0005856","cytoskeleton"
20.3605747652722,-0.0285887286062965,0.490398414820024,-0.0582969433471528,0.953512102231925,NA,"GO:0005861","troponin complex"
326.4779735746,-0.0569745874303005,0.165955703520357,-0.343312017735574,0.731363740780271,0.961641767879583,"GO:0005868","cytoplasmic dynein complex"
1528.85724489484,0.0500884480496069,0.0790159915192603,0.633902670668857,0.526144342562635,0.919918332556659,"GO:0005869","dynactin complex"
38952.863356533,0.0901553773068036,0.0415208660886804,2.17132699289676,0.0299064632763648,0.405453198845143,"GO:0005874","microtubule"
46.3107165784569,0.537331106412077,0.293014804518893,1.8338019039493,0.0666834050202637,0.508114336819993,"GO:0005881","cytoplasmic microtubule"
14215.6978359721,0.0550064443112132,0.0541310827511681,1.01617114448032,0.309547894797048,0.811932113666492,"GO:0005882","intermediate filament"
388.643265626824,0.0939281728854577,0.110025814846388,0.853692135946417,0.393275592585194,0.870944777677854,"GO:0005884","actin filament"
136531.594051521,0.0806235780261973,0.039989322421122,2.01612763470112,0.0437866310237914,0.439697015106425,"GO:0005886","plasma membrane"
373.099001394001,0.278118935479042,0.126328000495501,2.20156207957196,0.0276962570152158,0.394695439454873,"GO:0005923","bicellular tight junction"
133.05729528345,-0.321213942450627,0.210410595882449,-1.52660535513183,0.126859174604882,0.612542936699764,"GO:0005929","cilium"
2.6813437234388,1.60595609177728,1.23858958422124,1.29660067566854,0.194768619869128,NA,"GO:0005930","axoneme"
234.272351927002,-0.147635899524643,0.137351843376609,-1.0748738123582,0.282431227954701,0.787837298814442,"GO:0005952","cAMP-dependent protein kinase complex"
107223.981409803,0.0335866998501226,0.0342327503084049,0.981127708043845,0.326529768160799,0.817220475018334,"GO:0005975","carbohydrate metabolic process"
774.24251643613,-0.00292446480468119,0.0812555632589327,-0.0359909486487954,0.971289576211761,0.989232117644245,"GO:0006012","galactose metabolic process"
158132.147789699,0.0926062761015731,0.0416165138080479,2.22522906480611,0.026065864631298,0.394695439454873,"GO:0006096","glycolytic process"
88.4520395714124,-0.0770065127373506,0.214733037868446,-0.358615113453235,0.719883038975685,0.961641767879583,"GO:0006103","2-oxoglutarate metabolic process"
9369.9298127923,-0.0320893349628812,0.0653739484372451,-0.49085814349557,0.623526782992625,0.959824225279156,"GO:0006120","mitochondrial electron transport, NADH to ubiquinone"
4934.57833196692,-0.132356044258228,0.0657551679698693,-2.01286147301573,0.044129204660016,0.439697015106425,"GO:0006122","mitochondrial electron transport, ubiquinol to cytochrome c"
9784.31338760951,-0.143864863842089,0.0679742552875745,-2.11646105181217,0.034305614370583,0.428360918008313,"GO:0006123","mitochondrial electron transport, cytochrome c to oxygen"
1596.55636936108,-0.197080395371912,0.0791879571275525,-2.48876726361893,0.012818684928061,0.353368414516882,"GO:0006166","purine ribonucleoside salvage"
3448.79433215232,0.141446590149132,0.106831618369889,1.32401429752186,0.185498296362466,0.690252414725017,"GO:0006189","'de novo' IMP biosynthetic process"
1267.91872842268,0.232829907453896,0.128004200351437,1.81892396354697,0.0689230312975556,0.511813834396273,"GO:0006207","'de novo' pyrimidine nucleobase biosynthetic process"
1016.18864188547,0.0615020576998518,0.078384025699529,0.784624892010634,0.432673531147124,0.872734171362613,"GO:0006241","CTP biosynthetic process"
285.761275569677,-0.0708490759004088,0.148957019652511,-0.475634354565407,0.634334895850737,0.959831221541006,"GO:0006260","DNA replication"
3892.84525501938,0.0322564932707226,0.0819209404494205,0.393751501066304,0.693764514185025,0.961641767879583,"GO:0006269","DNA replication, synthesis of primer"
1572.77146780703,-0.0823162091885907,0.0710520925339337,-1.15853321489831,0.246646505186956,0.747167251976603,"GO:0006270","DNA replication initiation"
1489.94242113056,-0.0573242596962409,0.0701018362794485,-0.817728361176274,0.413512312247777,0.870944777677854,"GO:0006275","regulation of DNA replication"
12988.5589915231,0.0597163680443389,0.0460885580435008,1.29568748902874,0.195083173382143,0.695404243047552,"GO:0006281","DNA repair"
588.629347783375,-0.0147089580281435,0.111949786648849,-0.131388888433355,0.895467678208856,0.977299480184629,"GO:0006284","base-excision repair"
4104.37061769469,-0.105480228458368,0.0680585769006355,-1.54984475523736,0.121178782025094,0.612542936699764,"GO:0006289","nucleotide-excision repair"
649.897003592252,0.0638995124689788,0.0913026974315994,0.699864453805978,0.484011958126365,0.90117859729686,"GO:0006302","double-strand break repair"
59.840660767046,-0.326614357969736,0.306570798981882,-1.06537987001508,0.286704062400129,0.788483264870154,"GO:0006303","double-strand break repair via nonhomologous end joining"
282.644134643294,-0.0179673028564295,0.127394313326688,-0.141036930042194,0.887840767963198,0.976388716895698,"GO:0006307","DNA alkylation repair"
2.17214650215396,-0.200642431672959,1.47593994995988,-0.13594213753643,0.891867023721495,NA,"GO:0006310","DNA recombination"
15559.7690631615,0.0573360944634376,0.050167553044711,1.14289198861937,0.253083439214812,0.753637972480997,"GO:0006325","chromatin organization"
1093.97190759103,0.132788297118204,0.0901055367742455,1.47369742051365,0.140563077689664,0.621634573525947,"GO:0006338","chromatin remodeling"
13898.2559569292,0.109682150814151,0.0676197320310075,1.62204355917671,0.104794021709546,0.589555482678875,"GO:0006351","DNA-templated transcription"
2918.63721907346,0.047635821363292,0.059998554125364,0.793949488578662,0.427224837685187,0.872734171362613,"GO:0006352","DNA-templated transcription initiation"
299774.116613547,0.0721152945811708,0.0517633797622467,1.3931720631922,0.163567765590511,0.660553489876895,"GO:0006355","regulation of DNA-templated transcription"
33715.7486294806,0.0505699447352181,0.0558954355020654,0.904724049128297,0.365611597178617,0.861426754606029,"GO:0006357","regulation of transcription by RNA polymerase II"
815.549124317662,-0.0590159409956241,0.0862158881324323,-0.684513519190017,0.493650955493835,0.904545527244242,"GO:0006360","transcription by RNA polymerase I"
11667.1560144834,-0.0222839014371481,0.0584811603400568,-0.381044105615747,0.703170521326644,0.961641767879583,"GO:0006364","rRNA processing"
7209.59604237783,-0.027623969868732,0.0858198705077102,-0.32188314553854,0.747541222144014,0.961641767879583,"GO:0006366","transcription by RNA polymerase II"
6519.90338704886,0.0316307446763171,0.104164818053457,0.303660537861107,0.761386525341102,0.961641767879583,"GO:0006367","transcription initiation at RNA polymerase II promoter"
6267.14108143405,0.0579833619079823,0.0594030944210163,0.976100024302241,0.329014899330048,0.817220475018334,"GO:0006368","transcription elongation by RNA polymerase II"
268.845767562649,0.0806841314554338,0.174391026870165,0.462662173068706,0.64360653616028,0.959831221541006,"GO:0006383","transcription by RNA polymerase III"
591.112545336439,0.0164207780347669,0.115427050658224,0.14226108993626,0.886873779609051,0.976388716895698,"GO:0006384","transcription initiation at RNA polymerase III promoter"
15548.3991583538,-0.00877564669945392,0.0488017557122208,-0.179822356211999,0.857292031986334,0.971214855714933,"GO:0006396","RNA processing"
8435.6497002675,0.0483490389263093,0.0499156934878593,0.968613987864739,0.332737821625898,0.817220475018334,"GO:0006397","mRNA processing"
1381.71792595678,-0.0216452682294354,0.0786138106062547,-0.275336713263372,0.783057560953025,0.961641767879583,"GO:0006400","tRNA modification"
4315.39822138639,-0.0575985095911496,0.0488406487932597,-1.17931499712384,0.23827276864479,0.732533753417252,"GO:0006402","mRNA catabolic process"
1886.7469300814,-0.126046153664505,0.0658829976014946,-1.91318182616581,0.0557247792787538,0.496252054696183,"GO:0006406","mRNA export from nucleus"
1175.26649895789,-0.0282590071537012,0.0849713059372496,-0.33257117613998,0.739458004069195,0.961641767879583,"GO:0006408","snRNA export from nucleus"
595.145373939508,-0.0679859797135223,0.10988610764999,-0.61869494850133,0.536117338435093,0.923703906343303,"GO:0006412","translation"
514.418635649318,-0.0852650686216091,0.118714540966087,-0.718236097513672,0.472611724134571,0.898505507722506,"GO:0006450","regulation of translational fidelity"
17961.0011298771,0.0406318219695243,0.0791172513985748,0.513564630358939,0.607556413589487,0.9586317152454,"GO:0006457","protein folding"
3587.95010330904,-0.0903431998645414,0.107092011666149,-0.84360353735981,0.39889098694422,0.870944777677854,"GO:0006468","protein phosphorylation"
25142.9209317043,0.0812512701687004,0.0360369100635948,2.25466806186532,0.0241541718001991,0.394695439454873,"GO:0006470","protein dephosphorylation"
21614.9649042058,0.00849118752601036,0.0481138071467721,0.176481306085545,0.859915833764124,0.971214855714933,"GO:0006486","protein glycosylation"
539.102962988746,0.0196425775830925,0.130912272471214,0.150043821043681,0.88073004238117,0.975507780731366,"GO:0006488","dolichol-linked oligosaccharide biosynthetic process"
841.600009275855,-0.0847443158412257,0.0805932429740794,-1.05150646275,0.293026042747582,0.79453290935164,"GO:0006506","GPI anchor biosynthetic process"
159872.111176671,-0.0049686839676124,0.0335660558853121,-0.148027042098402,0.88232142682837,0.975507780731366,"GO:0006508","proteolysis"
60674.9245185128,0.0133850438188073,0.0330438741914695,0.405068840937021,0.685426909467157,0.961641767879583,"GO:0006511","ubiquitin-dependent protein catabolic process"
782.326156316649,0.109920535742698,0.113689255264839,0.96685069742641,0.333618676254825,0.817220475018334,"GO:0006520","amino acid metabolic process"
2854.62380830513,-0.264873954705397,0.103166080708242,-2.56745194628911,0.0102448988065353,0.313797456037209,"GO:0006564","L-serine biosynthetic process"
2155.84594251232,0.0299753364851082,0.066149976960094,0.453142054806629,0.650446454281923,0.961641767879583,"GO:0006597","spermine biosynthetic process"
18577.225388913,0.00591542325103426,0.0526250762504538,0.112406929785365,0.910500760978701,0.978055939208236,"GO:0006606","protein import into nucleus"
2560.50056076746,-0.170630639553536,0.0814884294827031,-2.09392475271296,0.0362666838808933,0.428360918008313,"GO:0006614","SRP-dependent cotranslational protein targeting to membrane"
46356.6092642734,0.0143251583297046,0.0320851285142536,0.446473459607329,0.655255279818219,0.961641767879583,"GO:0006629","lipid metabolic process"
2049.22609984059,-0.0490341513818434,0.0595583699733507,-0.823295724912949,0.410339844152099,0.870944777677854,"GO:0006631","fatty acid metabolic process"
2580.07999205238,-0.0431866988026372,0.0928091730726227,-0.465327912886842,0.641696648660942,0.959831221541006,"GO:0006633","fatty acid biosynthetic process"
1194.91526860174,-0.0172099642252961,0.0830337785761206,-0.207264615923975,0.835803206507002,0.971214855714933,"GO:0006637","acyl-CoA metabolic process"
5480.08267657256,-0.0155419636539002,0.0907758545954505,-0.171212529181512,0.864056656097475,0.971214855714933,"GO:0006644","phospholipid metabolic process"
4396.10516453465,0.116758227719787,0.0789368913572337,1.47913384619355,0.139104545851037,0.621634573525947,"GO:0006661","phosphatidylinositol biosynthetic process"
241.837442775921,-0.0445076333593382,0.146675786106502,-0.303442269107874,0.761552837090374,0.961641767879583,"GO:0006729","tetrahydrobiopterin biosynthetic process"
1787.33502868445,0.131391323113414,0.0808598238153002,1.62492715063958,0.104178082238627,0.589555482678875,"GO:0006730","one-carbon metabolic process"
1042.26152792152,-0.102961212411119,0.0910410518431817,-1.1309317096695,0.258083835601282,0.761439468099177,"GO:0006744","ubiquinone biosynthetic process"
7891.94829985479,-0.105883301928444,0.055752646953497,-1.89916188224678,0.0575431947975234,0.496252054696183,"GO:0006750","glutathione biosynthetic process"
1118.43640385704,0.520760752956796,0.173693752944698,2.99815476451015,0.00271619701546254,0.139510686901304,"GO:0006751","glutathione catabolic process"
98.5108363870771,0.0888820084090643,0.201576593431102,0.440934172446186,0.659260653594578,0.961641767879583,"GO:0006777","Mo-molybdopterin cofactor biosynthetic process"
1035.6478367283,0.0548995737705498,0.0879490906749102,0.624219913466499,0.532483170781412,0.921262724343572,"GO:0006779","porphyrin-containing compound biosynthetic process"
1.68045129348155,3.08693963328902,1.82504471383088,1.69143233033965,0.0907542618633136,NA,"GO:0006811","monoatomic ion transport"
7875.88118063925,-0.0478969580739568,0.055959508150122,-0.855921712990474,0.392041083914217,0.870944777677854,"GO:0006813","potassium ion transport"
17.6660188415267,-0.419050107314118,0.524653070105836,-0.798718488828408,0.42445366361747,NA,"GO:0006814","sodium ion transport"
3.51812167179891,0.437896751091724,1.13639223043158,0.385339444749123,0.699985940933771,NA,"GO:0006821","chloride transport"
6.3534608876487,0.964037819264994,0.905466317829548,1.06468656015372,0.287017793988135,NA,"GO:0006836","neurotransmitter transport"
824.548217350039,-0.125378171933033,0.105778781031352,-1.18528660200642,0.235904148983741,0.730684386552635,"GO:0006851","mitochondrial calcium ion transmembrane transport"
5236.20020220436,0.0817218434702246,0.0747396762076712,1.09341982219929,0.274209514285968,0.778474421025769,"GO:0006869","lipid transport"
3509.00979128758,0.043852621654172,0.0770007679737437,0.569508886835066,0.569010841535782,0.933584525226302,"GO:0006879","intracellular iron ion homeostasis"
115409.006669906,0.0226056979926451,0.0367611563681724,0.614934355335378,0.538598073285022,0.923703906343303,"GO:0006886","intracellular protein transport"
7435.80678266172,0.104844044769519,0.0475784606982682,2.20360312693628,0.0275522671923178,0.394695439454873,"GO:0006887","exocytosis"
10562.4242042032,-0.093042636401859,0.0502424584167947,-1.85187268564783,0.0640441070441875,0.507506941012625,"GO:0006888","endoplasmic reticulum to Golgi vesicle-mediated transport"
5100.76616050887,0.0672614761949341,0.0669519118368207,1.00462368212678,0.315078089371923,0.811932113666492,"GO:0006890","retrograde vesicle-mediated transport, Golgi to endoplasmic reticulum"
2721.28156221811,0.125416133331981,0.0675013259218803,1.85798029326307,0.063171812869347,0.507506941012625,"GO:0006895","Golgi to endosome transport"
2758.99647197263,0.0114985163663781,0.0664756052481176,0.172973473854962,0.862672278109338,0.971214855714933,"GO:0006897","endocytosis"
14458.1354957271,0.00487672841995762,0.0501493297746456,0.0972441394904381,0.922532515879388,0.983243115102093,"GO:0006913","nucleocytoplasmic transport"
9696.99424374619,-0.0225040161056202,0.0500099451132968,-0.44999081791907,0.652717061365012,0.961641767879583,"GO:0006914","autophagy"
3550.39358642187,-0.0298958598410678,0.0524757297113426,-0.569708320503941,0.568875545753751,0.933584525226302,"GO:0006915","apoptotic process"
2.00265171115965,-0.464671289008551,1.3205613509631,-0.351874063760583,0.724932710959995,NA,"GO:0006937","regulation of muscle contraction"
3.17723959253098,-0.437280862728742,1.17541222025266,-0.372023410335778,0.709875419401234,NA,"GO:0006950","response to stress"
5469.06407499715,0.104901504310382,0.0832987484841939,1.25934070102251,0.207907298087294,0.710556473398713,"GO:0006955","immune response"
8.02625155023932,0.383225676026996,0.68428162436026,0.5600408697008,0.575451561138388,NA,"GO:0006956","complement activation"
5060.47483863835,0.0388716553512649,0.0524585807081172,0.740997084300644,0.458695208192036,0.883605153111839,"GO:0006974","DNA damage response"
9385.51572156831,-0.0704863017917959,0.0450687749697537,-1.56397199256248,0.117824145905609,0.612542936699764,"GO:0006979","response to oxidative stress"
7554.27370890501,-0.0716434416279167,0.0500428576935888,-1.43164169533618,0.152246390428099,0.650796833625329,"GO:0007005","mitochondrion organization"
8710.81508605852,0.261526982120925,0.247462546948877,1.05683460121726,0.290587079756699,0.793252113284828,"GO:0007010","cytoskeleton organization"
1332.09818281648,0.315127584004067,0.188680002150584,1.67016949550682,0.0948858335061519,0.575466093078079,"GO:0007015","actin filament organization"
96081.359549122,-0.0358724124907391,0.0503575859392675,-0.712353696501697,0.476245780797709,0.901057897796342,"GO:0007017","microtubule-based process"
13721.827098876,-0.0842028159103021,0.0517077638899335,-1.62843661330121,0.103432339462653,0.589555482678875,"GO:0007018","microtubule-based movement"
11736.7705859219,-0.0364413071526529,0.0442131506654518,-0.824218735923025,0.409815283105252,0.870944777677854,"GO:0007020","microtubule nucleation"
17.7365212477628,1.10138869281434,0.519474372293488,2.12019832268469,0.0339893238197731,NA,"GO:0007026","negative regulation of microtubule depolymerization"
1144.32515179101,-0.0943244363903857,0.094104445079184,-1.00233773559811,0.316180503080773,0.811932113666492,"GO:0007030","Golgi organization"
274.299960596489,0.0235361271260879,0.157414593503857,0.14951680528598,0.881145849715268,0.975507780731366,"GO:0007031","peroxisome organization"
3004.88905296002,0.131191477519307,0.0628238314300208,2.08824381660709,0.0367758466488395,0.428360918008313,"GO:0007032","endosome organization"
12612.4559588398,-0.0183252388091809,0.048571306376564,-0.377285277589795,0.70596161195369,0.961641767879583,"GO:0007034","vacuolar transport"
12457.734913172,0.00585648042355136,0.0728718138492088,0.0803668814347064,0.935945466464009,0.983243115102093,"GO:0007052","mitotic spindle organization"
3789.6676586325,-0.0503525701045544,0.0487588367744526,-1.03268604083961,0.301750848190396,0.811932113666492,"GO:0007059","chromosome segregation"
14015.6462728714,0.00058059751506158,0.0486636838556945,0.0119308171733004,0.990480811014069,0.996505633465493,"GO:0007064","mitotic sister chromatid cohesion"
5422.18370285793,0.12044049109843,0.0812839448658104,1.48172546617,0.138413358145572,0.621634573525947,"GO:0007076","mitotic chromosome condensation"
123.995546491009,0.17797998968933,0.237118729297991,0.750594397229837,0.45289679404772,0.883605153111839,"GO:0007084","mitotic nuclear membrane reassembly"
6.00748854469562,0.0180549831748372,0.836310482346048,0.0215888519347369,0.982775926328023,NA,"GO:0007088","regulation of mitotic nuclear division"
2724.5214753765,-0.0850887368685833,0.0588757816030478,-1.44522475204267,0.148394766025865,0.639179539080157,"GO:0007093","mitotic cell cycle checkpoint signaling"
9415.74272957978,0.0389321412031453,0.0608714277286194,0.639579892502519,0.522445758286575,0.915619779561209,"GO:0007094","mitotic spindle assembly checkpoint signaling"
1099.78864608439,0.0311994783366195,0.11518631016011,0.270860992884066,0.786497947043016,0.961641767879583,"GO:0007099","centriole replication"
59.1963641780308,0.398290154262082,0.300191457236942,1.32678710423032,0.184579117510602,0.690252414725017,"GO:0007127","meiosis I"
26.2160209834016,0.224603197232575,0.418504422439931,0.536680582544651,0.591488270903698,NA,"GO:0007130","synaptonemal complex assembly"
179.471630841801,-0.167600396960323,0.179395722022101,-0.934249685952243,0.350175111390928,0.839405267015354,"GO:0007131","reciprocal meiotic recombination"
2637.25229844647,0.0291114536542831,0.096716210780585,0.300998699383775,0.76341548630366,0.961641767879583,"GO:0007154","cell communication"
221974.704182468,0.0519430609924273,0.0417206717083094,1.24501976755283,0.213124484091679,0.710556473398713,"GO:0007155","cell adhesion"
14.0419555949931,0.7187529093539,0.624824021911967,1.15032854715558,0.250008577286717,NA,"GO:0007160","cell-matrix adhesion"
92550.1852294819,0.0335007530031691,0.0448882508029335,0.746314512237127,0.455477446910836,0.883605153111839,"GO:0007165","signal transduction"
298.816473669315,0.703132449378724,0.236665248281221,2.97099998620505,0.00296831794105411,0.139510686901304,"GO:0007166","cell surface receptor signaling pathway"
64218.5154784663,0.0365781579867653,0.0397994135974798,0.919062736871117,0.358062758417904,0.848475361637841,"GO:0007186","G protein-coupled receptor signaling pathway"
2899.19533573656,0.110859945897818,0.0707163466915663,1.56767071666387,0.116957999096842,0.612542936699764,"GO:0007200","phospholipase C-activating G protein-coupled receptor signaling pathway"
1161.2741164497,-0.0434077669825805,0.122788971725104,-0.353515192551336,0.723702241106876,0.961641767879583,"GO:0007216","G protein-coupled glutamate receptor signaling pathway"
12.1822073864053,-0.334293545572451,0.592857209745533,-0.563868567468273,0.572843583175656,NA,"GO:0007218","neuropeptide signaling pathway"
1817.62221442563,0.07344596312812,0.0897611763248525,0.818237529133012,0.413221569592272,0.870944777677854,"GO:0007219","Notch signaling pathway"
2506.1324771785,0.0288111408467313,0.0583712299529571,0.493584611287974,0.621599571004092,0.959824225279156,"GO:0007224","smoothened signaling pathway"
4367.75885683298,0.112687400919666,0.0747784313442229,1.5069505858038,0.131823323682522,0.612542936699764,"GO:0007229","integrin-mediated signaling pathway"
7.19765291265898,0.496146982083468,0.746609293192753,0.664533627704761,0.5063488335644,NA,"GO:0007267","cell-cell signaling"
967.027088178145,0.118950910967837,0.10936493112605,1.08765131329657,0.276749068659705,0.778474421025769,"GO:0007268","chemical synaptic transmission"
3328.46692188165,-0.0100158036464668,0.110197012864621,-0.090889974111834,0.927580016717924,0.983243115102093,"GO:0007276","gamete generation"
1008.24711847732,-0.0554171064718876,0.0735411228899579,-0.753552628708296,0.451117898272523,0.883605153111839,"GO:0007283","spermatogenesis"
93.9945562567678,0.016028799203651,0.225725136375217,0.0710102537140865,0.943389594810016,0.983284844560872,"GO:0007286","spermatid development"
13.2203762106981,0.652012060935432,0.569521110919852,1.1448426554063,0.252274342056866,NA,"GO:0007288","sperm axoneme assembly"
209.310981481924,-0.0846402700589957,0.143437603112181,-0.590084247244423,0.555134169334004,0.927233751421414,"GO:0007399","nervous system development"
14.520659378912,-0.0123138412668827,0.525686489876384,-0.0234243061292642,0.981311816836054,NA,"GO:0007507","heart development"
38.9363284503866,0.157180216606187,0.333895524549018,0.470746700838489,0.637821630316371,0.959831221541006,"GO:0007517","muscle organ development"
1711.86928715905,0.0985296585708329,0.0678079322872739,1.45306979946541,0.146204375202791,0.633041980590095,"GO:0007596","blood coagulation"
305.536140870332,-0.0601182375693146,0.14325170938916,-0.419668552826803,0.67472760110671,0.961641767879583,"GO:0007601","visual perception"
28.8800760420387,0.0379215065947126,0.383035392757135,0.0990026178044515,0.921136191610324,NA,"GO:0007605","sensory perception of sound"
1357.34086594995,-0.0280732441815682,0.0726601440744648,-0.386363728549694,0.699227308940181,0.961641767879583,"GO:0008013","beta-catenin binding"
25735.8667405533,0.0388673164600163,0.034697982711231,1.12016069589647,0.262645289572658,0.761439468099177,"GO:0008017","microtubule binding"
372.721766913525,-0.110476284014483,0.23038305781413,-0.479533022361451,0.631559481718882,0.959831221541006,"GO:0008021","synaptic vesicle"
397.91744906901,-0.0745636909744077,0.130626883146535,-0.570814285530824,0.568125538261294,0.933584525226302,"GO:0008023","transcription elongation factor complex"
3326.29558665471,-0.00664516206700498,0.0581546202243064,-0.114267138902707,0.909026031198077,0.978055939208236,"GO:0008033","tRNA processing"
1013.9086813103,-0.125955925716224,0.122549290260373,-1.02779808392699,0.304044817779312,0.811932113666492,"GO:0008047","enzyme activator activity"
672.804541556322,-0.00216078484211474,0.123869638478702,-0.0174440231573475,0.98608238908883,0.993288837730161,"GO:0008053","mitochondrial fusion"
28430.4601425956,-0.136000869647584,0.0995572652226351,-1.36605670458557,0.171921166085767,0.673833195985448,"GO:0008073","ornithine decarboxylase inhibitor activity"
910.511139710606,0.0295290876808178,0.105986086867139,0.278612868478054,0.780541936004266,0.961641767879583,"GO:0008080","N-acetyltransferase activity"
16007.7929681452,0.0211267087927405,0.0609473582763699,0.346638630290422,0.728862820466883,0.961641767879583,"GO:0008083","growth factor activity"
5474.61943603746,-0.0300175749763472,0.0651520488344321,-0.46073109769164,0.644991541051877,0.959831221541006,"GO:0008093","cytoskeletal anchor activity"
209.673470163169,-0.112628068469012,0.161036471408482,-0.699394786062603,0.484305345360848,0.90117859729686,"GO:0008113","peptide-methionine (S)-S-oxide reductase activity"
255.403792319612,-0.0507658452568357,0.131548548118433,-0.385909582302127,0.699563633672706,0.961641767879583,"GO:0008124","4-alpha-hydroxytetrahydrobiopterin dehydratase activity"
9116.59902711574,-0.00475431193200084,0.0937344809701286,-0.0507210567850261,0.959547797355505,0.986977256642072,"GO:0008137","NADH dehydrogenase (ubiquinone) activity"
685.940801312478,-0.0969845903314802,0.110068642593491,-0.881128249120567,0.37824840892646,0.869962837610257,"GO:0008138","protein tyrosine/serine/threonine phosphatase activity"
519.625814018064,0.0481369264011309,0.127888972451286,0.376396224619497,0.706622352311861,0.961641767879583,"GO:0008139","nuclear localization sequence binding"
5235.08362998467,0.045920544776976,0.0584007370362052,0.786300774740358,0.43169129870857,0.872734171362613,"GO:0008146","sulfotransferase activity"
18755.0418814441,-0.0139250161864551,0.0335799857290266,-0.41468201621117,0.678374699119529,0.961641767879583,"GO:0008168","methyltransferase activity"
237.783017419821,0.122491474906553,0.140082337504229,0.874424835342682,0.381886937290544,0.869962837610257,"GO:0008171","O-methyltransferase activity"
99.5421399198618,-0.0369444156336231,0.247788224710834,-0.14909673644394,0.881477301048705,0.975507780731366,"GO:0008180","COP9 signalosome"
7401.53596771461,-0.0100274587369397,0.0534014147991848,-0.187775151176197,0.851052915741827,0.971214855714933,"GO:0008190","eukaryotic initiation factor 4E binding"
1355.05034924787,0.538340673872768,0.147174409718495,3.65784156975705,0.00025434817885882,0.0300494205594635,"GO:0008194","UDP-glycosyltransferase activity"
331.414326868504,-0.0361270432297351,0.12421952838704,-0.290832236274247,0.771179629498772,0.961641767879583,"GO:0008195","phosphatidate phosphatase activity"
3120.24420425449,0.250663127740939,0.353939963794107,0.708208039165516,0.478816074563836,0.90117859729686,"GO:0008199","ferric iron binding"
6331.33964566613,0.0787777285932115,0.0489576640334797,1.60909900724306,0.107594694308464,0.597186659014093,"GO:0008233","peptidase activity"
2527.65541295979,-0.0717345207581518,0.0642721361296319,-1.11610606209616,0.264376737598292,0.761439468099177,"GO:0008234","cysteine-type peptidase activity"
7.51384168936728,-0.0421993494365019,0.768401615717453,-0.0549183507339461,0.956203512169235,NA,"GO:0008236","serine-type peptidase activity"
3.00276330820267,0.0202444811076508,1.21737623861745,0.01662960099389,0.986732109642573,NA,"GO:0008237","metallopeptidase activity"
1215.70804936096,0.0114464915857046,0.0884603125408461,0.129396915485905,0.897043588249295,0.977299480184629,"GO:0008250","oligosaccharyltransferase complex"
1204.94694384701,-0.020105671917104,0.0758459511415989,-0.265085632317646,0.79094349528079,0.961641767879583,"GO:0008253","5'-nucleotidase activity"
457738.031457058,0.0528324502404321,0.0374201627188117,1.41187120530271,0.157987887573989,0.653279915118446,"GO:0008270","zinc ion binding"
194.802053766073,-0.0222411968800677,0.243000602005971,-0.0915273324282596,0.927073589242896,0.983243115102093,"GO:0008276","protein methyltransferase activity"
1333.69560028216,-0.023586697346921,0.105341284807764,-0.223907439423812,0.822829326868321,0.967926969746985,"GO:0008277","regulation of G protein-coupled receptor signaling pathway"
1133.19874424972,-0.00547021925987918,0.0958111570869231,-0.0570937605410236,0.954470506684693,0.986977256642072,"GO:0008284","positive regulation of cell population proliferation"
142.981846679336,-0.218476904442113,0.180324963197268,-1.21157326511199,0.225675773607675,0.71884096696895,"GO:0008285","negative regulation of cell population proliferation"
3616.52610275014,0.0875872487952163,0.0624091625516784,1.40343573305745,0.160486943706317,0.657043081411505,"GO:0008286","insulin receptor signaling pathway"
46563.5125225663,0.00915507586548203,0.0340111476963656,0.269178680684755,0.787792185344841,0.961641767879583,"GO:0008289","lipid binding"
18344.1498059927,-0.0145961378209921,0.0828663835735506,-0.176140639805246,0.860183454071124,0.971214855714933,"GO:0008299","isoprenoid biosynthetic process"
1306.29415988507,-0.0800084176671323,0.0666204840266364,-1.20095821632192,0.229767409880542,0.720847371368959,"GO:0008318","protein prenyltransferase activity"
4521.27286384202,0.0300494651835681,0.0492223994028663,0.610483551149647,0.541541536336637,0.923703906343303,"GO:0008324","monoatomic cation transmembrane transporter activity"
2232.43791472157,0.0423225987165073,0.0659219565724078,0.642010658012263,0.520866262865656,0.915619779561209,"GO:0008374","O-acyltransferase activity"
10872.9251213376,0.0426611224894135,0.0521800700716835,0.817575032590161,0.413599888926557,0.870944777677854,"GO:0008376","acetylgalactosaminyltransferase activity"
1115.59371443984,0.0127539055527192,0.11414206821214,0.111737116319071,0.911031849027704,0.978055939208236,"GO:0008380","RNA splicing"
212.994209721941,-0.0648087607023106,0.143238907404305,-0.452452213415603,0.650943239468428,0.961641767879583,"GO:0008409","5'-3' exonuclease activity"
6154.01435564622,0.0117086348385004,0.0472992389193813,0.24754383169795,0.804487373955901,0.96206208985201,"GO:0008410","CoA-transferase activity"
1234.80653608343,-0.120296867067569,0.0722752137099838,-1.66442769094091,0.0960269901387846,0.575466093078079,"GO:0008413","8-oxo-7,8-dihydroguanosine triphosphate pyrophosphatase activity"
1193.73755389737,-0.176483200455895,0.0712782960518781,-2.47597389712356,0.0132873292355593,0.353589716912267,"GO:0008418","protein-N-terminal asparagine amidohydrolase activity"
234.571019177897,0.351102945028207,0.220792655935775,1.59019304125015,0.11179129859452,0.612260953229592,"GO:0008420","RNA polymerase II CTD heptapeptide repeat phosphatase activity"
1388.22036054211,0.0541975014509351,0.0836561377856124,0.647860430633654,0.51707522555354,0.915619779561209,"GO:0008446","GDP-mannose 4,6-dehydratase activity"
9064.80286419278,0.0341175942399803,0.0441758276845383,0.772313639115392,0.439928689219616,0.878279726245205,"GO:0008449","N-acetylglucosamine-6-sulfatase activity"
571.527191399287,-0.230657070439636,0.0965471833686894,-2.38906058562904,0.0168915165667438,0.364357513859288,"GO:0008460","dTDP-glucose 4,6-dehydratase activity"
16144.9361997074,0.163789349817099,0.0580436674378226,2.82182978862514,0.0047750513433357,0.197448373046931,"GO:0008475","procollagen-lysine 5-dioxygenase activity"
691.068470123716,0.10822675214797,0.14055536048387,0.769993771673971,0.441303587271824,0.878279726245205,"GO:0008476","protein-tyrosine sulfotransferase activity"
10340.2124319281,-0.0290924674454828,0.0568868302832177,-0.511409535399364,0.609064319368628,0.9586317152454,"GO:0008478","pyridoxal kinase activity"
1551.44594096143,-0.0382636768761457,0.0891213533345527,-0.429343534904679,0.667673239128292,0.961641767879583,"GO:0008484","sulfuric ester hydrolase activity"
1075.99149790673,-0.0252702209546201,0.0868159281258075,-0.291078163882557,0.770991539907566,0.961641767879583,"GO:0008531",""
5131.94461180797,0.00747089717160603,0.121171432941804,0.0616555981077994,0.950837100233431,0.986627706264802,"GO:0008537",""
17510.5632575411,-0.0388318062937609,0.0445039562088202,-0.872547287965937,0.382909882575736,0.869962837610257,"GO:0008603","cAMP-dependent protein kinase regulator activity"
15915.944735768,-0.0122026430829119,0.0409055260325645,-0.298312826320763,0.765464415726339,0.961641767879583,"GO:0008641","ubiquitin-like modifier activating enzyme activity"
3246.07435371459,0.00920375963641569,0.0594486009427488,0.154818776059663,0.876964188529456,0.974797559024006,"GO:0008654","phospholipid biosynthetic process"
3772.18460253258,-0.0943434571885298,0.0835914759489425,-1.12862533072337,0.259055920333862,0.761439468099177,"GO:0008757","S-adenosylmethionine-dependent methyltransferase activity"
272.646629191707,-0.126824342423518,0.152252787036272,-0.832985358706793,0.4048529867316,0.870944777677854,"GO:0008781",""
745.965873189714,-0.0196413938406159,0.106079184450852,-0.185157851111836,0.853105227347661,0.971214855714933,"GO:0008887",""
188.342551712246,-0.237956276843648,0.157730108028883,-1.50862939116275,0.131393518863753,0.612542936699764,"GO:0008893",""
4710.69503862543,-0.0362556442471198,0.0728088734636784,-0.497956396279176,0.61851477589163,0.959824225279156,"GO:0009058","biosynthetic process"
1874.03608928688,-0.0392484574941032,0.0849978810000938,-0.461758070110711,0.644254822685917,0.959831221541006,"GO:0009062","fatty acid catabolic process"
125.016823153781,-0.121938699835363,0.182211152900654,-0.669216444186857,0.50335741795135,0.904545527244242,"GO:0009072","aromatic amino acid metabolic process"
2725.38939345996,-0.12655119965005,0.0809324308924124,-1.56366487765925,0.117896290081464,0.612542936699764,"GO:0009113","purine nucleobase biosynthetic process"
1859.59204677463,0.120061313174008,0.186722720656578,0.642992522558764,0.520228951816578,0.915619779561209,"GO:0009235","cobalamin metabolic process"
269.843355964978,0.248629825151242,0.131639801735109,1.88871315418375,0.0589302750617407,0.496252054696183,"GO:0009249","protein lipoylation"
9.34752737446548,-0.395249746323744,0.809752970634591,-0.488111511358819,0.625470857814268,NA,"GO:0009374","biotin binding"
323.034192029474,0.15524257911077,0.119249934954989,1.30182527285543,0.192976122268349,0.693875013547499,"GO:0009411","response to UV"
3658.85094074043,0.168002030329723,0.0891527909084542,1.8844281667215,0.0595070828462139,0.496252054696183,"GO:0009435","NAD biosynthetic process"
1592.36810813772,0.0105546039480492,0.0599347698704618,0.176101517881208,0.86021418846524,0.971214855714933,"GO:0009966","regulation of signal transduction"
3.5122962198769,0.437106369542708,1.0327020488621,0.423264745164727,0.672102113226456,NA,"GO:0009986",""
4793.35413273704,0.186974777397112,0.133134143273684,1.40440891269152,0.16019711837803,0.657043081411505,"GO:0010265","SCF complex assembly"
5502.69658368199,-0.142102265383546,0.0637662846374019,-2.22848588704189,0.0258481314198532,0.394695439454873,"GO:0010387",""
5724.45346553783,0.067338897574748,0.0638507203507604,1.05463019375233,0.291594489043032,0.793252113284828,"GO:0010468","regulation of gene expression"
55.1339793299979,0.109164217533009,0.281126130268142,0.388310462029576,0.69778629595258,0.961641767879583,"GO:0010569","regulation of double-strand break repair via homologous recombination"
1485.63872519508,0.0197315931426368,0.108842492405423,0.18128575252705,0.856143288579609,0.971214855714933,"GO:0010960","magnesium ion homeostasis"
1298.25537583315,-0.0204255888285061,0.105913636378122,-0.192851360098569,0.847075378863948,0.971214855714933,"GO:0010975","regulation of neuron projection development"
567.178345562911,-0.0956254145712726,0.118631498838315,-0.806071030946021,0.420201893946147,0.870944777677854,"GO:0012501","programmed cell death"
865.534741456419,0.422396407648574,0.446932845581835,0.945100392204744,0.344607625120919,0.835749284384163,"GO:0014706","striated muscle tissue development"
3671.11785951902,0.0216474039021775,0.0777820851642013,0.278308351550089,0.780775665668485,0.961641767879583,"GO:0015012","heparan sulfate proteoglycan biosynthetic process"
25632.4316597652,0.0267610899617227,0.0388292827258352,0.689198668712906,0.490698254484741,0.904545527244242,"GO:0015031","protein transport"
11085.5555422776,-0.190775597170115,0.0543320451228402,-3.5112905604563,0.000445936696175689,0.0368789647737294,"GO:0015035","protein-disulfide reductase activity"
370.963454500478,-0.0124295580638664,0.131878875661522,-0.094249803097866,0.92491072366128,0.983243115102093,"GO:0015218","pyrimidine nucleotide transmembrane transporter activity"
570.950387552357,-0.171444234870796,0.139090089628942,-1.23261287219073,0.217720232122921,0.713938397113054,"GO:0015232","heme transmembrane transporter activity"
391.007780363267,0.0479215988057549,0.10870696821653,0.440832814970072,0.659334035189587,0.961641767879583,"GO:0015267","channel activity"
31353.3208241738,0.0244651620659521,0.100646576743432,0.243079922413244,0.807943484414678,0.962425637919358,"GO:0015629","actin cytoskeleton"
20757.6860139422,0.169947930439772,0.0898115648655839,1.89227223347153,0.0584547184859765,0.496252054696183,"GO:0015631","tubulin binding"
19172.1896838851,-0.0981144945049008,0.0551935985526869,-1.77764264475784,0.0754625651594787,0.525375625442804,"GO:0015986","proton motive force-driven ATP synthesis"
4.501999911194,-0.301926911246775,0.916586669280242,-0.329403559277014,0.741850677863987,NA,"GO:0016012",""
1920151.91333611,0.00944024897235255,0.0308174878493146,0.306327661051142,0.759355180386671,0.961641767879583,"GO:0016020","membrane"
1088.30989487134,0.155021236246434,0.0874813889309163,1.7720481823723,0.0763865594180504,0.526430705322731,"GO:0016051","carbohydrate biosynthetic process"
20889.9017092426,0.0118504817219975,0.0478429070837309,0.247695686661719,0.804369869441476,0.96206208985201,"GO:0016055","Wnt signaling pathway"
15.2117293227053,0.369964212448605,0.54331196667942,0.680942506585541,0.495907870393763,NA,"GO:0016079","synaptic vesicle exocytosis"
10.0297140573759,0.0217191811960074,0.660858746425001,0.0328650885132415,0.973782173077977,NA,"GO:0016153",""
6304.58363098385,0.0680397828186945,0.0608667728632754,1.11784771260227,0.263632039793787,0.761439468099177,"GO:0016180","snRNA processing"
16034.7667280101,-0.0033883404038762,0.0390811640879353,-0.0867000889802618,0.930909905689289,0.983243115102093,"GO:0016192","vesicle-mediated transport"
2191.51622055719,-0.0502129203337943,0.0784362027182412,-0.640175309278667,0.522058632917751,0.915619779561209,"GO:0016197","endosomal transport"
921.767166220872,-0.117917761904591,0.0827039223286667,-1.42578197725598,0.153931284800209,0.650796833625329,"GO:0016226","iron-sulfur cluster assembly"
2915.92757929799,0.0735155694522971,0.0988573513950236,0.743653035559659,0.457086408853585,0.883605153111839,"GO:0016255",""
1420.03056116954,0.0438716269612864,0.110259152566696,0.397895557330249,0.690707174992227,0.961641767879583,"GO:0016274","protein-arginine N-methyltransferase activity"
239.108660992254,-0.191349938951113,0.145218618289877,-1.31766808694703,0.187614782104231,0.690252414725017,"GO:0016279","protein-lysine N-methyltransferase activity"
3295.16554577072,-0.0313746798174691,0.0694291346895392,-0.451895014359098,0.651344616292574,0.961641767879583,"GO:0016298","lipase activity"
34399.2400143487,0.0997710626428136,0.0411763169331858,2.42302056312384,0.015392055391586,0.353589716912267,"GO:0016301","kinase activity"
12026.9542958272,0.0229142210368211,0.0388965159180218,0.589107288815149,0.555789304214167,0.927233751421414,"GO:0016311","dephosphorylation"
2056.4505710965,0.0676887662995039,0.0914981912141501,0.739782561833155,0.459431941763109,0.883605153111839,"GO:0016316",""
6.83628161472052,-0.475913723773112,0.820284581868946,-0.580181237453939,0.561792404952203,NA,"GO:0016407","acetyltransferase activity"
12491.8140931253,0.0119054472380745,0.0362273567979402,0.328631407046275,0.742434306039184,0.961641767879583,"GO:0016409","palmitoyltransferase activity"
526.284562461422,-0.0255785024555694,0.0976707893892311,-0.261884874848668,0.793410200896436,0.961641767879583,"GO:0016435","rRNA (guanine) methyltransferase activity"
260.252242025783,-0.0398197758905694,0.134964580099053,-0.295038712092794,0.767964307278393,0.961641767879583,"GO:0016459","myosin complex"
3.68448537894639,1.12108300815247,1.07497984742976,1.04288746513057,0.297000415741332,NA,"GO:0016477","cell migration"
1421.82168864977,-0.0518432347666642,0.0862514337715327,-0.601070990935516,0.547792703858528,0.926430605503073,"GO:0016480","negative regulation of transcription by RNA polymerase III"
633.208077825315,0.00317445932957279,0.0978964538585713,0.0324267039760077,0.97413176698884,0.990906483763555,"GO:0016485","protein processing"
198333.208039253,-0.0171226816306525,0.0457858633267446,-0.373973108434339,0.708424323304579,0.961641767879583,"GO:0016491","oxidoreductase activity"
2817.62928781782,0.224955227953118,0.0793259829736345,2.83583284467948,0.00457063610200561,0.197448373046931,"GO:0016504","peptidase activator activity"
345.278355370751,-0.287679892621082,0.15739430206166,-1.82776561065332,0.0675847364573147,0.508114336819993,"GO:0016538","cyclin-dependent protein serine/threonine kinase regulator activity"
13.0469231254411,0.776962769322283,0.61181481162658,1.26993128403779,0.204109108371051,NA,"GO:0016559",""
3443.89315361585,-0.103638773695198,0.0572822000049389,-1.80926664280112,0.0704095886124077,0.511813834396273,"GO:0016567","protein ubiquitination"
3891.23802486636,0.0447457429532846,0.0710546893970892,0.629736662463233,0.528866891306794,0.921262724343572,"GO:0016592","mediator complex"
34.6597701339844,0.487581243605982,0.459000535481711,1.06226726531871,0.288114370664316,NA,"GO:0016603",""
575.71121866562,-0.0151668039812595,0.0955674927561497,-0.158702541458937,0.873903235763215,0.97320255874164,"GO:0016607","nuclear speck"
2.17045150299756,-0.658914058552754,1.50078586957576,-0.43904601709704,0.660628193221511,NA,"GO:0016614","oxidoreductase activity, acting on CH-OH group of donors"
1795.04455745426,-0.117597918194258,0.136286443656629,-0.862873188550895,0.388207193430716,0.870944777677854,"GO:0016616","oxidoreductase activity, acting on the CH-OH group of donors, NAD or NADP as acceptor"
758.434654527795,0.086841579219389,0.122178511392307,0.710776209578674,0.477222925314145,0.901057897796342,"GO:0016624","oxidoreductase activity, acting on the aldehyde or oxo group of donors, disulfide as acceptor"
1352.7326415878,-0.0789765673883299,0.0741726026471646,-1.06476737460619,0.286981212485993,0.788483264870154,"GO:0016627","oxidoreductase activity, acting on the CH-CH group of donors"
940.28141938484,-0.049330923068415,0.150534777560098,-0.327704493725516,0.743135105359437,0.961641767879583,"GO:0016628","oxidoreductase activity, acting on the CH-CH group of donors, NAD or NADP as acceptor"
1244.33742643868,0.0830478549306368,0.124740236778224,0.665766372387829,0.505560442088914,0.904545527244242,"GO:0016670","oxidoreductase activity, acting on a sulfur group of donors, oxygen as acceptor"
231.270334166234,0.218888880375652,0.149896274306333,1.46026898526059,0.144216162399584,0.6300872702362,"GO:0016671","oxidoreductase activity, acting on a sulfur group of donors, disulfide as acceptor"
1503.56540223309,0.0837049101272175,0.0844777729004512,0.990851288490471,0.321758200973499,0.811932113666492,"GO:0016702","oxidoreductase activity, acting on single donors with incorporation of molecular oxygen, incorporation of two atoms of oxygen"
15823.8763944266,0.0398539554262978,0.0489048932233121,0.814927766927424,0.415113658063708,0.870944777677854,"GO:0016740","transferase activity"
50489.1967322991,-0.0859508067058362,0.0376044501408528,-2.28565519197582,0.0222744385705819,0.390015200417493,"GO:0016746","acyltransferase activity"
20590.0276961936,-0.00282324369537059,0.0360108165109849,-0.0783998800612971,0.937509968936069,0.983243115102093,"GO:0016747","acyltransferase activity, transferring groups other than amino-acyl groups"
29349.4548740269,-0.0352842953442108,0.041178326402785,-0.856865696752172,0.391519112662518,0.870944777677854,"GO:0016757","glycosyltransferase activity"
2522.57421811776,-0.0512385426380593,0.0757697024488313,-0.676240515431106,0.498887952938865,0.904545527244242,"GO:0016758","hexosyltransferase activity"
1721.52995324096,0.00403737369379836,0.0600845031526014,0.0671949251796977,0.946426525115422,0.983284844560872,"GO:0016765","transferase activity, transferring alkyl or aryl (other than methyl) groups"
623.339440861423,-0.0486077364075823,0.114456833302791,-0.42468182112808,0.671068637643615,0.961641767879583,"GO:0016772","transferase activity, transferring phosphorus-containing groups"
175.458324599128,-0.0475321450569923,0.181802839896535,-0.261448859016962,0.793746382808798,0.961641767879583,"GO:0016779","nucleotidyltransferase activity"
3189.44962795309,0.0720093852831368,0.0854457702263722,0.842749560245775,0.399368523009868,0.870944777677854,"GO:0016780","phosphotransferase activity, for other substituted phosphate groups"
81466.6849390806,-0.00617392875223373,0.0341542672039413,-0.18076595569649,0.856551286256831,0.971214855714933,"GO:0016787","hydrolase activity"
10479.02808788,-0.00286006111444259,0.0682479538961516,-0.0419069137046153,0.966572904902206,0.986977256642072,"GO:0016788","hydrolase activity, acting on ester bonds"
2349.77296493292,0.0974235680511704,0.0781146126162989,1.24718749524775,0.212328756919806,0.710556473398713,"GO:0016790","thiolester hydrolase activity"
21476.4925824992,0.0481956837435988,0.0566647686190165,0.850540554884124,0.395024623116629,0.870944777677854,"GO:0016791","phosphatase activity"
1840.66712960589,-0.0617335836546048,0.0932215678696363,-0.662224258456314,0.50782750964381,0.904545527244242,"GO:0016798","hydrolase activity, acting on glycosyl bonds"
576.683835799942,0.00421743980876239,0.0890576328206935,0.0473562981092668,0.962229258972594,0.986977256642072,"GO:0016799","hydrolase activity, hydrolyzing N-glycosyl compounds"
1194.0937619465,-0.14293965198796,0.0732572168164943,-1.95120232790192,0.0510329821825292,0.485106623735076,"GO:0016811","hydrolase activity, acting on carbon-nitrogen (but not peptide) bonds, in linear amides"
32.7425503447694,-0.121700683392356,0.589099535154668,-0.20658764118767,0.836331912962249,NA,"GO:0016818","hydrolase activity, acting on acid anhydrides, in phosphorus-containing anhydrides"
1425.24033214827,-0.100876584442034,0.0708047525649489,-1.42471487841865,0.154239636506124,0.650796833625329,"GO:0016829","lyase activity"
861.387994755997,-0.0493801416076878,0.0762535069737707,-0.647578630379234,0.517257522485631,0.915619779561209,"GO:0016836","hydro-lyase activity"
182.019366143711,-0.13070224800347,0.192801011108711,-0.677912668880004,0.497827066825889,0.904545527244242,"GO:0016846","carbon-sulfur lyase activity"
453.041706869412,0.0612851021282492,0.116078253765189,0.527963680882218,0.597524544174478,0.957660461302894,"GO:0016853","isomerase activity"
1203.92712821439,-0.139303115716703,0.078400327948112,-1.77681802311974,0.0755981855232087,0.525375625442804,"GO:0016857","racemase and epimerase activity, acting on carbohydrates and derivatives"
4710.20234193946,0.0539104085289655,0.0860978141968647,0.626153045020377,0.531214562142053,0.921262724343572,"GO:0016866","intramolecular transferase activity"
1643.25695925137,-0.100353616586766,0.0688158589211649,-1.45829200071062,0.144760074177603,0.6300872702362,"GO:0016874","ligase activity"
6631.30390357256,-0.0202190303196803,0.0976557027540834,-0.20704403070649,0.835975471902149,0.971214855714933,"GO:0016887","ATP hydrolysis activity"
3969.12350407364,0.173413071166179,0.0922043413123833,1.88074735633829,0.0600062944009895,0.496252054696183,"GO:0016972","thiol oxidase activity"
121.691099475724,0.0640922108600096,0.191448020746109,0.334776043179919,0.737794033532066,0.961641767879583,"GO:0017053","transcription repressor complex"
6325.11501723333,0.0746501918719609,0.0600095140959583,1.24397260995301,0.213509643776939,0.710556473398713,"GO:0017056",""
2637.02457584895,0.188626203579717,0.0797089499304036,2.36643694019822,0.0179602336224745,0.364357513859288,"GO:0017119",""
2926.16370670928,-0.00314598031244331,0.0823693651718904,-0.0381935724025333,0.969533345638257,0.988661007204486,"GO:0017128",""
5720.17361309444,0.067303050174671,0.0970831343373215,0.693251723217158,0.48815159384074,0.904545527244242,"GO:0017134",""
13316.3193331077,0.19656354983907,0.0663165913179233,2.96401769048623,0.0030365083001493,0.139510686901304,"GO:0017148","negative regulation of translation"
165.102284292887,0.261423604913875,0.176897801356657,1.4778228045175,0.139455212805654,0.621634573525947,"GO:0017154",""
100.934454533357,-0.117972048478349,0.220858397035554,-0.534152425544218,0.593236080981069,0.957660461302894,"GO:0017174",""
384.179743211462,-0.00680804984766263,0.14227240117512,-0.0478522172356025,0.961834020853608,0.986977256642072,"GO:0017183",""
682.231860094492,-0.0267570790338932,0.0897404707755965,-0.29816067157483,0.76558053688713,0.961641767879583,"GO:0017196",""
174.670133428346,-0.0837928668908397,0.178315935488805,-0.469912387028924,0.638417613997997,0.959831221541006,"GO:0018095",""
127.935559378099,0.327958405407428,0.241487903319447,1.35807384510518,0.174440253477651,0.674121914140269,"GO:0018149",""
1.66747631014921,-0.571322424358233,1.84933063865987,-0.308934709897115,0.757371192726709,NA,"GO:0018193","peptidyl-amino acid modification"
1152.95191746755,-0.013932768239628,0.0794786949558665,-0.175301925218635,0.860842399090182,0.971214855714933,"GO:0018738","S-formylglutathione hydrolase activity"
537.564182540863,0.0117804982465528,0.0945458639795088,0.124600884170946,0.900839528386501,0.977299480184629,"GO:0019135","deoxyhypusine monooxygenase activity"
2425.24045511344,0.0520098910607504,0.0847494351586516,0.613690120333988,0.539420118177878,0.923703906343303,"GO:0019211","phosphatase activator activity"
1235.33051995327,-0.106567244490277,0.100952238322668,-1.05562042269595,0.291141666588285,0.793252113284828,"GO:0019239","deaminase activity"
265.942824624155,-0.160627854177648,0.16037745414015,-1.0015613169497,0.316555511730233,0.811932113666492,"GO:0019441","tryptophan catabolic process to kynurenine"
1785.54683288407,-0.139620810526624,0.0921964949215218,-1.5143830646216,0.12992871200887,0.612542936699764,"GO:0019464","glycine decarboxylation via glycine cleavage system"
2337.12920270111,-0.251742028418304,0.0799280969020348,-3.14960618575537,0.00163490682878457,0.0991649095912663,"GO:0019787","ubiquitin-like protein transferase activity"
4395.46610339446,-0.0689494829383819,0.0646823601556104,-1.06597042489646,0.286437011450915,0.788483264870154,"GO:0019843","rRNA binding"
1538.48366127278,-0.113636164624083,0.0796292137992394,-1.42706626377828,0.153560795546221,0.650796833625329,"GO:0019867","outer membrane"
26191.5321066095,0.0577923598695931,0.0389334626592063,1.48438787413961,0.137706049800696,0.621634573525947,"GO:0019888","protein phosphatase regulator activity"
4450.48257669398,0.0596375452392506,0.0902209727821088,0.661016428888217,0.508601777712905,0.904545527244242,"GO:0019899","enzyme binding"
6091.46408540295,0.0153152185712799,0.048775192949543,0.313996063267718,0.753524028732106,0.961641767879583,"GO:0019901","protein kinase binding"
5320.91261126471,0.0581852195874387,0.0579545628848881,1.0039799575921,0.315388274239955,0.811932113666492,"GO:0019903","protein phosphatase binding"
6016.01067215409,-0.169260540432521,0.0555164695516968,-3.04883472957347,0.00229730826292034,0.126658262229008,"GO:0019904","protein domain specific binding"
1911.02280663278,0.040600304040854,0.0668570653596568,0.607270208802094,0.543671605551309,0.924124437173176,"GO:0019905","syntaxin binding"
56.8127168717681,-0.114667713317478,0.346627091692307,-0.330810014755757,0.740787995734609,0.961641767879583,"GO:0019911","structural constituent of myelin sheath"
5976.62539986383,-0.0878894192623757,0.065234160826676,-1.34729132939862,0.177886423521378,0.684242196521765,"GO:0020037","heme binding"
3.67462886833245,0.54998680821855,1.08006465032108,0.509216562226207,0.610600435182718,NA,"GO:0021549","cerebellum development"
23302.0351488011,-0.000343314740038159,0.0451713822805466,-0.00760027085082162,0.993935919611307,0.99796346076841,"GO:0022857","transmembrane transporter activity"
637.877371471209,-0.260737352026732,0.11311766745467,-2.30500997672373,0.0211660146690906,0.38417972328495,"GO:0022900","electron transport chain"
929.606698849299,-0.158679338451666,0.088329701977432,-1.7964437205076,0.0724239758217991,0.516333000039896,"GO:0022904","respiratory electron transport chain"
130.912034286368,0.0721774596493631,0.179736181071678,0.401574458848544,0.687997229984468,0.961641767879583,"GO:0023024","MHC class I protein complex binding"
521.622296526812,0.090302900405143,0.111428896642645,0.810408279413789,0.417705560936549,0.870944777677854,"GO:0023041","neuronal signal transduction"
4293.03020828366,0.158688107887497,0.099562807853492,1.59384926267858,0.11096980074113,0.611813501419428,"GO:0023052","signaling"
6553.41952613907,-0.00486213378879872,0.0505055687513646,-0.0962692611726574,0.923306723699921,0.983243115102093,"GO:0030001","metal ion transport"
2645.27307441757,-0.135791805138114,0.0590040425474217,-2.30139833264777,0.0213691260835643,0.38417972328495,"GO:0030008","TRAPP complex"
1721.45728937264,0.00344746596979131,0.0805666704577178,0.0427902251663803,0.965868756041286,0.986977256642072,"GO:0030014","CCR4-NOT complex"
3.66055876894388,-0.785584219677548,1.07122654091165,-0.733350220214845,0.46334485228963,NA,"GO:0030018","Z disc"
1046.919918078,-0.00890796245692989,0.0701021903419627,-0.127071100253449,0.898884124666969,0.977299480184629,"GO:0030030","cell projection organization"
5.67616612285612,0.0185153798054889,0.905620348259956,0.0204449688449073,0.983688411385643,NA,"GO:0030041","actin filament polymerization"
7.7019732228773,1.21508163342435,0.740104772971188,1.64176975720119,0.100637728830416,NA,"GO:0030100","regulation of endocytosis"
3.84041738922651,0.652759590528865,1.35792005146132,0.480705465558447,0.630725846089088,NA,"GO:0030133","transport vesicle"
109.199731234506,0.0923016250318744,0.211237381664014,0.436956869588007,0.662142627507373,0.961641767879583,"GO:0030141","secretory granule"
921.24770622975,-0.068741586689252,0.102858620370679,-0.66831138159858,0.503934849637213,0.904545527244242,"GO:0030144","alpha-1,6-mannosylglycoprotein 6-beta-N-acetylglucosaminyltransferase activity"
3361.28481490047,-0.00510548092211256,0.0574460269362296,-0.0888743955744776,0.929181732382921,0.983243115102093,"GO:0030145","manganese ion binding"
646.608903342556,0.135097854560274,0.185492401038506,0.728320156534223,0.466417626373966,0.892693108847779,"GO:0030148","sphingolipid biosynthetic process"
1324.74786673614,-0.110272366470684,0.111002550121706,-0.993421920034978,0.320504383685602,0.811932113666492,"GO:0030150","protein import into mitochondrial matrix"
843.174754774024,-0.0233605476505598,0.0788035992275665,-0.296440110344452,0.766893997453652,0.961641767879583,"GO:0030154","cell differentiation"
1099.58370394693,0.0620126647639125,0.107681536585775,0.575889486072813,0.564689882633839,0.932238487024284,"GO:0030165","PDZ domain binding"
8.179651187881,-0.511150280680278,0.817671163748351,-0.625129395950657,0.531886136130621,NA,"GO:0030168","platelet activation"
15612.3282285926,0.0185145233141098,0.056415156101081,0.328183498791295,0.742772923601496,0.961641767879583,"GO:0030170","pyridoxal phosphate binding"
25.5671027527129,0.342953569157537,0.383091356486063,0.895226591127785,0.370665972803872,NA,"GO:0030178","negative regulation of Wnt signaling pathway"
12213.2843111182,0.157971993971749,0.0740259145055619,2.13400935370923,0.0328420151501794,0.424380414518724,"GO:0030198","extracellular matrix organization"
6345.22476310497,-0.299325929410048,0.0502889537830765,-5.95212083156876,2.6468983186453e-09,2.18898490951966e-06,"GO:0030199","collagen fibril organization"
11740.8049356263,0.131758709637819,0.0749647315001391,1.75760930508467,0.0788140089943187,0.534255618346734,"GO:0030234","enzyme regulator activity"
34841.7527999132,0.0827961196279461,0.0641796917961467,1.29006726755452,0.197027303515596,0.699320085868659,"GO:0030246","carbohydrate binding"
243.249893101758,0.0542116758717047,0.140569039409524,0.385658720436784,0.699749438422444,0.961641767879583,"GO:0030261","chromosome condensation"
119.89084992783,0.0608202816946779,0.221426720551565,0.27467453586079,0.783566296375872,0.961641767879583,"GO:0030291","protein serine/threonine kinase inhibitor activity"
239.571741863318,-0.181499593222953,0.192018022360996,-0.945221656755385,0.344545725225257,0.835749284384163,"GO:0030314","junctional membrane complex"
1653.59934099455,0.0598718754760007,0.0852101376770246,0.702637938491961,0.482281413099445,0.90117859729686,"GO:0030317","flagellated sperm motility"
8292.14913592043,0.157279775213201,0.120612346842712,1.30401057047921,0.192229978320352,0.693875013547499,"GO:0030368","interleukin-17 receptor activity"
4940.66139449488,0.158598726818134,0.0822946527490206,1.92720573597683,0.0539539954225712,0.496252054696183,"GO:0030414","peptidase inhibitor activity"
3521.06521199124,0.0696073574571244,0.0566508131032131,1.22870888596613,0.219180973375996,0.713938397113054,"GO:0030425","dendrite"
10019.9955882955,0.0191578007083795,0.0621264838375497,0.308367696431588,0.757802559583884,0.961641767879583,"GO:0030449","regulation of complement activation"
1831.81646022563,-0.000133072527379058,0.0563496537236206,-0.00236155004663811,0.998115757429602,0.998115757429602,"GO:0030488","tRNA methylation"
1274.32552802838,-0.037381917599624,0.124643357979609,-0.299911027796118,0.76424502235669,0.961641767879583,"GO:0030496","midbody"
8485.46313245717,0.0169589201151364,0.0637534406122359,0.26600791976522,0.790233109618056,0.961641767879583,"GO:0030512","negative regulation of transforming growth factor beta receptor signaling pathway"
1529.49905516755,-0.271512413972062,0.060580906460354,-4.48181497828442,7.40108969545782e-06,0.00204023372604787,"GO:0030544","Hsp70 protein binding"
4.8246664702675,-0.483780129527183,1.19890976793408,-0.403516713656288,0.68656814179475,NA,"GO:0030548","acetylcholine receptor regulator activity"
421.863991234338,0.0206775508656698,0.122858034495029,0.168304425108693,0.86634379278936,0.971214855714933,"GO:0030659","cytoplasmic vesicle membrane"
2185.56885131194,-0.104682706338677,0.0960036590903821,-1.09040329640065,0.275535530427722,0.778474421025769,"GO:0030968","endoplasmic reticulum unfolded protein response"
3.50953525207272,-0.386965923605611,1.31171115197432,-0.295008487976313,0.767987395655831,NA,"GO:0030971","receptor tyrosine kinase binding"
3909.00951875143,0.00523029025275423,0.116064017416279,0.0450638395015665,0.964056424023337,0.986977256642072,"GO:0030976","thiamine pyrophosphate binding"
112.680075084018,-0.0604444168620563,0.241090190372364,-0.250712883708375,0.802036099002382,0.96206208985201,"GO:0030991","intraciliary transport particle A"
9.32794688294009,-0.608522128757639,0.746602244929997,-0.815055316120428,0.415040647425572,NA,"GO:0031005","filamin binding"
1690.00448957885,0.0888742834735008,0.0731308602867661,1.21527742358015,0.224260299571168,0.71884096696895,"GO:0031011","Ino80 complex"
1486.18934001381,-0.0759854593311001,0.0820614641934259,-0.92595787898685,0.354467870402559,0.842370485123322,"GO:0031083","BLOC-1 complex"
903.370145556147,-0.218977923184683,0.110313127415605,-1.98505770178814,0.04713805208298,0.458625518501464,"GO:0031110","regulation of microtubule polymerization or depolymerization"
7.85742854730123,0.452486320684088,0.698578086757406,0.647724755845687,0.517162989587623,NA,"GO:0031122","cytoplasmic microtubule organization"
1922.38186251496,-0.139222818216435,0.119690692563587,-1.16318834183761,0.244753095506111,0.744157389645417,"GO:0031201","SNARE complex"
7117.25113202787,-0.0159057876192638,0.0941677511141463,-0.168909073765428,0.865868161918859,0.971214855714933,"GO:0031262","Ndc80 complex"
44519.3498924834,0.0425346795963256,0.0372367552367478,1.14227674580919,0.253339004050444,0.753637972480997,"GO:0031267","small GTPase binding"
23.4208119060095,0.608972030439039,0.492440529145658,1.2366407604499,0.21622048044336,NA,"GO:0031295","T cell costimulation"
1139.84886557562,-0.0599861361033453,0.108766551490645,-0.551512714903944,0.581282252909405,0.94630004558283,"GO:0031396","regulation of protein ubiquitination"
5955.55008632491,0.0629326257946352,0.0632807366443515,0.994498944415379,0.319980019061116,0.811932113666492,"GO:0031410","cytoplasmic vesicle"
192.530989918062,0.157663937683165,0.16851885673808,0.935586323898537,0.349486218677898,0.839405267015354,"GO:0031419","cobalamin binding"
2.50897648484831,-0.167234389998842,1.30183104371492,-0.128460901901387,0.897784237575621,NA,"GO:0031854","orexigenic neuropeptide QRFP receptor binding"
1249.07857903697,0.0683692500057972,0.109147859458597,0.626391120677286,0.531058432173152,0.921262724343572,"GO:0031929","TOR signaling"
913.463986417035,0.0241245381592768,0.123425851447332,0.195457741440586,0.84503461704155,0.971214855714933,"GO:0031932","TORC2 complex"
720.862883088037,-0.110743628136451,0.123347183161808,-0.89782048764888,0.36928126027535,0.867601142749188,"GO:0032006","regulation of TOR signaling"
217.729423335607,-0.195193515714221,0.196130910423202,-0.995220566166965,0.319629001310891,0.811932113666492,"GO:0032007","negative regulation of TOR signaling"
6500.30181960655,0.101766751229911,0.0533837195443258,1.90632560073698,0.0566079747514206,0.496252054696183,"GO:0032039",""
11263.8255513977,-0.0616833701102542,0.0492358255675706,-1.2528147827155,0.210273120502408,0.710556473398713,"GO:0032040",""
28084.8739694655,0.0177729978834661,0.0554350190210096,0.320609574910225,0.748506280650181,0.961641767879583,"GO:0032059",""
1473.75025053029,0.108273214403225,0.0947156648999068,1.14313946396983,0.252980691444215,0.753637972480997,"GO:0032183",""
19530.771757354,-0.146707910518958,0.0670368815631034,-2.18846561919588,0.0286357029834249,0.394695439454873,"GO:0032266",""
2162.39157990494,-0.0632749336687257,0.108388573238086,-0.583778638083335,0.55936925214762,0.929523369295154,"GO:0032299","ribonuclease H2 complex"
682.839855788531,-0.120249757097732,0.0968277599256215,-1.24189341145661,0.214275891312579,0.710556473398713,"GO:0032366","intracellular sterol transport"
1212.6674783119,-0.0263244038595288,0.0726368331257182,-0.362411227565044,0.717044750579006,0.961641767879583,"GO:0032367","intracellular cholesterol transport"
706.765683527557,0.0629108781899283,0.142418689529016,0.441731899078534,0.658683223622508,0.961641767879583,"GO:0032418","lysosome localization"
3521.66676457318,-0.0566803974221512,0.0740897347497291,-0.765023624576527,0.444257477019324,0.878279726245205,"GO:0032434","regulation of proteasomal ubiquitin-dependent protein catabolic process"
6794.79904406465,0.257455083568781,0.105821664379364,2.43291470682054,0.0149778286492684,0.353589716912267,"GO:0032454","histone H3K9 demethylase activity"
2622.4790185278,-0.0965845898799449,0.0817065687557991,-1.18209088143956,0.237169642137826,0.731863037492471,"GO:0032456",""
553.238208170055,0.0631339885008285,0.187489222589093,0.336733960645806,0.73631746005407,0.961641767879583,"GO:0032465","regulation of cytokinesis"
1558.86398955872,-0.020921096416574,0.0905320073371951,-0.231090605763897,0.817244413134427,0.965515899517388,"GO:0032509","endosome transport via multivesicular body sorting pathway"
2261.14742117353,-0.0351394060965172,0.0702168262083866,-0.50044138982061,0.616764315652253,0.959824225279156,"GO:0032511","late endosome to vacuole transport via multivesicular body sorting pathway"
2126.58783041927,0.0180625647931737,0.130703414173698,0.138195049512399,0.890086267475876,0.977299480184629,"GO:0032542",""
1448.89579908024,-0.213350340592301,0.0854309799038488,-2.49734160643391,0.0125128351546595,0.353368414516882,"GO:0032731",""
1349.36790101091,-0.0733396474781321,0.0836024306685744,-0.877243004678571,0.380354662312135,0.869962837610257,"GO:0032981","mitochondrial respiratory chain complex I assembly"
56.5876830676313,0.115871528590683,0.340622278909862,0.340176012448517,0.733723981439115,0.961641767879583,"GO:0033014","tetrapyrrole biosynthetic process"
762.526378464094,-0.215473967955069,0.126768293945399,-1.69974653163571,0.0891786127215673,0.571710951323536,"GO:0033566","gamma-tubulin complex localization"
295.470849346371,-0.0534402137837428,0.131600697695715,-0.406078498970473,0.684684923313057,0.961641767879583,"GO:0033617","mitochondrial cytochrome c oxidase assembly"
1440.76485751579,0.102809073190582,0.0659159254463256,1.55970006480904,0.118830776834941,0.612542936699764,"GO:0033743","peptide-methionine (R)-S-oxide reductase activity"
93.9716542604452,-0.0663410000048563,0.215240038184452,-0.308218677920902,0.757915940924499,0.961641767879583,"GO:0033819","lipoyl(octanoyl) transferase activity"
4.01113045450993,0.261837211727006,1.07635429125093,0.243263035094792,0.807801638101275,NA,"GO:0033971","hydroxyisourate hydrolase activity"
321.992610165293,0.0136146767571539,0.123516401875434,0.11022565870146,0.912230413555665,0.978055939208236,"GO:0034386","4-aminobutyrate:2-oxoglutarate transaminase activity"
4042.67279777185,-0.100300909139652,0.0678751830229178,-1.4777258001026,0.1394811857838,0.621634573525947,"GO:0034464","BBSome"
2632.9489110928,-0.0442295927142641,0.0747632427573108,-0.591595429559388,0.554121535125736,0.927233751421414,"GO:0034472","snRNA 3'-end processing"
610.130388742752,0.0123181331237231,0.100002529387215,0.123178215583195,0.901965975631774,0.977299480184629,"GO:0034551","mitochondrial respiratory chain complex III assembly"
195.389913422561,0.0801352007535059,0.175140282382519,0.457548655645564,0.647276738525298,0.96103745558424,"GO:0035082","axoneme assembly"
21200.2422346044,-0.0824279082987961,0.0487401688993079,-1.69116993560452,0.0908043512370258,0.573245789870384,"GO:0035091","phosphatidylinositol binding"
288.126188608187,0.203146531501503,0.177466998147511,1.14470033088996,0.252333314338957,0.753637972480997,"GO:0035101","FACT complex"
83.6924313125037,0.269529387360242,0.220175229222071,1.22415854096099,0.220892425680474,0.713938397113054,"GO:0035102","PRC1 complex"
954.921385934865,-0.184142517526808,0.0913691525756911,-2.01536856078711,0.043866046056582,0.439697015106425,"GO:0035303","regulation of dephosphorylation"
3975.93196637438,0.0562727574432558,0.0736322691811792,0.764240435192774,0.444723974258609,0.878279726245205,"GO:0035368","selenocysteine insertion sequence binding"
22772.958307277,0.0136373683305732,0.0503917279650531,0.270627122372759,0.786677833357397,0.961641767879583,"GO:0035556","intracellular signal transduction"
12.508091403894,0.0585166765538765,0.591201723209215,0.0989792049932314,0.921154781026717,NA,"GO:0035591","signaling adaptor activity"
1566.29628021615,-0.0437975671892157,0.12642657730238,-0.346426899499644,0.729021912328282,0.961641767879583,"GO:0035650","AP-1 adaptor complex binding"
442.330898846401,0.0442020599830131,0.151813234125415,0.291160782112691,0.770928355109626,0.961641767879583,"GO:0035735","intraciliary transport involved in cilium assembly"
5.35382507797757,1.15493542887789,0.974240178839614,1.18547300138401,0.235830483262868,NA,"GO:0036064","ciliary basal body"
9.84949067731764,-0.224038623349057,0.647852120237436,-0.345817535129695,0.729479846176049,NA,"GO:0036159",""
11600.2345240557,0.0222082586911407,0.0546835096668694,0.406123506454375,0.684651854903918,0.961641767879583,"GO:0036211","protein modification process"
4116.96402318902,0.00115821627068881,0.0582755298497244,0.0198748303734948,0.984143223631203,0.992544446271957,"GO:0036297",""
30.5560432992835,-0.089411430796531,0.357422020209683,-0.250156469777876,0.802466347252599,NA,"GO:0036374",""
1088.0758597707,-0.437300212957742,0.0770422313048941,-5.6761104338623,1.37791841710967e-08,5.69769265474847e-06,"GO:0036424",""
1077.73620311614,-0.0277768260727312,0.0783688226941265,-0.354437199868935,0.723011260192691,0.961641767879583,"GO:0036444","calcium import into the mitochondrion"
1490.15617897765,0.314906651712899,0.100229070313935,3.14186942696919,0.00167872882016654,0.0991649095912663,"GO:0038023","signaling receptor activity"
121.120568011207,-0.0584759536764316,0.219089980641831,-0.266903824196453,0.789543212145436,0.961641767879583,"GO:0038166","angiotensin-activated signaling pathway"
2389.56255822737,-0.00539463503141834,0.0790479158668467,-0.0682451266710865,0.945590504792957,0.983284844560872,"GO:0042054","histone methyltransferase activity"
339.581288800113,-0.0329236661312077,0.111090908820558,-0.296366880789394,0.766949915112343,0.961641767879583,"GO:0042073","intraciliary transport"
877.899637032252,0.300176251159509,0.12336737905363,2.4331898226436,0.0149664523840667,0.353589716912267,"GO:0042127","regulation of cell population proliferation"
7853.64507305054,-0.0513353436677181,0.0473448961050718,-1.08428464081514,0.278238613163074,0.780011298596143,"GO:0042147","retrograde transport, endosome to Golgi"
2407.40754029646,-0.0218251936665239,0.0818980882693738,-0.266492101680541,0.789860241495471,0.961641767879583,"GO:0042254",""
1288.7918881345,-0.0745369064889786,0.131243927879475,-0.567926514340746,0.570084867278456,0.933584525226302,"GO:0042256",""
2755.65993036303,-0.0442296672330795,0.0607419326605097,-0.728157062111964,0.466517446739057,0.892693108847779,"GO:0042274",""
6870.17859834988,-0.0164874869492965,0.0784678717709032,-0.21011767717409,0.833575829047438,0.971214855714933,"GO:0042407",""
96.1281281253007,0.000658428700003155,0.208833411339039,0.0031528896443405,0.997484362198738,0.998115757429602,"GO:0042470",""
17.9045643125626,0.318772475422195,0.545649356479779,0.584207553141333,0.559080680449978,NA,"GO:0042572",""
226.797700985065,-0.00717963853602767,0.171919523716369,-0.0417616241647608,0.966688727787277,0.986977256642072,"GO:0042586",""
2598.47021870759,-0.275321522984304,0.0782994881280252,-3.51626210549593,0.000437668683148614,0.0368789647737294,"GO:0042632",""
4.01748342035145,1.29848354815374,1.02124445395469,1.27147182354378,0.203560845177774,NA,"GO:0042742","defense response to bacterium"
392.837049587309,-0.0684026055016846,0.11585236183937,-0.590429097997375,0.554903007302981,0.927233751421414,"GO:0042773","ATP synthesis coupled electron transport"
3038.12513702506,-0.023119475650895,0.0537556501721302,-0.430084569284614,0.667134124311543,0.961641767879583,"GO:0042802","identical protein binding"
5901.55487987086,0.153233849232749,0.12642592399607,1.21204452686074,0.225495336565344,0.71884096696895,"GO:0042803","protein homodimerization activity"
27885.8341018496,-0.0184179499677726,0.0379057071485866,-0.485888573337417,0.627046170406199,0.959831221541006,"GO:0042981","regulation of apoptotic process"
6536.86590619324,0.135861627301984,0.0509620839055737,2.66593547378711,0.007677442719355,0.276054136039417,"GO:0042995","cell projection"
8659.84782337638,-0.0393746301782005,0.0516708006304951,-0.762028644761552,0.446042908129367,0.878279726245205,"GO:0043022","ribosome binding"
841.61996385635,0.12280930874087,0.119596551103241,1.02686329670875,0.304484839198217,0.811932113666492,"GO:0043023","ribosomal large subunit binding"
1263.97584345534,-0.100410401133119,0.0722394861080821,-1.38996560666127,0.164539321541282,0.660553489876895,"GO:0043047","single-stranded telomeric DNA binding"
6453.49771566106,-0.0638197941274569,0.0862627829992641,-0.739829992825542,0.459403157527972,0.883605153111839,"GO:0043065","positive regulation of apoptotic process"
491.161855305932,-0.0703289982099391,0.105748682126636,-0.665057916520593,0.506013450069029,0.904545527244242,"GO:0043083","synaptic cleft"
4373.58720746832,0.133017992986921,0.06073775802646,2.19003791560717,0.0285214871539462,0.394695439454873,"GO:0043087","regulation of GTPase activity"
10322.2106701387,-0.0106030339400177,0.0429511348683953,-0.246862719052849,0.8050144693804,0.96206208985201,"GO:0043123","positive regulation of canonical NF-kappaB signal transduction"
1702.73622342159,-0.189959823325828,0.103032322811942,-1.84369155369379,0.0652281046580374,0.507506941012625,"GO:0043124","negative regulation of canonical NF-kappaB signal transduction"
7181.33728773486,-0.00812929438667908,0.0743085624337312,-0.109399161017666,0.912885899166406,0.978055939208236,"GO:0043130","ubiquitin binding"
8003.42087283356,-0.00697237024851879,0.089730390261724,-0.0777035542605121,0.938063866766084,0.983243115102093,"GO:0043169","cation binding"
13958.6795908573,-0.102432238872197,0.0599879241482653,-1.70754764940736,0.087720309191661,0.568934361936909,"GO:0043248","proteasome assembly"
149.254617261975,-0.0386447668435082,0.210150802970076,-0.183890645657019,0.854099243353795,0.971214855714933,"GO:0043410","positive regulation of MAPK cascade"
829.803002104076,-0.111359431816672,0.0807303384607839,-1.37940003646543,0.167771448028795,0.667052824614488,"GO:0043461","proton-transporting ATP synthase complex assembly"
1002.68657165234,-0.115236827604175,0.0837935645541916,-1.37524675334283,0.169054958090231,0.668939953782875,"GO:0043517","positive regulation of DNA damage response, signal transduction by p53 class mediator"
113.071746187105,-0.332256748337223,0.277003736010205,-1.19946666829426,0.230346537889374,0.720847371368959,"GO:0043539","protein serine/threonine kinase activator activity"
2545.28165343995,-0.0997855636927715,0.0575808608130609,-1.73296408361678,0.0831020527543502,0.558743070145103,"GO:0043547","positive regulation of GTPase activity"
2252.37575957477,0.013192564750828,0.0594190460478114,0.222025859186845,0.824293752959642,0.967926969746985,"GO:0043565","sequence-specific DNA binding"
7195.41087564413,0.0474860132415436,0.100860672901769,0.470808015407465,0.637777840097969,0.959831221541006,"GO:0043890","N-acetylgalactosamine-6-sulfatase activity"
453.852652967752,-0.0330549280473254,0.154077663518912,-0.214534198484053,0.830130501181084,0.971214855714933,"GO:0044325","transmembrane transporter binding"
5001.12972841382,0.0365695946938185,0.0730256107149968,0.500777663285032,0.616527607393785,0.959824225279156,"GO:0044528","regulation of mitochondrial mRNA stability"
689.99757308549,-0.087799594333663,0.111279618633676,-0.788999777422786,0.430112136622136,0.872734171362613,"GO:0044599","AP-5 adaptor complex"
1223.09216319438,-0.0660688212337675,0.0833254588058886,-0.792900779432593,0.427835633188213,0.872734171362613,"GO:0044877","protein-containing complex binding"
28.7266739304519,0.222569955889639,0.377501164553017,0.589587468301389,0.555467255300936,NA,"GO:0045028","G protein-coupled purinergic nucleotide receptor activity"
278.445218021465,-0.0533980855134412,0.166129009189744,-0.321425413742477,0.747888026677166,0.961641767879583,"GO:0045039","protein insertion into mitochondrial inner membrane"
2.00635883592526,-0.45854365511649,1.64456725654742,-0.278823291228083,0.780380439198461,NA,"GO:0045087","innate immune response"
483.913934772394,-0.107689868714299,0.0989394311963241,-1.08844236733695,0.276399866163152,0.778474421025769,"GO:0045095","keratin filament"
72.5843462179187,0.0140854668923233,0.271730497013401,0.0518361650500667,0.958659238732129,0.986977256642072,"GO:0045127","N-acetylglucosamine kinase activity"
248.495667393193,-0.0565203521296712,0.155169659191524,-0.364248735378794,0.71567227734579,0.961641767879583,"GO:0045162","clustering of voltage-gated sodium channels"
32.362419446472,-0.398839085891878,0.367569939320027,-1.08506992337212,0.277890687151426,NA,"GO:0045216","cell-cell junction organization"
2581.00978547545,-0.135042371921113,0.0572811918758484,-2.35753425336897,0.0183967579864013,0.364357513859288,"GO:0045271","respiratory chain complex I"
621.05945747154,0.0495430235101402,0.0995535358626038,0.497652073136968,0.618729294013931,0.959824225279156,"GO:0045338","farnesyl diphosphate metabolic process"
5.50285268829311,-0.0701223774359896,1.02623439595025,-0.068329786755061,0.945523113131994,NA,"GO:0045494",""
22.5430398772507,4.06302847920697e-05,0.409614436525254,9.9191535183025e-05,0.999920856605645,NA,"GO:0045504",""
692.668852496991,-0.314108228805641,0.119471451847227,-2.62914883806137,0.00855988873343382,0.283161119301991,"GO:0045664","regulation of neuron differentiation"
47.279077633408,0.132954818272978,0.370410225344591,0.358939384433275,0.719640435672849,0.961641767879583,"GO:0045737",""
1938.94872158761,0.137851437589294,0.100492789406347,1.37175451496213,0.17013987131029,0.670027017017191,"GO:0045814","negative regulation of gene expression, epigenetic"
1391.38417966427,-0.0865852870117115,0.0624966856194801,-1.38543806209018,0.165918559306751,0.662872698293154,"GO:0045880","positive regulation of smoothened signaling pathway"
3492.26117375088,-0.0598498766267499,0.053959804829411,-1.10915665495752,0.267362607737607,0.765082617989622,"GO:0045892","negative regulation of DNA-templated transcription"
933.286251940767,-0.0421613011472689,0.111344455569632,-0.378656493774871,0.704942964565379,0.961641767879583,"GO:0045893","positive regulation of DNA-templated transcription"
3117.32466674206,0.146082193008582,0.103161904012513,1.41604785610455,0.156761493424315,0.651466105838734,"GO:0045930","negative regulation of mitotic cell cycle"
466.633478115873,0.125014059514034,0.123520726887608,1.01208973314887,0.311495150864683,0.811932113666492,"GO:0045944","positive regulation of transcription by RNA polymerase II"
2487.48522409688,-0.186913559198323,0.0932789773832816,-2.00381226769134,0.04509017421536,0.443923500905985,"GO:0045947","negative regulation of translational initiation"
2701.37722512152,0.127476613723669,0.102582875275487,1.24266953310998,0.213989635371219,0.710556473398713,"GO:0046332","SMAD binding"
5234.66041991761,0.0186719202806103,0.0609172799280343,0.306512705469921,0.759214307512866,0.961641767879583,"GO:0046488","phosphatidylinositol metabolic process"
3704.93542987957,-0.0345442479754247,0.0701014620762928,-0.49277500001112,0.622171577125849,0.959824225279156,"GO:0046854","phosphatidylinositol phosphate biosynthetic process"
2756.46039790906,0.0554513669954084,0.108244277358573,0.512279894591735,0.608455134301068,0.9586317152454,"GO:0046856","phosphatidylinositol dephosphorylation"
395121.031850917,0.0461869506460935,0.0372721691806594,1.23918064500684,0.215278606690331,0.710556473398713,"GO:0046872","metal ion binding"
1928.47432308087,-0.0271018778304413,0.0815677624182227,-0.332262122031517,0.739691338931569,0.961641767879583,"GO:0046873","metal ion transmembrane transporter activity"
15912.2225271821,-0.0197561664843008,0.0524653835390907,-0.376556219580116,0.706503428411933,0.961641767879583,"GO:0046907","intracellular transport"
2188.62083535196,-0.0451580347546545,0.0884152581619083,-0.510749340028617,0.609526586691929,0.9586317152454,"GO:0046912","acyltransferase activity, acyl groups converted into alkyl on transfer"
3790.11489402131,-0.0230228058090787,0.0890493889540997,-0.25853973934561,0.795990383549505,0.961641767879583,"GO:0046922","peptide-O-fucosyltransferase activity"
6267.07001409359,-0.122461430468033,0.0585727402234034,-2.09075808987168,0.0365497547615562,0.428360918008313,"GO:0046933","proton-transporting ATP synthase activity, rotational mechanism"
3.34683009165163,-0.266681894354269,1.17380191948695,-0.22719497210469,0.820272137160463,NA,"GO:0046935","1-phosphatidylinositol-3-kinase regulator activity"
14853.3471890509,-0.00774918674987215,0.0376344668566314,-0.205906643487011,0.836863835895596,0.971214855714933,"GO:0046961","proton-transporting ATPase activity, rotational mechanism"
10476.8649652882,-0.0468481749753322,0.049726050466417,-0.942125395761555,0.346128443813691,0.836983108286323,"GO:0046982","protein heterodimerization activity"
81520.1028289151,0.122509569746196,0.0475997291559774,2.5737451014637,0.0100604360913395,0.313797456037209,"GO:0046983","protein dimerization activity"
2791.80819467432,0.0436960077704029,0.0560876759985437,0.779066113766907,0.43594077017889,0.877184956053388,"GO:0047057","vitamin-K-epoxide reductase (warfarin-sensitive) activity"
566.947708373624,-0.123842564654848,0.110002303496392,-1.12581792124844,0.26024259690459,0.761439468099177,"GO:0047134","protein-disulfide reductase (NAD(P)H) activity"
63.2584351809281,0.0594016952427945,0.260892935742234,0.227686100713299,0.819890278682085,0.965882137421772,"GO:0047184","1-acylglycerophosphocholine O-acyltransferase activity"
787.958892187455,-0.162957123109548,0.103258509433649,-1.57814715710438,0.114531806744984,0.612542936699764,"GO:0047429","nucleoside triphosphate diphosphatase activity"
1324.46298928602,-0.0656309230072772,0.0816325503452305,-0.803979818463576,0.421408630495017,0.871262343548448,"GO:0047617","fatty acyl-CoA hydrolase activity"
309.84538628344,-0.109753784248956,0.128861193764168,-0.851720995615009,0.394368964677333,0.870944777677854,"GO:0047631","ADP-ribose diphosphatase activity"
5109.83152444074,0.0214921690944278,0.0601726943132769,0.3571747840064,0.720960961979356,0.961641767879583,"GO:0048013","ephrin receptor signaling pathway"
2742.98043156343,0.0699694572279935,0.0787081895478957,0.888973023390603,0.374017578088361,0.868855441233355,"GO:0048038","quinone binding"
1295.24067436058,-0.217065137531574,0.0675270792307689,-3.21449024605032,0.00130676354467967,0.0982448592227348,"GO:0048039","ubiquinone binding"
1291.03887744914,-0.0430615314709486,0.105899956711044,-0.406624637141687,0.684283699325786,0.961641767879583,"GO:0048040","UDP-glucuronate decarboxylase activity"
70.6916171991276,0.384756212266033,0.248710837859262,1.54700219571355,0.121862716184119,0.612542936699764,"GO:0048168","regulation of neuronal synaptic plasticity"
755.252810949404,-0.0969679798217153,0.0809944345321845,-1.19721781356697,0.231221668401149,0.720847371368959,"GO:0048188","Set1C/COMPASS complex"
2910.63465645067,0.132845553139944,0.0874450221605194,1.51918942734195,0.128714821803517,0.612542936699764,"GO:0048193","Golgi vesicle transport"
814.349313259547,0.104199276339732,0.1234992912126,0.84372367903194,0.398823832429586,0.870944777677854,"GO:0048487","beta-tubulin binding"
659.51650797876,-0.153105801838785,0.100704625157146,-1.52034528304802,0.128424218670289,0.612542936699764,"GO:0048489","synaptic vesicle transport"
399.858821090919,-0.106976115347811,0.107483018919474,-0.995283872961897,0.319598219073198,0.811932113666492,"GO:0048598","embryonic morphogenesis"
995.788626261845,-0.221992356327152,0.0838735083334809,-2.64675176629682,0.00812689847742652,0.280039376701322,"GO:0050220","prostaglandin-E synthase activity"
784.872295438961,-0.0949718853214367,0.120490276403949,-0.78821202968312,0.430572693754207,0.872734171362613,"GO:0050290","sphingomyelin phosphodiesterase D activity"
42595.8677661985,-0.00717378068434258,0.0665768788565536,-0.107751832280981,0.914192552609391,0.978055939208236,"GO:0050660","flavin adenine dinucleotide binding"
7711.49447645589,0.0577861547633208,0.0750297618438268,0.770176438565829,0.441195238288649,0.878279726245205,"GO:0050661","NADP binding"
20.2283288926241,0.0916324636308595,0.494554056955361,0.185283008686612,0.853007064394559,NA,"GO:0050776","regulation of immune response"
2.83433664738266,-0.487983111805106,1.60104933570948,-0.30478955327686,0.760526438486059,NA,"GO:0050852","T cell receptor signaling pathway"
217.791814584467,-0.0163705749326039,0.199914745934335,-0.0818877809943099,0.934735951158973,0.983243115102093,"GO:0050890","cognition"
51.9424474941486,0.0312001032151359,0.285799276242212,0.109167887425628,0.91306933016946,0.978055939208236,"GO:0050930","induction of positive chemotaxis"
1037.13793106481,-0.0900205552311652,0.104907203129669,-0.85809698996452,0.390838909316505,0.870944777677854,"GO:0050953","sensory perception of light stimulus"
15094.7211189634,0.0357688367241067,0.0442789750363508,0.807806339120142,0.419202075327214,0.870944777677854,"GO:0051015","actin filament binding"
10868.0214178637,-0.140974798576097,0.0682738542534879,-2.06484312505172,0.0389378459474064,0.431808388878434,"GO:0051016","barbed-end actin filament capping"
678.463729341761,0.0483155814517697,0.0910921015527319,0.530403631359855,0.595832108801264,0.957660461302894,"GO:0051018","protein kinase A binding"
7213.38702288648,-0.037399423085242,0.0549991114663715,-0.680000496155458,0.496504146748596,0.904545527244242,"GO:0051082","unfolded protein binding"
6923.25740992956,0.0443222272092555,0.0498447317968823,0.889205852082201,0.373892458299826,0.868855441233355,"GO:0051087","protein-folding chaperone binding"
985.926547616295,-0.0340858575805708,0.0815309606974944,-0.418072561502619,0.675894065573996,0.961641767879583,"GO:0051117","ATPase binding"
174.562637552046,-0.001018932550937,0.182693813540043,-0.00557726904481997,0.995550006207906,0.99796346076841,"GO:0051131","chaperone-mediated protein complex assembly"
4560.52867488649,0.0297468150850691,0.0866555427079856,0.343276542451656,0.731390426254802,0.961641767879583,"GO:0051225","spindle assembly"
13.5064493777085,-0.302517590328659,0.543054658521733,-0.557066559657461,0.577481954120474,NA,"GO:0051260","protein homooligomerization"
144339.795985748,-0.00881309298926323,0.0695126962626579,-0.12678393247706,0.899111413131238,0.977299480184629,"GO:0051287","NAD binding"
8840.53904151307,0.143776783070183,0.0701050972292007,2.05087488289363,0.0402791327318352,0.431808388878434,"GO:0051301","cell division"
1111.24860496916,0.48838376794942,0.438304249558457,1.11425743291655,0.265168762772144,0.761439468099177,"GO:0051315","attachment of mitotic spindle microtubules to kinetochore"
222.841534187876,-0.0589150847613055,0.152741367913671,-0.385717933301503,0.699705579870272,0.961641767879583,"GO:0051321","meiotic cell cycle"
800.243774878178,-0.0227619615337416,0.0889647010151824,-0.255853852977678,0.798063688777937,0.961641767879583,"GO:0051377","mannose-ethanolamine phosphotransferase activity"
4543.68893081482,-0.0546703286919382,0.0672657602011045,-0.812751220360704,0.416360707982504,0.870944777677854,"GO:0051536","iron-sulfur cluster binding"
2237.19357705859,0.22317957381338,0.2802030476844,0.796492313904998,0.425745941182361,0.872734171362613,"GO:0051537","2 iron, 2 sulfur cluster binding"
441.767119886591,0.50342159109306,0.228648295369598,2.20172903663815,0.0276844543690138,0.394695439454873,"GO:0051539","4 iron, 4 sulfur cluster binding"
2993.59859964165,-0.0439248888021224,0.0760165792398725,-0.577833010132121,0.563376866421018,0.932238487024284,"GO:0051560","mitochondrial calcium ion homeostasis"
47521.7209751508,-0.0935381520724434,0.0381579364245738,-2.45134199689595,0.0142324655837794,0.353589716912267,"GO:0051603","proteolysis involved in protein catabolic process"
7860.37541704727,0.0490424460673717,0.0902437478330145,0.543444252316726,0.586823964239263,0.951575330246805,"GO:0051604","protein maturation"
4290.55933120267,0.0690267280756591,0.0705851085301833,0.977921965596216,0.328112920314355,0.817220475018334,"GO:0051723","protein methylesterase activity"
6084.17542157353,0.0688563126185646,0.0569282920680991,1.2095271106359,0.226460402058778,0.71884096696895,"GO:0051726","regulation of cell cycle"
1684.77890930706,0.0996104787033188,0.137067978991303,0.726723188277543,0.46739554550313,0.892693108847779,"GO:0051879","Hsp90 protein binding"
330.978559543263,-0.223915066880396,0.129553089366041,-1.72836532093607,0.0839227487976503,0.559710590771425,"GO:0051920","peroxiredoxin activity"
4215.67516976821,0.101087663485775,0.0481350960435969,2.10008230573005,0.035721601547356,0.428360918008313,"GO:0055056","D-glucose transmembrane transporter activity"
527.037734754968,-0.135464151866584,0.11770086339404,-1.15091893092641,0.249765588829243,0.753637972480997,"GO:0055070","copper ion homeostasis"
51115.0244974191,-0.00924477209010083,0.045955661603406,-0.201167206989262,0.840567832338862,0.971214855714933,"GO:0055085","transmembrane transport"
982.132015807206,0.13451738952728,0.0948198908172904,1.41866214322566,0.155997539052197,0.651466105838734,"GO:0060147","regulation of post-transcriptional gene silencing"
5325.57982792889,0.0933377202824954,0.070366253754078,1.32645572704069,0.184688790567821,0.690252414725017,"GO:0060271","cilium assembly"
265.847475190877,0.0963705919815104,0.199762270729027,0.482426394282606,0.629503074861092,0.959831221541006,"GO:0060294","cilium movement involved in cell motility"
545.964632829064,-0.0742017606044795,0.145359689595611,-0.510469999013535,0.6097222275926,0.9586317152454,"GO:0060828","regulation of canonical Wnt signaling pathway"
50.7209770485423,-0.0553740329632624,0.285598639644296,-0.193887593555169,0.846263898273424,0.971214855714933,"GO:0061575","cyclin-dependent protein serine/threonine kinase activator activity"
3465.90715212884,-0.154368193520291,0.0923085372420907,-1.67230678908323,0.0944638415940541,0.575466093078079,"GO:0061617","MICOS complex"
8627.02938181343,0.0309783251987506,0.0440595360027814,0.703101485153974,0.481992506693722,0.90117859729686,"GO:0061630","ubiquitin protein ligase activity"
909.598631218706,0.155751592349958,0.0761116568274197,2.04635661398252,0.0407212973886535,0.431808388878434,"GO:0061709","reticulophagy"
1015.88268608556,0.0844888629597179,0.086893582228035,0.972325697633154,0.330888543463263,0.817220475018334,"GO:0061809","NAD+ nucleotidase, cyclic ADP-ribose generating"
273.528427549318,0.0947168021042445,0.122449668227416,0.773516200373322,0.439216944840152,0.878279726245205,"GO:0061929",""
782.974744949177,0.0689098773065916,0.119677844840206,0.575794771359732,0.564753908100564,0.932238487024284,"GO:0070006",""
22.3676809700115,0.0644139425384608,0.427881933996734,0.150541393362386,0.880337495640891,NA,"GO:0070037",""
3295.48354243175,-0.111366314056293,0.0950789836870629,-1.17130316014774,0.241476941643218,0.739634928662746,"GO:0070072",""
6887.03562625998,0.0658757720650987,0.0674954932458425,0.976002528422984,0.329063211365623,0.817220475018334,"GO:0070161","anchoring junction"
1667.22306114884,0.18762357474997,0.156864241895196,1.19608887585307,0.231661878209295,0.720847371368959,"GO:0070273",""
84.2531241317606,-0.329173111622232,0.218446654438797,-1.50688099329284,0.13184116412643,0.612542936699764,"GO:0070286",""
3901.95566255438,0.0633577645142467,0.0617779613029719,1.02557227817097,0.30509324002991,0.811932113666492,"GO:0070403",""
601.265231645084,0.0378927896065847,0.0867680894884483,0.436713425753479,0.662319191332972,0.961641767879583,"GO:0070461","SAGA-type complex"
30.6767502853186,-0.421938385476447,0.395671533957817,-1.06638549722263,0.286249414888765,NA,"GO:0070475",""
609.50625172816,0.0470647805348384,0.0927280739252101,0.507556973229041,0.611764071652213,0.959824225279156,"GO:0070481",""
1636.23204896198,0.191876662075279,0.103231101642728,1.85870981731208,0.0630682811675519,0.507506941012625,"GO:0070530",""
7949.16709573498,0.0201732444827926,0.0412168264235989,0.489441964198444,0.624528832746246,0.959824225279156,"GO:0070531",""
1070.413296364,0.269935429634984,0.173172316022471,1.55876779750383,0.119051348588491,0.612542936699764,"GO:0070532",""
2535.96157451332,-0.0190783182867229,0.0598326340715948,-0.318861413721049,0.749831605536156,0.961641767879583,"GO:0070569","uridylyltransferase activity"
2949.80454415691,-0.0319068422244989,0.06489112037537,-0.491698125104485,0.622932763865209,0.959824225279156,"GO:0070573",""
14806.8264628647,0.0113768013196733,0.0714133427126288,0.159309183515666,0.873425285762979,0.97320255874164,"GO:0070836","caveola assembly"
35.5245513064293,-0.210026195996461,0.383280036618822,-0.547970611381817,0.583712082434079,NA,"GO:0070988","demethylation"
6131.60110287271,0.0596825623141145,0.0474741093105977,1.25716023282593,0.20869562001642,0.710556473398713,"GO:0071203","WASH complex"
2277.5378288851,0.101946685704896,0.115780966781729,0.880513339442802,0.378581282047541,0.869962837610257,"GO:0071539","protein localization to centrosome"
6123.21984640609,-0.0657638367971797,0.080272585162905,-0.819256495399004,0.412640088052423,0.870944777677854,"GO:0071569","protein ufmylation"
1242.29830172154,-0.113286672022782,0.0971991091540538,-1.1655114229826,0.243812039113397,0.744031573235349,"GO:0071595",""
1411.69901432383,-0.100051416610278,0.0985279938010467,-1.01546182714638,0.309885734012238,0.811932113666492,"GO:0071786","endoplasmic reticulum tubular network organization"
1863.84053977542,-0.135535818611001,0.124435754052356,-1.089203176717,0.276064298378153,0.778474421025769,"GO:0071816","tail-anchored membrane protein insertion into ER membrane"
264.705593289856,-0.177759402642945,0.157154115330756,-1.13111516213764,0.258006623419001,0.761439468099177,"GO:0071949","FAD binding"
784.60092726476,-0.210064762524914,0.0979910528541135,-2.14371370045032,0.0320558337616832,0.420796420966857,"GO:0071985","multivesicular body sorting pathway"
2022.40975776524,0.0331673814789364,0.0976543564455576,0.339640571974146,0.734127220479318,0.961641767879583,"GO:0072487","MSL complex"
478.654950348105,-0.135003696406348,0.139743487260859,-0.966082205708356,0.334003047830951,0.817220475018334,"GO:0072546","EMC complex"
2167.824135734,0.0102139835028994,0.107264485112303,0.095222416741251,0.924138164902791,0.983243115102093,"GO:0072659","protein localization to plasma membrane"
994.151251457926,-0.00280471246284436,0.11366799556585,-0.0246746012268646,0.980314514195945,0.991100370709103,"GO:0072669","tRNA-splicing ligase complex"
3324.94563991201,0.1749304640339,0.118527897839181,1.47585899373029,0.139981749729684,0.621634573525947,"GO:0080019","alcohol-forming very long-chain fatty acyl-CoA reductase activity"
198.16652773925,0.0426947466503215,0.162454118207448,0.262811107046248,0.792696174210836,0.961641767879583,"GO:0080048","GDP-D-glucose phosphorylase activity"
1573.17533606897,0.115502254674681,0.0932857842035105,1.23815494140783,0.215658615263696,0.710556473398713,"GO:0090090","negative regulation of canonical Wnt signaling pathway"
1178.04124494418,-0.0946120611621721,0.0955380676863996,-0.990307460192025,0.322023861284896,0.811932113666492,"GO:0090162","establishment of epithelial cell polarity"
661.406579307361,-0.0534103749377111,0.128179149217596,-0.416685360011574,0.676908564056631,0.961641767879583,"GO:0090307","mitotic spindle assembly"
219.246531951048,-0.313771379700685,0.150926032714796,-2.07897454174534,0.0376196904730232,0.431808388878434,"GO:0090324","negative regulation of oxidative phosphorylation"
956.306521437367,0.125460839213249,0.179635294612699,0.698419759233549,0.484914722850185,0.90117859729686,"GO:0097190","apoptotic signaling pathway"
336.519201576945,0.0231567143077562,0.133308718605363,0.173707425515863,0.862095401532193,0.971214855714933,"GO:0097191","extrinsic apoptotic signaling pathway"
17.7052638272807,0.0200543417096791,0.493252417704808,0.0406573612005706,0.967569054300286,NA,"GO:0097193","intrinsic apoptotic signaling pathway"
3976.01399586371,-0.00933415661303649,0.0748589849810559,-0.12468986341985,0.900769082588137,0.977299480184629,"GO:0097250","mitochondrial respirasome assembly"
1580.17154479408,0.245206491430702,0.143434490222925,1.70953646538991,0.0873516230418173,0.568934361936909,"GO:0097367","carbohydrate derivative binding"
78.9516696450827,0.492199984338177,0.328164732252127,1.49985643173875,0.133651595774294,0.617485305616429,"GO:0098599","palmitoyl hydrolase activity"
1579.09925803114,-0.126028476102743,0.0705016301402063,-1.78759662510088,0.0738411103738586,0.521936737428898,"GO:0098609","cell-cell adhesion"
5128.33008623319,-0.0337544359610507,0.0730196447203352,-0.462265135503329,0.643891198363587,0.959831221541006,"GO:0099122","RNA polymerase II C-terminal domain binding"
5.35367084063795,0.57082870204829,0.862874591554086,0.661543065047489,0.508264106358164,NA,"GO:0099513","polymeric cytoskeletal fiber"
2433.53390188736,0.195536087293771,0.163547775844766,1.19559001205474,0.231856591032821,0.720847371368959,"GO:0106245",""
2.17223252048487,-0.20404255660797,1.4357341174046,-0.142117230575269,0.886987408288051,NA,"GO:0106274",""
497.144428059734,-0.173945400521413,0.0962840273144986,-1.80658625706675,0.0708268138842448,0.511813834396273,"GO:0106364",""
545.936530066558,-0.160197003655145,0.0986472865423397,-1.62393725433479,0.104389200597562,0.589555482678875,"GO:0106370",""
300.158599910799,0.10653877556276,0.129182884850282,0.824712775893134,0.409534676648525,0.870944777677854,"GO:0120009",""
24.9094563980647,0.119921401418366,0.451953080337987,0.265340378538152,0.790747261342222,NA,"GO:0120053",""
1727.46478222128,-0.133700201124548,0.101508814941558,-1.31712897250868,0.187795396992901,0.690252414725017,"GO:0120212",""
194.117185397092,0.0969041109072168,0.186082762190817,0.520758128084144,0.602535275364218,0.9586317152454,"GO:0140575",""
2522.00397071934,0.0602722287069593,0.0812461752037323,0.741846967636582,0.458180060102547,0.883605153111839,"GO:0141167","chromosomal 5-methylcytosine DNA demethylation, oxidation pathway"
3502.91509078401,-0.0976586495336461,0.0597736952792575,-1.63380646080844,0.102299495310762,0.589555482678875,"GO:1900745","positive regulation of p38MAPK cascade"
283.785468887893,-0.077850549658471,0.126854715914476,-0.613698506178966,0.539414575690112,0.923703906343303,"GO:1901222","regulation of non-canonical NF-kappaB signal transduction"
766.844171510657,-0.115680590569503,0.0831862056005146,-1.39062227606626,0.164339997719864,0.660553489876895,"GO:1902230","negative regulation of intrinsic apoptotic signaling pathway in response to DNA damage"
3165.86052190794,0.118924649232003,0.0645711730096372,1.84176070665858,0.0655101599966897,0.507506941012625,"GO:1902600","proton transmembrane transport"
5987.44722916464,-0.109322059175439,0.0482182260656166,-2.2672351949794,0.0233758618998511,0.394527301860751,"GO:1902979","mitotic DNA replication termination"
168.574584814612,-0.110897631550577,0.163511211663184,-0.678226467913494,0.497628113105738,0.904545527244242,"GO:1903259","exon-exon junction complex disassembly"
189.785073048233,0.346911371359276,0.164312097610328,2.11129537267541,0.0347469315377206,0.428360918008313,"GO:1904262","negative regulation of TORC1 signaling"
984.436140152316,-0.0380940098561358,0.130431000897894,-0.29206254336695,0.770238804747832,0.961641767879583,"GO:1990756","ubiquitin-like ligase-substrate adaptor activity"
3481.24840846798,0.137760318001436,0.072319283401004,1.90489052881743,0.0567943026598275,0.496252054696183,"GO:1990817","poly(A) RNA polymerase activity"
1571.54851153874,-0.00337441242177185,0.120675177558415,-0.0279627715495874,0.977691843527488,0.990986265195636,"GO:1990841","promoter-specific chromatin binding"
364.470284484901,-0.160851450333978,0.160609358763131,-1.00150733165684,0.316581597365792,0.811932113666492,"GO:2000042","negative regulation of double-strand break repair via homologous recombination"
386.948395389932,-0.069419467324336,0.150050674255659,-0.462640155858665,0.643622320369431,0.959831221541006,"GO:2000781","positive regulation of double-strand break repair"
