"id","nam","log2FoldChange","pvalue","padj","def","baseMean","lfcSE","stat"
"","",-0.00314674174757934,0.778557022244398,0.83349074107281,"",254402.803699418,0.0111904054201116,-0.28119997707357
"GO:0000010","trans-hexaprenyltranstransferase activity",0.346280864831518,1.13061738489091e-07,3.0609397493388e-07,"Catalysis of the reaction: all-trans-hexaprenyl diphosphate + isopentenyl diphosphate = all-trans-heptaprenyl diphosphate + diphosphate.",673.179925826064,0.0652821644956713,5.30437168416007
"GO:0000015","phosphopyruvate hydratase complex",2.22762173426407,3.37244908335991e-109,6.40765325838383e-108,"A multimeric enzyme complex, usually a dimer or an octamer, that catalyzes the conversion of 2-phospho-D-glycerate to phosphoenolpyruvate and water.",260.046161532814,0.100339616690751,22.2008196536136
"GO:0000027","ribosomal large subunit assembly",0.43230593743497,6.3627224362575e-10,1.97048188224186e-09,"The aggregation, arrangement and bonding together of constituent RNAs and proteins to form the large ribosomal subunit.",771.949852103524,0.0699391473142929,6.18117254836224
"GO:0000030","mannosyltransferase activity",-0.0507135392759556,0.230360256879715,0.298421241866904,"Catalysis of the transfer of a mannosyl group to an acceptor molecule, typically another carbohydrate or a lipid.",1746.99457562124,0.0422813181803405,-1.19943136729204
"GO:0000045","autophagosome assembly",0.225342250295436,2.24436501777919e-06,5.52318065635508e-06,"The formation of a double membrane-bounded structure, the autophagosome, that occurs when a specialized membrane sac, called the isolation membrane, starts to enclose a portion of the cytoplasm.",1367.43826106552,0.0476403086256312,4.73007536677036
"GO:0000049","tRNA binding",0.130255250316681,1.78514586754788e-07,4.75362706396272e-07,"Binding to a transfer RNA.",5656.8477273192,0.0249510895445441,5.22042334400436
"GO:0000062","fatty-acyl-CoA binding",0.203255265788407,2.18076089733834e-08,6.23401985754186e-08,"Binding to a fatty-acyl-CoA, any derivative of coenzyme A in which the sulfhydryl group is in thiolester linkage with a fatty acyl group.",2234.95137939738,0.0363149519134814,5.59701321573144
"GO:0000076","DNA replication checkpoint signaling",0.0683858132534746,0.252278212905992,0.323044779003483,"A signal transduction process that contributes to a DNA replication checkpoint, that prevents the initiation of nuclear division until DNA replication is complete, thereby ensuring that progeny inherit a full complement of the genome.",991.17279281017,0.0597342971179977,1.14483331273467
"GO:0000077","DNA damage checkpoint signaling",0.428298969600856,1.38323085697683e-18,6.46836779903356e-18,"A signal transduction process that contributes to a DNA damage checkpoint.",1430.53510241268,0.0486771377389612,8.7987706240592
"GO:0000079","regulation of cyclin-dependent protein serine/threonine kinase activity",-0.159656253806753,0.000789024281812425,0.00155084082976925,"Any process that modulates the frequency, rate or extent of cyclin-dependent protein serine/threonine kinase activity.",1908.63448841542,0.0475646373469967,-3.35661665287213
"GO:0000082","G1/S transition of mitotic cell cycle",3.1269926552966,8.30732401541986e-10,2.55023964316164e-09,"The mitotic cell cycle transition by which a cell in G1 commits to S phase. The process begins with the build up of G1 cyclin-dependent kinase (G1 CDK), resulting in the activation of transcription of G1 cyclins. The process ends with the positive feedback of the G1 cyclins on the G1 CDK which commits the cell to S phase, in which DNA replication is initiated.",15.4540810500508,0.509370018112078,6.13894132773351
"GO:0000103","sulfate assimilation",0.442414352620994,0.527508621233786,0.60859720031841,"The pathways by which inorganic sulfate is processed and incorporated into sulfated compounds.",4.80142984564576,0.700229123718329,0.63181369873864
"GO:0000118","histone deacetylase complex",0.676275254773972,2.48933759149491e-51,2.63819747761948e-50,"A protein complex that possesses histone deacetylase activity.",1862.95047011818,0.0448707742614596,15.0716199108433
"GO:0000122","negative regulation of transcription by RNA polymerase II",-0.154742959607097,1.60005000756429e-09,4.84147125674761e-09,"Any process that stops, prevents, or reduces the frequency, rate or extent of transcription mediated by RNA polymerase II.",6099.16730178753,0.0256454063588914,-6.03394453734002
"GO:0000123","histone acetyltransferase complex",0.215504412106636,2.20240765890849e-12,7.84607728486149e-12,"A protein complex that possesses histone acetyltransferase activity.",4799.82669951808,0.0306941367792086,7.02102859763802
"GO:0000124","SAGA complex",0.180827133765254,0.00066864555259757,0.00132410654500308,"A SAGA-type histone acetyltransferase complex that deubiquitinates H2A and/or H2B. This complex is organized into several functional submodules: a structural core including the activator binding module and consisting of ADA1 or a homolog, members of the SPT and TAF protein families as well as promotor recruitment factor TRRAP/TRA1, a histone acetyltransferase (HAT) module consisting of GCN5/KAT2A or PCAF/KAT2B, ADA2, ADA3/NGG1, and SGF29 or homologues thereof, a histone deubiquitinase (DUB) module consisting of ATXN7/SGF73, ATXN7L3/SGF11, ENY2/SUS1 and USP22/UBP8 or homologues thereof, and in some taxa a splicing module consisting of SF3B3 and SF3B5 or homologues thereof (not in fungi). In budding yeast also contains Spt8 which distinguishes it from SAGA-like (SLIK) complex (GO:0046695).",946.166089060208,0.0531512639986359,3.40212292542836
"GO:0000126","transcription factor TFIIIB complex",0.133519658691901,0.161906911303922,0.218047047215819,"A transcription factor complex that is involved in regulating transcription from RNA polymerase III (Pol III) promoters. TFIIIB contains the TATA-binding protein (TBP) and two Pol III-specific proteins, B'' and BRF.",273.424132540828,0.095460723990346,1.3986868432446
"GO:0000127","transcription factor TFIIIC complex",-0.0191470967019565,0.434752703064042,0.515688105040532,"A heterotrimeric transcription factor complex that is involved in regulating transcription from RNA polymerase III (Pol III) promoters. TFIIIC contains three conserved subunits that associate with the proximal Pol III promoter element, and additional subunits that associate with sequence elements downstream of the promoter and are more diverged among species. It also functions as a boundary element to partition genome content into distinct domains outside Pol III promoter regions.",5424.34028753731,0.0245134716684472,-0.781084660750109
"GO:0000132","establishment of mitotic spindle orientation",0.0178722009789775,0.723672218832873,0.786308454156893,"A cell cycle process that sets the alignment of mitotic spindle relative to other cellular structures.",1606.81164233368,0.0505499526919537,0.353555246389425
"GO:0000139","Golgi membrane",-0.0356642210390778,0.115444226838784,0.160919943425641,"The lipid bilayer surrounding any of the compartments of the Golgi apparatus.",8251.76609953599,0.0226556446786212,-1.57418698717198
"GO:0000145","exocyst",1.13085352886465,0,0,"A protein complex peripherally associated with the plasma membrane that determines where vesicles dock and fuse. At least eight complex components are conserved between yeast and mammals.",10330.7244622974,0.0226915828528739,49.8358151653326
"GO:0000151","ubiquitin ligase complex",0.164347245017742,5.03285863936493e-06,1.20071254190279e-05,"A protein complex that includes a ubiquitin-protein ligase and enables ubiquitin protein ligase activity. The complex also contains other proteins that may confer substrate specificity on the complex.",2186.0079912418,0.0360141044232474,4.56341335289888
"GO:0000154","rRNA modification",-0.637658738841448,7.34513207581701e-21,3.82490951799952e-20,"The covalent alteration of one or more nucleotides within an rRNA molecule to produce an rRNA molecule with a sequence that differs from that coded genetically.",669.437237104821,0.0680628787406544,-9.36867130276948
"GO:0000159","protein phosphatase type 2A complex",-0.140772289150981,3.12853722160157e-08,8.83023562121844e-08,"A protein complex that has protein serine/threonine phosphatase activity that is polycation-stimulated (PCS), being directly stimulated by protamine, polylysine, or histone H1; it constitutes a subclass of several enzymes activated by different histones and polylysine, and consists of catalytic, scaffolding, and regulatory subunits. The catalytic and scaffolding subunits form the core enzyme, and the holoenzyme also includes the regulatory subunit.",11067.4364579505,0.0254373106063476,-5.53408696892087
"GO:0000165","MAPK cascade",-0.364008135756422,4.34218681560203e-08,1.21454535730831e-07,"An intracellular protein kinase cascade containing at least a MAPK, a MAPKK and a MAP3K. The cascade can also contain an additional tiers: the upstream MAP4K. The kinases in each tier phosphorylate and activate the kinase in the downstream tier to transmit a signal within a cell.",604.973513362313,0.0664692639906915,-5.47633769207071
"GO:0000166","nucleotide binding",-0.117638281767619,1.90082698282184e-05,4.3338855208338e-05,"Binding to a nucleotide, any compound consisting of a nucleoside that is esterified with (ortho)phosphate or an oligophosphate at any hydroxyl group on the ribose or deoxyribose.",41978.9440315095,0.0275097954582242,-4.27623251311564
"GO:0000175","3'-5'-exoribonuclease activity",0.0383847127651771,0.293887723700587,0.367839293343939,"Catalysis of the sequential cleavage of mononucleotides from a free 3' terminus of an RNA molecule.",8101.78560573364,0.0365697152684605,1.04963116292792
"GO:0000178","exosome (RNase complex)",0.0769689520766698,0.0576194681637172,0.085217011470743,"A ribonuclease complex that has 3-prime to 5-prime exoribonuclease activity and possibly endoribonuclease activity, producing 5-prime-phosphomonoesters. Participates in a multitude of cellular RNA processing and degradation events preventing nuclear export and/or translation of aberrant RNAs. Restricted to processing linear and circular single-stranded RNAs (ssRNA) only. RNAs with complex secondary structures may have to be unwound or pre-processed by co-factors prior to entering the complex, esp if the 3-prime end is structured.",1714.88452541997,0.0405402324155417,1.89858191457142
"GO:0000184","nuclear-transcribed mRNA catabolic process, nonsense-mediated decay",0.430738346237734,3.7189395795821e-11,1.23710466456446e-10,"The nonsense-mediated decay pathway for nuclear-transcribed mRNAs degrades mRNAs in which an amino-acid codon has changed to a nonsense codon; this prevents the translation of such mRNAs into truncated, and potentially harmful, proteins.",887.63086008224,0.0651167368620921,6.61486381220202
"GO:0000209","protein polyubiquitination",0.0654334138371187,0.444288096810236,0.524638071765279,"Addition of multiple ubiquitin groups to a protein, forming a ubiquitin chain.",295.546874818102,0.0855369823122132,0.764972203464979
"GO:0000225","N-acetylglucosaminylphosphatidylinositol deacetylase activity",0.544532031778083,0.000211885707267723,0.00043939720415696,"Catalysis of the reaction: N-acetyl-D-glucosaminylphosphatidylinositol + H2O = D-glucosaminylphosphatidylinositol + acetate. This reaction is the second step of the biosynthesis of glycosylphosphatidylinositol (GPI), used to anchor various eukaryotic proteins to the cell-surface membrane.",125.995316837571,0.146995729963792,3.70440714102519
"GO:0000226","microtubule cytoskeleton organization",-0.284427123718993,1.93717666250173e-20,9.8445917619666e-20,"A process that is carried out at the cellular level which results in the assembly, arrangement of constituent parts, or disassembly of cytoskeletal structures comprising microtubules and their associated proteins.",6378.24480664734,0.0306966230317364,-9.26574637949363
"GO:0000228","nuclear chromosome",0.38751401467648,1.12736736862493e-48,1.15418338855825e-47,"A chromosome that encodes the nuclear genome and is found in the nucleus of a eukaryotic cell during the cell cycle phases when the nucleus is intact.",11764.4044231472,0.026429644820194,14.6620969488169
"GO:0000245","spliceosomal complex assembly",0.0273660308364702,0.797811002659154,0.848978601054559,"The aggregation, arrangement and bonding together of a spliceosomal complex, a ribonucleoprotein apparatus that catalyzes nuclear mRNA splicing via transesterification reactions.",292.235992832225,0.106822989498838,0.256181098889466
"GO:0000275","mitochondrial proton-transporting ATP synthase complex, catalytic sector F(1)",-0.464125198620305,0.0103805307442071,0.017528053914758,"The catalytic sector of the mitochondrial hydrogen-transporting ATP synthase; it comprises the catalytic core and central stalk, and is peripherally associated with the mitochondrial inner membrane when the entire ATP synthase is assembled.",78.2499593272548,0.181094556081214,-2.56288873980377
"GO:0000276","mitochondrial proton-transporting ATP synthase complex, coupling factor F(o)",-0.35372692614049,2.07112415939011e-29,1.39108307393431e-28,"All non-F1 subunits of the mitochondrial hydrogen-transporting ATP synthase, including integral and peripheral mitochondrial inner membrane proteins.",4690.7815589738,0.0314148897060925,-11.2598493723786
"GO:0000278","mitotic cell cycle",0.187471003409724,0.231175453447863,0.299293450780566,"Progression through the phases of the mitotic cell cycle, the most common eukaryotic cell cycle, which canonically comprises four successive phases called G1, S, G2, and M and includes replication of the genome and the subsequent segregation of chromosomes into daughter cells. In some variant cell cycles nuclear replication or nuclear division may not be followed by cell division, or G1 and G2 phases may be absent.",119.589814025634,0.156573373950343,1.1973364224059
"GO:0000281","mitotic cytokinesis",0.0124814209496283,0.657465790901161,0.731817512754322,"A cell cycle process that results in the division of the cytoplasm of a cell after mitosis, resulting in the separation of the original cell into two daughter cells.",4340.12694191856,0.0281484136520218,0.44341471970417
"GO:0000287","magnesium ion binding",0.00735720067163715,0.807120479587069,0.857108303851525,"Binding to a magnesium (Mg) ion.",5244.58018867413,0.0301348659580453,0.244142472107892
"GO:0000339","RNA cap binding",0.660539904108341,9.93291969316975e-101,1.8375901432364e-99,"Binding to a 7-methylguanosine (m7G) group or derivative located at the 5' end of an RNA molecule.",3926.48022016102,0.0310021585416838,21.3062552796192
"GO:0000380","alternative mRNA splicing, via spliceosome",0.224744960095124,1.46836653569162e-05,3.38446450685642e-05,"The process of generating multiple mRNA molecules from a given set of exons by differential use of exons from the primary transcript(s) to form multiple mature mRNAs that vary in their exon composition.",1710.11864594613,0.0518636508288996,4.33338101933024
"GO:0000381","regulation of alternative mRNA splicing, via spliceosome",0.737005751297506,6.11674830422663e-151,1.51767319689576e-149,"Any process that modulates the frequency, rate or extent of alternative splicing of nuclear mRNAs.",5692.44164946586,0.0281641670530482,26.168206924399
"GO:0000398","mRNA splicing, via spliceosome",-0.358957570755695,4.56828811559856e-05,0.000101202937350813,"The joining together of exons from one or more primary transcripts of messenger RNA (mRNA) and the excision of intron sequences, via a spliceosomal mechanism, so that mRNA consisting only of the joined exons is produced.",400.879906575861,0.0880514010657794,-4.0766821017139
"GO:0000407","phagophore assembly site",0.0962442224953852,0.00430671247448325,0.00765194322551405,"Punctate structures proximal to the endoplasmic reticulum which are the sites where the Atg machinery assembles upon autophagy induction.",3650.22904969339,0.0337134001484933,2.85477650048556
"GO:0000413","protein peptidyl-prolyl isomerization",-0.114094768433016,0.125121027457325,0.173036227480327,"The modification of a protein by cis-trans isomerization of a proline residue.",10082.4748547752,0.0743953015543415,-1.53362868419421
"GO:0000439","transcription factor TFIIH core complex",0.239676404949265,0.00207686801077058,0.00386253495124793,"The 7 subunit core of TFIIH that is a part of either the general transcription factor holo-TFIIH or the nucleotide-excision repair factor 3 complex. In S. cerevisiae/humans the complex is composed of: Ssl2/XPB, Tfb1/p62, Tfb2/p52, Ssl1/p44, Tfb4/p34, Tfb5/p8 and Rad3/XPD.",429.574118046531,0.0778419297468,3.07901417306677
"GO:0000445","THO complex part of transcription export complex",-0.0186194546864239,0.729868853829901,0.792633065256056,"The THO complex when it is part of the TREX (TRanscription EXport) complex that is involved in coupling transcription to export of mRNAs to the cytoplasm. In S. cerevisiae, it is composed of four subunits: Hpr1, Tho2, Thp1, and Mft1, while the human complex is composed of 7 subunits.",905.281025657312,0.0539225461918382,-0.345299990474896
"GO:0000447","endonucleolytic cleavage in ITS1 to separate SSU-rRNA from 5.8S rRNA and LSU-rRNA from tricistronic rRNA transcript (SSU-rRNA, 5.8S rRNA, LSU-rRNA)",0.12029377926174,0.00352140004259265,0.00633671731213984,"Endonucleolytic cleavage between the SSU-rRNA and the 5.8S rRNA of an rRNA molecule originally produced as a tricistronic rRNA transcript that contained the Small SubUnit (SSU) rRNA, the 5.8S rRNA, and the Large SubUnit (LSU) rRNA, in that order, from 5' to 3' along the primary transcript.",1591.63172678496,0.0412229305772842,2.91812778900362
"GO:0000455","enzyme-directed rRNA pseudouridine synthesis",0.0347815136390488,0.673160225441565,0.743295767254586,"The intramolecular conversion of uridine to pseudouridine during ribosome biogenesis where the enzyme specifies the site that becomes pseudouridylated without using a guide RNA.",375.205100818581,0.082456841887517,0.421814768100091
"GO:0000463","maturation of LSU-rRNA from tricistronic rRNA transcript (SSU-rRNA, 5.8S rRNA, LSU-rRNA)",0.193744367768243,5.5427446590527e-06,1.31788596233846e-05,"Any process involved in the maturation of a precursor Large SubUnit (LSU) ribosomal RNA (rRNA) molecule into a mature LSU-rRNA molecule from the pre-rRNA molecule originally produced as a tricistronic rRNA transcript that contains the Small Subunit (SSU) rRNA, 5.8S rRNA, and Large Subunit (LSU) in that order from 5' to 3' along the primary transcript.",1828.08443783979,0.042645655491996,4.5431208767469
"GO:0000469","cleavage involved in rRNA processing",0.531612268523069,3.3804209403658e-13,1.27765372100923e-12,"Any phosphodiester bond hydrolysis involved in the conversion of a primary ribosomal RNA (rRNA) transcript into a mature rRNA molecule.",514.88579707486,0.0730406760788539,7.27830432386944
"GO:0000480","endonucleolytic cleavage in 5'-ETS of tricistronic rRNA transcript (SSU-rRNA, 5.8S rRNA, LSU-rRNA)",1.65916624970945,3.693104052965e-40,3.17908426436865e-39,"Endonucleolytic cleavage within the 5'-External Transcribed Spacer (ETS) of a tricistronic rRNA transcript that contains the Small Subunit (SSU) rRNA, the 5.8S rRNA, and the Large Subunit (LSU) rRNA in that order from 5' to 3' along the primary transcript. Endonucleolytic cleavage within the 5'-ETS of the pre-RNA is conserved as one of the early steps of rRNA processing in all eukaryotes, but the specific position of cleavage is variable.",182.522583312284,0.125078284645576,13.2650224170477
"GO:0000492","box C/D snoRNP assembly",0.160743723489043,0.0856475829851638,0.122711109045999,"The aggregation, arrangement and bonding together of proteins and a box C/D snoRNA to form a box C/D small nucleolar ribonucleoprotein (snoRNP) complex.",486.549710538419,0.093519940690116,1.71881763721041
"GO:0000493","box H/ACA snoRNP assembly",0.214543850851831,0.00347119774150953,0.00625705644174667,"The aggregation, arrangement and bonding together of proteins and a box H/ACA snoRNA to form a box H/ACA small nucleolar ribonucleoprotein (snoRNP) complex.",524.313100504351,0.0734085045421673,2.9226021179684
"GO:0000502","proteasome complex",-0.0484171690795687,0.025733635997286,0.0409292898327874,"A large multisubunit complex which catalyzes protein degradation, found in eukaryotes, archaea and some bacteria. In eukaryotes, this complex consists of the barrel shaped proteasome core complex and one or two associated proteins or complexes that act in regulating entry into or exit from the core.",55399.3132151809,0.0217097098646961,-2.23020802126443
"GO:0000723","telomere maintenance",-0.109190821179693,0.146595138645639,0.199335362607126,"Any process that contributes to the maintenance of proper telomeric length and structure by affecting and monitoring the activity of telomeric proteins, the length of telomeric DNA and the replication and repair of the DNA. These processes includes those that shorten, lengthen, replicate and repair the telomeric DNA sequences.",880.884396547533,0.075217711608876,-1.45166369521414
"GO:0000724","double-strand break repair via homologous recombination",0.31532708854809,1.05537231404132e-11,3.6074233554508e-11,"The error-free repair of a double-strand break in DNA in which the broken DNA molecule is repaired using homologous sequences. A strand in the broken DNA searches for a homologous region in an intact chromosome to serve as the template for DNA synthesis. The restoration of two intact DNA molecules results in the exchange, reciprocal or nonreciprocal, of genetic material between the intact DNA molecule and the broken DNA molecule.",1622.18600819917,0.0463802167103592,6.79874116408906
"GO:0000775","chromosome, centromeric region",-0.121227830171112,0.00221545307342094,0.00410579132851033,"The region of a chromosome that includes the centromeric DNA and associated proteins. In monocentric chromosomes, this region corresponds to a single area of the chromosome, whereas in holocentric chromosomes, it is evenly distributed along the chromosome.",6918.5869800546,0.0396205861289987,-3.05971824284507
"GO:0000776","kinetochore",0.102617479137294,5.44357778509196e-05,0.000119464157635369,"A multisubunit complex that is located at the centromeric region of DNA and provides an attachment point for the spindle microtubules.",5179.14291421234,0.0254273222608264,4.03571709536192
"GO:0000781","chromosome, telomeric region",-0.276568226008108,3.57120113963597e-06,8.61746361955637e-06,"The end of a linear chromosome, required for the integrity and maintenance of the end. A chromosome telomere usually includes a region of telomerase-encoded repeats the length of which rarely exceeds 20 bp each and that permits the formation of a telomeric loop (T-loop). The telomeric repeat region is usually preceded by a sub-telomeric region that is gene-poor but rich in repetitive elements. Some telomeres only consist of the latter part (for eg. D. melanogaster telomeres).",1223.81536564764,0.0596708824687036,-4.63489418232022
"GO:0000785","chromatin",-0.276751009185018,6.04546868368028e-11,1.99168520983285e-10,"The ordered and organized complex of DNA, protein, and sometimes RNA, that forms the chromosome.",2906.7285865278,0.0422997925436648,-6.54260913689674
"GO:0000786","nucleosome",-0.181817302488767,0.0100114082351903,0.0169454734895797,"A complex comprised of DNA wound around a multisubunit core and associated proteins, which forms the primary packing unit of DNA into higher order structures.",38366.2755809991,0.0705967345295909,-2.5754350211844
"GO:0000792","heterochromatin",-0.0790211542217016,0.24502294431321,0.314709737854178,"A compact and highly condensed form of chromatin.",587.597592701454,0.0679738209196962,-1.16252335314586
"GO:0000793","condensed chromosome",0.308485705542527,8.84345275860392e-21,4.58719562641785e-20,"A highly compacted molecule of DNA and associated proteins resulting in a cytologically distinct structure.",2752.46501489372,0.0329964595026876,9.34905472259531
"GO:0000794","condensed nuclear chromosome",-1.28958472149096,3.13577508410175e-06,7.59711439416381e-06,"A highly compacted molecule of DNA and associated proteins resulting in a cytologically distinct nuclear chromosome.",41.1380597999932,0.276632809483333,-4.66172007542966
"GO:0000795","synaptonemal complex",-1.24372118617265,0.00365584436128671,0.00655627190302183,"A proteinaceous scaffold found between homologous chromosomes during meiosis. It consists of 2 lateral elements and a central element, all running parallel to each other.  Transverse filaments connect the lateral elements to the central element.",17.5026659749957,0.427921296017634,-2.90642507803912
"GO:0000814","ESCRT II complex",0.00753642816837491,0.916851827730006,0.942779378197261,"An endosomal sorting complex required for transport and functions downstream of ESCRT I complex. It consists of the class E vacuolar protein sorting (Vps) proteins and is required for the membrane recruitment of ESCRT III complex and binds to ubiquitinated cargoes.",648.507999849083,0.0721879265385457,0.104400119656446
"GO:0000829","inositol heptakisphosphate kinase activity",-0.0975815044831297,0.0378885749978264,0.0584115531216491,"Catalysis of the reaction: ATP + diphospho-1D-myo-inositol-pentakisphosphate = ADP + bis(diphospho)-1D-myo-inositol-tetrakisphosphate. The isomeric configurations of the diphospho-1D-myo-inositol-pentakisphosphate (PP-IP5) and bis(diphospho)-1D-myo-inositol-tetrakisphosphate (bis-PP-IP4) are unknown.",1694.0689784179,0.0470032621285894,-2.07605813009681
"GO:0000836","Hrd1p ubiquitin ligase complex",-0.159418837356563,0.00175220458874298,0.0033112898545331,"A multiprotein complex that recognizes and ubiquitinates proteins with misfolded luminal and membrane domains during ER-associated protein degradation (ERAD). In S. cerevisiae, this complex contains the ubiquitin ligase Hrd1p. In mammals, this complex contains the ubiquitin ligase HRD1 (Synoviolin) or AMFR (gp78).",1188.28333504288,0.050943851254767,-3.1293047822262
"GO:0000902","cell morphogenesis",-0.373753846179556,2.29379650207989e-32,1.63433000773192e-31,"The developmental process in which the size or shape of a cell is generated and organized.",6152.93187662982,0.0315546606986965,-11.8446479189996
"GO:0000922","spindle pole",0.261514351054141,1.41444226333903e-16,6.12537727593842e-16,"Either of the ends of a spindle, where spindle microtubules are organized; usually contains a microtubule organizing center and accessory molecules, spindle microtubules and astral microtubules.",3838.98754061402,0.0316468652776761,8.26351516207248
"GO:0000930","gamma-tubulin complex",-0.270438864077377,2.15313208457979e-06,5.31105914196348e-06,"A multiprotein complex composed of gamma-tubulin and other non-tubulin proteins. Gamma-tubulin complexes are localized to microtubule organizing centers, and play an important role in the nucleation of microtubules. The number and complexity of non-tubulin proteins associated with these complexes varies between species.",2099.20268916808,0.0570727550435459,-4.73849324202125
"GO:0000932","P-body",-0.343196261696737,4.12717903169626e-16,1.74783545739908e-15,"A focus in the cytoplasm where mRNAs may become inactivated by decapping or some other mechanism. Protein and RNA localized to these foci are involved in mRNA degradation, nonsense-mediated mRNA decay (NMD), translational repression, and RNA-mediated gene silencing.",1466.29752625273,0.0421888045265779,-8.13477095518389
"GO:0000938","GARP complex",0.348278021735673,6.12693372078593e-09,1.81230059146389e-08,"A quatrefoil tethering complex required for retrograde traffic from the early endosome back to the late Golgi and biogenesis of cytoplasmic vesicles.",824.693731833832,0.0599110095087489,5.81325577037411
"GO:0000940","outer kinetochore",0.270773963569004,0.000275854533188122,0.000565381156942419,"The region of a kinetochore most external to centromeric DNA; this outer region mediates kinetochore-microtubule interactions.",501.269123385409,0.0744502434676338,3.63697888626407
"GO:0000976","transcription cis-regulatory region binding",0.457814201536798,5.04382304909283e-39,4.23801705599075e-38,"Binding to a specific sequence of DNA that is part of a regulatory region that controls transcription of that section of the DNA. The transcribed region might be described as a gene, cistron, or operon.",6328.44797517707,0.0350343253217807,13.0675900657969
"GO:0000977","RNA polymerase II transcription regulatory region sequence-specific DNA binding",-0.106240401155565,0.437410107054043,0.517966263771463,"Binding to a specific sequence of DNA that is part of a regulatory region that controls the transcription of a gene or cistron by RNA polymerase II.",123.726488716621,0.136806527260843,-0.776574066184732
"GO:0000978","RNA polymerase II cis-regulatory region sequence-specific DNA binding",0.309866750643051,6.7063235070797e-25,4.02952600468122e-24,"Binding to a specific upstream regulatory DNA sequence (transcription factor recognition sequence or binding site) located in cis relative to the transcription start site (i.e., on the same strand of DNA) of a gene transcribed by RNA polymerase II.",7791.49111592332,0.0300702723455967,10.3047537142917
"GO:0000981","DNA-binding transcription factor activity, RNA polymerase II-specific",-1.06694928896762,1.41392852820298e-106,2.66247791605364e-105,"A DNA-binding transcription factor activity that modulates the transcription of specific gene sets transcribed by RNA polymerase II.",1328.2892456902,0.0486575991922708,-21.9277010514136
"GO:0001067","transcription regulatory region nucleic acid binding",0.139516856185484,0.0238750880913854,0.0381747996851644,"Binding to a nucleic acid region that regulates a nucleic acid-based process. Such processes include transcription, DNA replication, and DNA repair.",786.770131581998,0.0617568029396435,2.25913339979463
"GO:0001227","DNA-binding transcription repressor activity, RNA polymerase II-specific",2.20922617855534,0,0,"A DNA-binding transcription factor activity that represses or decreases the transcription of specific gene sets transcribed by RNA polymerase II.",1243.49757098815,0.055459293064933,39.8350944713401
"GO:0001228","DNA-binding transcription activator activity, RNA polymerase II-specific",0.870679452490703,3.57151264832911e-113,7.03955156572532e-112,"A DNA-binding transcription factor activity that activates or increases transcription of specific gene sets transcribed by RNA polymerase II.",2711.75433194963,0.0385110855783583,22.6085408763442
"GO:0001401","SAM complex",-0.196471890268879,4.85612307529846e-05,0.000106905673964556,"A large complex of the mitochondrial outer membrane that mediates sorting of some imported proteins to the outer membrane and their assembly in the membrane; functions after import of incoming proteins by the mitochondrial outer membrane translocase complex.",1845.63487514563,0.0483629570089881,-4.06244577295729
"GO:0001502","cartilage condensation",-0.660954737551293,0.251435318052263,0.322161048464291,"The condensation of mesenchymal cells that have been committed to differentiate into chondrocytes.",9.52076526962954,0.576311777798258,-1.14687008493286
"GO:0001503","ossification",-0.689531588037437,2.57277159931442e-84,4.11058735072282e-83,"The formation of bone or of a bony substance, or the conversion of fibrous tissue or of cartilage into bone or a bony substance.",2984.34088712523,0.0354398507386113,-19.4563908613249
"GO:0001504","neurotransmitter uptake",-0.798581080635542,0.0941406613334194,0.133969402666789,"The directed movement of neurotransmitters into neurons or glial cells. This process leads to inactivation and recycling of neurotransmitters.",11.7174183012219,0.477064219922556,-1.67394880455545
"GO:0001505","regulation of neurotransmitter levels",0.240445474540529,0.429762065716106,0.510342453037876,"Any process that modulates levels of neurotransmitter.",32.2531020250185,0.304515979289627,0.789598874585953
"GO:0001510","RNA methylation",0.437595393370259,5.37108759535417e-09,1.59543996318337e-08,"Posttranscriptional addition of a methyl group to either a nucleotide or 2'-O ribose in a polyribonucleotide. Usually uses S-adenosylmethionine as a cofactor.",1052.4954820097,0.0749917490304588,5.83524719756202
"GO:0001514","selenocysteine incorporation",-0.0727985311724363,0.169146018517504,0.226350858536431,"The incorporation of selenocysteine into a peptide; uses a special tRNA that recognizes the UGA codon as selenocysteine, rather than as a termination codon. Selenocysteine is synthesized from serine before its incorporation; it is not a posttranslational modification of peptidyl-cysteine.",1052.7605952778,0.0529461963766035,-1.37495299293313
"GO:0001520","outer dense fiber",0.763863293324398,0.256049556513222,0.326486405493582,"A supramolecular fiber found in the flagella of mammalian sperm that surrounds the nine microtubule doublets. These dense fibers are stiff and noncontractile. In human, they consist of about 10 major and at least 15 minor proteins, where all major proteins are ODF1, ODF2 or ODF2-related proteins.",6.94098235563947,0.672546400416178,1.13577783310075
"GO:0001525","angiogenesis",1.06656002589271,0,0,"Blood vessel formation when new vessels emerge from the proliferation of pre-existing blood vessels.",20755.9539083801,0.014895449765343,71.6030762880524
"GO:0001527","microfibril",-0.232609829754725,0.114661911050786,0.159935165612504,"Extracellular matrix components occurring independently or along with elastin. Thought to have force-bearing functions in tendon. In addition to fibrillins, microfibrils may contain other associated proteins.",109.019991923418,0.147447159126225,-1.577580952615
"GO:0001530","lipopolysaccharide binding",0.989029977209843,0.770292207782661,0.825900491211811,"Binding to a lipopolysaccharide.",0.266765840759845,3.38717367793649,0.291992696935568
"GO:0001533","cornified envelope",-0.110314317690199,0.8792802600946,0.910359385635499,"A type of plasma membrane that has been modified through addition of distinct intracellular and extracellular components, including ceramide, found in cornifying epithelial cells (corneocytes).",7.20114522543943,0.726317484231571,-0.151881677207467
"GO:0001534","radial spoke",0.629026928637878,0.00266884380632418,0.00491580051313335,"Protein complex that links the outer microtubule doublet of the ciliary or flagellum axoneme with the sheath that surrounds the central pair of microtubules. Composed of a stalk that attaches to each doublet microtubule and a globular structure (spoke head) that projects toward the central pair of microtubules.",48.3938404564007,0.209430577477187,3.00351045303496
"GO:0001540","amyloid-beta binding",0.417955897971568,3.70709492849775e-52,4.03003257948544e-51,"Binding to an amyloid-beta peptide/protein.",4388.7133975329,0.0275026928846891,15.1969081618275
"GO:0001547","antral ovarian follicle growth",0.297608581311274,0.428906797579099,0.509774728592922,"Increase in size of antral follicles due to cell proliferation and/or growth of the antral cavity.",22.7995242722868,0.3762131501021,0.79106373934698
"GO:0001558","regulation of cell growth",-0.32206977059209,0.00884530227952859,0.0150806325849036,"Any process that modulates the frequency, rate, extent or direction of cell growth.",166.495958699839,0.123022429943911,-2.61797601249568
"GO:0001594","trace-amine receptor activity",0.349226280929267,0.754697359183644,0.812899249498624,"Combining with a trace amine to initiate a change in cell activity. Trace amines are biogenic amines that are synthesized from aromatic amino acids and are substrates for monoamine oxidase, and are therefore detectable only at trace levels in mammals.",3.14112678661876,1.11769729530538,0.312451575570693
"GO:0001626","nociceptin receptor activity",1.34942339687706,0.444077971672024,0.524638071765279,"Combining with the peptide nociceptin, and transmitting the signal across the membrane by activating an associated G-protein.",1.00143055579267,1.76320281184907,0.765325116208227
"GO:0001649","osteoblast differentiation",-0.0408706897338081,0.911096468043007,0.937318268830587,"The process whereby a relatively unspecialized cell acquires the specialized features of an osteoblast, a mesodermal or neural crest cell that gives rise to bone.",18.5102970745146,0.366042382326523,-0.111655621608729
"GO:0001650","fibrillar center",-0.0472842709387717,0.138208752606093,0.189151368751623,"A structure found most metazoan nucleoli, but not usually found in lower eukaryotes; surrounded by the dense fibrillar component; the zone of transcription from multiple copies of the pre-rRNA genes is in the border region between these two structures.",7681.66689857696,0.0318950723502296,-1.48249455024144
"GO:0001654","eye development",0.39663060419556,0.303485482454129,0.378728332837726,"The process whose specific outcome is the progression of the eye over time, from its formation to the mature structure. The eye is the organ of sight.",16.1230867010365,0.385457111755221,1.02898764116573
"GO:0001658","branching involved in ureteric bud morphogenesis",0.428565454499454,0.0145882100581975,0.0241495565249126,"The process in which the branching structure of the ureteric bud is generated and organized. The ureteric bud is an epithelial tube that grows out from the metanephric duct. The bud elongates and branches to give rise to the ureter and kidney collecting tubules.",77.7313025038918,0.175465857105762,2.44244357032456
"GO:0001659","temperature homeostasis",1.88554804510142,0.397753735440532,0.477803858480037,"A homeostatic process in which an organism modulates its internal body temperature.",0.534463664104948,2.22972963694308,0.845639764508164
"GO:0001662","behavioral fear response",-1.29503383839553,0.378116832524179,0.458040436412116,"An acute behavioral change resulting from a perceived external threat.",1.66286139530904,1.46933953073976,-0.881371399395707
"GO:0001664","G protein-coupled receptor binding",-0.427147654592418,0.376066405562361,0.455818419155758,"Binding to a G protein-coupled receptor.",10.8530952798978,0.482561493419612,-0.88516730078376
"GO:0001666","response to hypoxia",0.00614179653164195,0.880935882211589,0.911121295214719,"Any process that results in a change in state or activity of a cell or an organism (in terms of movement, secretion, enzyme production, gene expression, etc.) as a result of a stimulus indicating lowered oxygen tension. Hypoxia, defined as a decline in O2 levels below normoxic levels of 20.8 - 20.95%, results in metabolic adaptation at both the cellular and organismal level.",4277.25066661646,0.0410046511090754,0.149782923778679
"GO:0001669","acrosomal vesicle",0.277812292367605,4.07244483956891e-05,9.05035423250879e-05,"A structure in the head of a spermatozoon that contains acid hydrolases, and is concerned with the breakdown of the outer membrane of the ovum during fertilization. It lies just beneath the plasma membrane and is derived from the lysosome.",548.060270074958,0.0677040951632081,4.10333070249161
"GO:0001671","ATPase activator activity",0.93825067510822,7.9511698171713e-81,1.23301596650105e-79,"Binds to and increases the activity of an ATP hydrolysis activity.",1640.36463058205,0.0492778444260493,19.0400104963244
"GO:0001675","acrosome assembly",-0.00547320693472243,0.859384850951951,0.894150296328399,"The formation of the acrosome from the spermatid Golgi.",2919.95364450175,0.030894620611743,-0.177157279369279
"GO:0001678","cellular glucose homeostasis",-0.261498300220529,0.00152769499103237,0.00290785987011487,"A cellular homeostatic process involved in the maintenance of an internal steady state of glucose within a cell or between a cell and its external environment.",472.463855690746,0.0825079608443109,-3.16937053763776
"GO:0001701","in utero embryonic development",0.266394250901587,1.45728206805557e-06,3.63286983632293e-06,"The process whose specific outcome is the progression of the embryo in the uterus over time, from formation of the zygote in the oviduct, to birth. An example of this process is found in Mus musculus.",846.10179499979,0.0553028672228904,4.81700613872194
"GO:0001725","stress fiber",-0.204894415211461,9.39746132608464e-15,3.78953077183796e-14,"A contractile actin filament bundle that consists of short actin filaments with alternating polarity, cross-linked by alpha-actinin and possibly other actin bundling proteins, and with myosin present in a periodic distribution along the fiber.",4895.17270445859,0.0264476997376866,-7.74715446876833
"GO:0001726","ruffle",0.0175812544558442,0.658601061739072,0.731817512754322,"Projection at the leading edge of a crawling cell; the protrusions are supported by a microfilament meshwork.",2898.96207822766,0.0397905088051398,0.441845429570713
"GO:0001735","prenylcysteine oxidase activity",0.308466432058004,2.28907904119756e-06,5.61356709056472e-06,"Catalysis of the reaction: S-prenyl-L-cysteine + O2 + H2O = a prenal + L-cysteine + H2O2.",887.544168756114,0.0652691343745022,4.72606899132569
"GO:0001736","establishment of planar polarity",-0.111424007091879,0.0047292444499268,0.00832552299240034,"Coordinated organization of groups of cells in the plane of an epithelium, such that they all orient to similar coordinates.",8107.23830968162,0.0394432454917366,-2.82491984882994
"GO:0001750","photoreceptor outer segment",-0.0225873922702264,0.326753001343798,0.404414366099806,"The outer segment of a vertebrate photoreceptor that contains a stack of membrane discs embedded with photoreceptor proteins.",10622.1670677175,0.023032493588454,-0.980675070351449
"GO:0001755","neural crest cell migration",0.641360630377881,0.038526903962794,0.059265675023729,"The characteristic movement of cells from the dorsal ridge of the neural tube to a variety of locations in a vertebrate embryo.",28.3023673334964,0.309955174269365,2.06920446445108
"GO:0001756","somitogenesis",-0.340762928272269,4.27808773422725e-10,1.33666474540523e-09,"The formation of mesodermal clusters that are arranged segmentally along the anterior posterior axis of an embryo.",936.875272682073,0.0545785828338255,-6.24352833252898
"GO:0001764","neuron migration",-0.0419507214104283,0.836427192895411,0.877322215370021,"The characteristic movement of an immature neuron from germinal zones to specific positions where they will reside as they mature.",68.829677709413,0.203184990446459,-0.206465651415736
"GO:0001772","immunological synapse",0.25605697349999,0.000331475411996522,0.000674789231564349,"An area of close contact between a lymphocyte (T-, B-, or natural killer cell) and a target cell formed through the clustering of particular signaling and adhesion molecules and their associated membrane rafts on both the lymphocyte and the target cell and facilitating activation of the lymphocyte, transfer of membrane from the target cell to the lymphocyte, and in some situations killing of the target cell through release of secretory granules and/or death-pathway ligand-receptor interaction.",524.641321536065,0.0713375393428619,3.58937210140275
"GO:0001780","neutrophil homeostasis",-0.0167282352173332,0.575105142089686,0.657040490068878,"The process of regulating the proliferation and elimination of neutrophils such that the total number of neutrophils within a whole or part of an organism is stable over time in the absence of an outside stimulus.",3354.31296054308,0.0298426011897524,-0.560548831215071
"GO:0001784","phosphotyrosine residue binding",0.510163326712845,3.62715247506202e-122,7.72693390899575e-121,"Binding to a phosphorylated tyrosine residue within a protein.",9275.9447283412,0.0217044748777483,23.5049836306277
"GO:0001786","phosphatidylserine binding",-0.128796277921622,0.224565782654482,0.29163130272063,"Binding to phosphatidylserine, a class of glycophospholipids in which a phosphatidyl group is esterified to the hydroxyl group of L-serine.",221.610720194679,0.106050852369804,-1.21447659347898
"GO:0001835","blastocyst hatching",-0.079613098564412,0.910590920931268,0.937255369567616,"The hatching of the cellular blastocyst from the zona pellucida.",5.19428627077653,0.708975142655441,-0.112293215621388
"GO:0001843","neural tube closure",0.568237314726966,7.50439736283686e-11,2.44996502139674e-10,"The last step in the formation of the neural tube, where the paired neural folds are brought together and fuse at the dorsal midline.",527.867927114117,0.0872839728222545,6.51021368933478
"GO:0001890","placenta development",-0.284137566130544,0.265772962140979,0.337210789943696,"The process whose specific outcome is the progression of the placenta over time, from its formation to the mature structure. The placenta is an organ of metabolic interchange between fetus and mother, partly of embryonic origin and partly of maternal origin.",36.9396099976962,0.255324283184786,-1.11284975555931
"GO:0001917","photoreceptor inner segment",1.02641507533389,0.38063589921911,0.460078937564009,"The inner segment of a vertebrate photoreceptor containing mitochondria, ribosomes and membranes where opsin molecules are assembled and passed to be part of the outer segment discs.",1.60026677424536,1.17073746677251,0.876725230434035
"GO:0001933","negative regulation of protein phosphorylation",-0.71882246895971,2.10584104099161e-26,1.3178690668995e-25,"Any process that stops, prevents or reduces the rate of addition of phosphate groups to amino acids within a protein.",684.245426438758,0.0676066882959694,-10.6324165120001
"GO:0001934","positive regulation of protein phosphorylation",-0.221979458955059,1.21815513690429e-12,4.42946410988129e-12,"Any process that activates or increases the frequency, rate or extent of addition of phosphate groups to amino acids within a protein.",3436.43010927593,0.0312502024147981,-7.10329667656628
"GO:0001938","positive regulation of endothelial cell proliferation",-0.451322215174214,3.95894039263794e-42,3.55293842045678e-41,"Any process that activates or increases the rate or extent of endothelial cell proliferation.",2445.54407059634,0.0331834225105599,-13.6008338208812
"GO:0001952","regulation of cell-matrix adhesion",0.272349612711605,0.143938713187273,0.196356239399714,"Any process that modulates the frequency, rate or extent of attachment of a cell to the extracellular matrix.",65.7589169793703,0.186377476330386,1.46127964641402
"GO:0001953","negative regulation of cell-matrix adhesion",1.61218172250618,0.133853711414828,0.183976938598441,"Any process that stops, prevents, or reduces the rate or extent of cell adhesion to the extracellular matrix.",2.5343262520106,1.07544972389099,1.49907679242622
"GO:0001955","blood vessel maturation",1.02694973710142,0.132210989661001,0.182005859787892,"A developmental process, independent of morphogenetic (shape) change, that is required for a blood vessel to attain its fully functional state.",7.94632515321804,0.682159190397085,1.50544000807735
"GO:0001958","endochondral ossification",-0.404573300672614,3.36977644353062e-16,1.438635327815e-15,"Replacement ossification wherein bone tissue replaces cartilage.",1173.03027918818,0.0495843277690745,-8.15929788454135
"GO:0001971","negative regulation of activation of membrane attack complex",0.517224552298817,6.10987365094416e-06,1.45109499209924e-05,"Any process that stops, prevents, or reduces the frequency, rate or extent of the activation of the membrane attack complex components of the complement cascade.",190.834081704703,0.114365662997131,4.52255107646945
"GO:0002009","morphogenesis of an epithelium",-1.89808244537536,1.30641463189079e-154,3.40151661562675e-153,"The process in which the anatomical structures of epithelia are generated and organized. An epithelium consists of closely packed cells arranged in one or more layers, that covers the outer surfaces of the body or lines any internal cavity or tube.",638.781943784451,0.0716561780372106,-26.4887480377435
"GO:0002020","protease binding",0.174201790247392,0.000252767927084557,0.000520085422654957,"Binding to a protease or a peptidase.",1555.75963873055,0.0476034131618395,3.65943907541147
"GO:0002027","regulation of heart rate",0.0479318639590047,0.302155823665806,0.377515777317053,"Any process that modulates the frequency or rate of heart contraction.",1758.44317610413,0.0464536469893416,1.03182133299464
"GO:0002039","p53 binding",0.107699045213074,0.0639250254343188,0.0942123540468052,"Binding to one of the p53 family of proteins.",788.229539988878,0.0581307850888144,1.85270240284089
"GO:0002062","chondrocyte differentiation",-1.42909995423639,6.53387380571267e-161,1.8373253141664e-159,"The process in which a chondroblast acquires specialized structural and/or functional features of a chondrocyte. A chondrocyte is a polymorphic cell that forms cartilage.",1304.55872239189,0.0528705466788958,-27.030171693058
"GO:0002063","chondrocyte development",0.291159720133241,0.826144509468403,0.871605187828346,"The process whose specific outcome is the progression of a chondrocyte over time, from its commitment to its mature state. Chondrocyte development does not include the steps involved in committing a chondroblast to a chondrocyte fate.",1.53289238231708,1.32556802362453,0.219649022112888
"GO:0002064","epithelial cell development",-0.161946643195223,0.000592423101367728,0.00118092657919143,"The process whose specific outcome is the progression of an epithelial cell over time, from its formation to the mature structure. An epithelial cell is a cell usually found in a two-dimensional sheet with a free surface.",1760.26236032149,0.0471452181390672,-3.43505979158945
"GO:0002068","glandular epithelial cell development",0.923692639437453,0.658094146185124,0.731817512754322,"The process whose specific outcome is the progression of a glandular epithelial cell over time, from its formation to the mature structure. A glandular epithelial cell is a columnar/cuboidal epithelial cell is a cell found in a two dimensional sheet with a free surface exposed to the lumen of a gland.",0.800801895584276,2.08722398498402,0.442546006601455
"GO:0002080","acrosomal membrane",2.44215549975761,0.0304843113973829,0.047871491241311,"The membrane that surrounds the acrosomal lumen. The acrosome is a special type of lysosome in the head of a spermatozoon that contains acid hydrolases and is concerned with the breakdown of the outer membrane of the ovum during fertilization.",2.80710595129393,1.12867328376673,2.16373997230393
"GO:0002098","tRNA wobble uridine modification",0.122229711299297,0.0309684621525205,0.048523392778355,"The process in which a uridine in position 34 of a tRNA is post-transcriptionally modified.",929.792163192228,0.0566539857162184,2.15747770883322
"GO:0002115","store-operated calcium entry",0.921909776433005,0.702483780093953,0.767802960750852,"A calcium ion entry mechanism in the plasma membrane activated by the depletion of calcium ion from the internal calcium ion store in the endoplasmic reticulum.",0.534212111385707,2.41356731423106,0.381969780166135
"GO:0002161","aminoacyl-tRNA editing activity",-0.0635692070652437,0.519749356093573,0.600960192983194,"The hydrolysis of an incorrectly aminoacylated tRNA.",275.456683983515,0.0987510725363604,-0.64373181407055
"GO:0002181","cytoplasmic translation",0.0728654574592261,0.142135614127204,0.194147674996291,"The chemical reactions and pathways resulting in the formation of a protein in the cytoplasm. This is a ribosome-mediated process in which the information in messenger RNA (mRNA) is used to specify the sequence of amino acids in the protein.",6245.24951345845,0.0496397776462816,1.46788444497967
"GO:0002182","cytoplasmic translational elongation",-0.0125071832849716,0.794754636776075,0.847773266821831,"The successive addition of amino acid residues to a nascent polypeptide chain during protein biosynthesis in the cytoplasm.",2187.00302200831,0.0480783876512049,-0.260141487599537
"GO:0002244","hematopoietic progenitor cell differentiation",0.27378208916753,2.26545959882736e-19,1.09835730894872e-18,"The process in which precursor cell type acquires the specialized features of a hematopoietic progenitor cell, a class of cell types including myeloid progenitor cells and lymphoid progenitor cells.",3131.70859721484,0.0304215914325764,8.99959786043132
"GO:0002250","adaptive immune response",3.83450967815112,0.00160358595400442,0.0030468133126084,"An immune response mediated by cells expressing specific receptors for antigen produced through a somatic diversification process, and allowing for an enhanced secondary response to subsequent exposures to the same antigen (immunological memory).",3.61296543277879,1.21527776760549,3.15525370443203
"GO:0002291","T cell activation via T cell receptor contact with antigen bound to MHC molecule on antigen presenting cell",0.764075746826045,0.632800446975808,0.70988092695318,"The change in morphology and behavior of a mature or immature T cell resulting from exposure to an antigen for which its T cell receptor is specific bound to an MHC molecule on an antigen presenting cell, leading to the initiation or perpetuation of an immune response.",1.13518706194058,1.59919100746906,0.477788921559344
"GO:0002305","CD8-positive, gamma-delta intraepithelial T cell differentiation",0.140638849124483,0.710657489392345,0.774161490252302,"The process in which a precursor cell type acquires the specialized features of a CD8-positive, gamma-delta intraepithelial T cell. Intraepithelial T cells are found among epithelial cells in mucosal areas and have distinct phenotypes and developmental pathways.",15.8537098416508,0.37910783659578,0.370973204846825
"GO:0002315","marginal zone B cell differentiation",0.611525721477745,0.671809977705722,0.74258241246403,"The process in which a B cell in the spleen acquires the specialized features of a marginal zone B cell. Marginal zone B cells are localized in a distinct anatomical region of the spleen that represents the major antigen-filtering and scavenging area (by specialized macrophages resident there). It appears that they are preselected to express a BCR repertoire similar to B-1 B cells, biased toward bacterial cell wall constituents and senescent self-components (such as oxidized LDL).",1.59786192572556,1.44341730526692,0.423665227821736
"GO:0002317","plasma cell differentiation",-0.32572357526208,2.19647985724743e-10,7.02940215316363e-10,"The process in which a B cell acquires the specialized features of a plasma cell. A plasma cell is a lymphocyte which develops from a B cell and produces high amounts of antibody.",3740.05599008967,0.0513198284099477,-6.34693422316553
"GO:0002467","germinal center formation",0.77145182936934,0.0780417495669364,0.112887551328305,"The process in which germinal centers form. A germinal center is a specialized microenvironment formed when activated B cells enter lymphoid follicles. Germinal centers are the foci for B cell proliferation and somatic hypermutation.",10.9389482442145,0.43778685536941,1.76216307069882
"GO:0002532","production of molecular mediator involved in inflammatory response",1.40548274455239,0,0,"The synthesis or release of any molecular mediator of the inflammatory response following an inflammatory stimulus, resulting in an increase in its intracellular or extracellular levels.",3190.9431533166,0.0348854097078339,40.2885549094403
"GO:0002682","regulation of immune system process",0.989007669832978,0.838633480681628,0.877322215370021,"Any process that modulates the frequency, rate, or extent of an immune system process.",0.134409762657346,4.85660611208522,0.203641729843382
"GO:0002729","positive regulation of natural killer cell cytokine production",0.506356269156843,0.250573332943666,0.321447177115689,"Any process that activates or increases the frequency, rate, or extent of natural killer cell cytokine production.",15.1480108763836,0.440709151047827,1.14895791919213
"GO:0002862","negative regulation of inflammatory response to antigenic stimulus",0.194945964292852,0.60956889192194,0.688950049873189,"Any process that stops, prevents, or reduces the frequency, rate, or extent of an inflammatory response to an antigenic stimulus.",20.2542953630256,0.381731328035289,0.510688932177005
"GO:0002943","tRNA dihydrouridine synthesis",-0.272597920811938,2.51262049601428e-19,1.21261250025037e-18,"The process whereby a uridine in a transfer RNA is converted to dihydrouridine.",3163.33820947146,0.030328347481278,-8.98822202496245
"GO:0002953","5'-deoxynucleotidase activity",-0.0979856976435941,0.21101991195431,0.275056238758739,"Catalysis of the reaction:a 2'-deoxyribonucleoside 5'-monophosphate + H20=a 2'-deoxyribonucleoside + phosphate.",452.287467864619,0.0783405594471182,-1.25076586553785
"GO:0003007","heart morphogenesis",-0.744594666966401,7.92886509323053e-187,2.49581738531689e-185,"The developmental process in which the heart is generated and organized. The heart is a hollow, muscular organ, which, by contracting rhythmically, keeps up the circulation of the blood.",8333.85539879962,0.0255419881406317,-29.1517897066875
"GO:0003050","regulation of systemic arterial blood pressure by atrial natriuretic peptide",0.0272705301573845,0.992349149050266,1,"The regulation of blood pressure mediated by the signaling molecule atrial natriuretic peptide.",0.332878885563477,2.8439191498703,0.00958906660853147
"GO:0003151","outflow tract morphogenesis",0.989007669832978,0.838633480681628,0.877322215370021,"The process in which the anatomical structures of the outflow tract are generated and organized. The outflow tract is the portion of the heart through which blood flows into the arteries.",0.133755081357416,4.85660611208522,0.203641729843382
"GO:0003214","cardiac left ventricle morphogenesis",-0.57077187212353,4.4641062135856e-16,1.88296000089041e-15,"The process in which the left cardiac ventricle is generated and organized.",686.156000421546,0.0702466123802666,-8.12525832610641
"GO:0003341","cilium movement",0.287255222224052,0.321025232814687,0.398025994124736,"The directed, self-propelled movement of a cilium.",32.8589142770872,0.289468715409354,0.992353255922074
"GO:0003676","nucleic acid binding",0.182500929782235,5.02502726741748e-33,3.6418496587572e-32,"Binding to a nucleic acid.",82471.9794089466,0.0152449029682776,11.9712752624266
"GO:0003677","DNA binding",0.0275530784973272,0.0451969322921234,0.0686745894842135,"Any molecular function by which a gene product interacts selectively and non-covalently with DNA (deoxyribonucleic acid).",177344.967699744,0.0137571621460003,2.00281702032115
"GO:0003678","DNA helicase activity",0.0601345056612531,0.00465637910150542,0.00821782721763592,"Unwinding of a DNA helix, driven by ATP hydrolysis.",8715.06648232333,0.0212497565733666,2.82989150739838
"GO:0003682","chromatin binding",0.239247939022981,2.02448284694603e-11,6.85334562473384e-11,"Binding to chromatin, the network of fibers of DNA, protein, and sometimes RNA, that make up the chromosomes of the eukaryotic nucleus during interphase.",11133.5790072403,0.0356860296547029,6.70424648911457
"GO:0003690","double-stranded DNA binding",0.174899019200748,0.0119418156564553,0.0200345808799239,"Binding to double-stranded DNA.",513.987221944875,0.0695739168272973,2.51385903189694
"GO:0003691","double-stranded telomeric DNA binding",-0.554367880906661,1.11176681152246e-07,3.01377404306024e-07,"Binding to double-stranded telomere-associated DNA.",296.254827922875,0.10445112312445,-5.30743820002924
"GO:0003697","single-stranded DNA binding",-0.0470656027347154,0.170912745871009,0.228425209785778,"Binding to single-stranded DNA.",2723.22571715042,0.0343725975579379,-1.36927686816169
"GO:0003700","DNA-binding transcription factor activity",1.54568255483897,0,0,"A transcription regulator activity that modulates transcription of gene sets via selective and non-covalent binding to a specific double-stranded genomic DNA sequence (sometimes referred to as a motif) within a cis-regulatory region. Regulatory regions include promoters (proximal and distal) and enhancers. Genes are transcriptional units, and include bacterial operons.",27634.6559062029,0.0184640155872213,83.7132392754647
"GO:0003707","steroid hormone receptor activity",-0.101253511899718,0.315921115088592,0.392158700248288,"Combining with a steroid hormone and transmitting the signal within the cell to initiate a change in cell activity or function.",267.917813818954,0.100963229820738,-1.00287512671193
"GO:0003712","transcription coregulator activity",-0.5331875302196,4.85506436373684e-05,0.000106905673964556,"A transcription regulator activity that modulates the transcription of specific gene sets via binding to a DNA-bound DNA-binding transcription factor, either on its own or as part of a complex. Coregulators often act by altering chromatin structure and modifications. For example, one class of transcription coregulators modifies chromatin structure through covalent modification of histones. A second class remodels the conformation of chromatin in an ATP-dependent fashion. A third class modulates interactions of DNA-bound DNA-binding transcription factors with other transcription coregulators.",196.478263121595,0.131246269351078,-4.06249665499707
"GO:0003713","transcription coactivator activity",0.354342689842114,2.26440628129447e-12,8.03978593813137e-12,"A transcription coregulator activity that activates or increases the transcription of specific gene sets via binding to a DNA-bound DNA-binding transcription factor, either on its own or as part of a complex. Coactivators often act by altering chromatin structure and modifications. For example, one class of transcription coactivators modifies chromatin structure through covalent modification of histones. A second class remodels the conformation of chromatin in an ATP-dependent fashion. A third class modulates interactions of DNA-bound DNA-binding transcription factors with other transcription coregulators. A fourth class of coactivator activity is the bridging of a DNA-binding transcription factor to the general (basal) transcription machinery. The Mediator complex, which bridges sequence-specific DNA binding transcription factors and RNA polymerase, is also a transcription coactivator.",1664.80640116746,0.0504966725439404,7.01714928907005
"GO:0003714","transcription corepressor activity",-0.197673070635698,0.0558902169220269,0.0830087799215174,"A transcription coregulator activity that represses or decreases the transcription of specific gene sets via binding to a DNA-bound DNA-binding transcription factor, either on its own or as part of a complex. Corepressors often act by altering chromatin structure and modifications. For example, one class of transcription corepressors modifies chromatin structure through covalent modification of histones. A second class remodels the conformation of chromatin in an ATP-dependent fashion. A third class modulates interactions of DNA-bound DNA-binding transcription factors with other transcription coregulators.",202.057202332022,0.103391408490507,-1.91189068339123
"GO:0003721","telomerase RNA reverse transcriptase activity",0.874708290155846,0.406641151474981,0.486726421453817,"Catalysis of the extension of the 3' end of a DNA strand by one deoxynucleotide at a time. Cannot initiate a chain de novo; uses the RNA subunit of the telomerase enzyme complex as its template.",2.4677405858405,1.05409533434891,0.829818956267494
"GO:0003723","RNA binding",0.0740913849022279,0.000267327155299889,0.000548436741758236,"Binding to an RNA molecule or a portion thereof.",164736.717255251,0.0203265077982837,3.64506218370103
"GO:0003724","RNA helicase activity",0.0172725860156622,0.313104972298112,0.38958016907181,"Unwinding of an RNA helix, driven by ATP hydrolysis.",49687.5890555959,0.0171231307896174,1.00872826516839
"GO:0003725","double-stranded RNA binding",0.485448069457506,1.17157797804327e-06,2.94851784688933e-06,"Binding to double-stranded RNA.",296.127803734021,0.099878525763468,4.86038480991542
"GO:0003726","double-stranded RNA adenosine deaminase activity",1.35500450097958,1.14651330774351e-218,4.24209923865099e-217,"Catalysis of the reaction: adenosine + H2O = inosine + NH3, in a double-stranded RNA molecule.",5042.69025811557,0.0429285816861977,31.5641572061357
"GO:0003729","mRNA binding",-0.120746723322201,0.0027713351820978,0.00508238773829936,"Binding to messenger RNA (mRNA), an intermediate molecule between DNA and protein. mRNA includes UTR and coding sequences, but does not contain introns.",1806.29427381437,0.040356187246207,-2.99202505394138
"GO:0003735","structural constituent of ribosome",-0.259806430873967,0.00187429013483461,0.00351992688723614,"The action of a molecule that contributes to the structural integrity of the ribosome.",3380.34700349976,0.0835535255602841,-3.10946102072635
"GO:0003743","translation initiation factor activity",-0.205286159876606,1.23204754014739e-22,6.80206351353624e-22,"Functions in the initiation of ribosome-mediated translation of mRNA into a polypeptide.",32917.3267745966,0.0209670549630569,-9.79089148372588
"GO:0003755","peptidyl-prolyl cis-trans isomerase activity",-0.0625047032691154,0.0168242906484022,0.0276127851964826,"Catalysis of the reaction: peptidyl-proline (omega=180) = peptidyl-proline (omega=0).",6901.02101086466,0.0261468488433045,-2.39052528446927
"GO:0003756","protein disulfide isomerase activity",-0.183771775073908,6.02509455124801e-09,1.78468039446377e-08,"Catalysis of the rearrangement of both intrachain and interchain disulfide bonds in proteins.",4075.8417263699,0.031597298456553,-5.8160597282264
"GO:0003779","actin binding",-0.657415755045208,1.64106246209599e-249,6.6557706395393e-248,"Binding to monomeric or multimeric forms of actin, including actin filaments.",14646.949810638,0.0194863116935563,-33.7373108561432
"GO:0003785","actin monomer binding",-0.408317370315135,3.45135842864068e-36,2.72618536554427e-35,"Binding to monomeric actin, also known as G-actin.",10753.7843618279,0.0325062844684316,-12.5611824603231
"GO:0003810","protein-glutamine gamma-glutamyltransferase activity",-0.248403269596493,0.0555387693192386,0.0826031484444811,"Catalysis of the reaction: protein glutamine + alkylamine = protein N5-alkylglutamine + NH3. This reaction is the formation of the N6-(L-isoglutamyl)-L-lysine isopeptide, resulting in cross-linking polypeptide chains; the gamma-carboxamide groups of peptidyl-glutamine residues act as acyl donors, and the 6-amino-groups of peptidyl-lysine residues act as acceptors, to give intra- and intermolecular N6-(5-glutamyl)lysine cross-links.",168.395467038212,0.129739070698202,-1.91463734293525
"GO:0003824","catalytic activity",0.0114026569520071,0.609447166256607,0.688950049873189,"Catalysis of a biochemical reaction at physiological temperatures. In biologically catalyzed reactions, the reactants are known as substrates, and the catalysts are naturally occurring macromolecular substances known as enzymes. Enzymes possess specific binding sites for substrates, and are usually composed wholly or largely of protein, but RNA that has catalytic activity (ribozyme) is often also regarded as enzymatic.",8523.784535693,0.0223203922269935,0.510862749903521
"GO:0003828","alpha-N-acetylneuraminate alpha-2,8-sialyltransferase activity",0.651614904653044,1.82352197537857e-27,1.17608802632214e-26,"Catalysis of the reaction: CMP-N-acetylneuraminate + alpha-N-acetylneuraminyl-(2->3)-beta-D-galactosyl-R = CMP + alpha-N-acetylneuraminyl-(2->8)-alpha-N-acetylneuraminyl-(2->3)-beta-D-galactosyl-R.",733.048474747202,0.0600114436347683,10.8581774605989
"GO:0003839","gamma-glutamylcyclotransferase activity",0.629444872056758,2.88851499536184e-10,9.14696415197916e-10,"Catalysis of the reaction: (5-L-glutamyl)-L-amino acid = 5-oxoproline + L-amino acid.",292.059697103564,0.0998382421845776,6.30464697979218
"GO:0003841","1-acylglycerol-3-phosphate O-acyltransferase activity",3.82172857478676,2.23164499429405e-19,1.08445605828713e-18,"Catalysis of the reaction: acyl-CoA + 1-acyl-sn-glycerol-3-phosphate = CoA + 1,2-diacyl-sn-glycerol-3-phosphate.",33.3869638431046,0.424577593942565,9.00124883957901
"GO:0003847","1-alkyl-2-acetylglycerophosphocholine esterase activity",-0.203606360913878,0.370763397307361,0.450166957352461,"Catalysis of the reaction: 2-acetyl-1-alkyl-sn-glycero-3-phosphocholine + H2O = 1-alkyl-sn-glycero-3-phosphocholine + acetate.",44.0653181914639,0.227481876235174,-0.895044318622496
"GO:0003865","3-oxo-5-alpha-steroid 4-dehydrogenase activity",0.0958260695684352,0.201744965988482,0.264109331638553,"Catalysis of the reaction: a 3-oxo-5-alpha-steroid + acceptor = a 3-oxo-delta(4)-steroid + reduced acceptor.",440.303084758487,0.0750637480049023,1.27659585506145
"GO:0003899","DNA-directed 5'-3' RNA polymerase activity",0.00430356106776728,0.950530880796631,0.972196715615952,"Catalysis of the reaction: nucleoside triphosphate + RNA(n) = diphosphate + RNA(n+1). Utilizes a DNA template, i.e. the catalysis of DNA-template-directed extension of the 3'-end of an RNA strand by one nucleotide at a time. Can initiate a chain 'de novo'.",942.83585178866,0.0693673856499101,0.0620401219888392
"GO:0003904","deoxyribodipyrimidine photo-lyase activity",-0.227755009829643,0.00200023339094409,0.00372987817993022,"Catalysis of the reaction: cyclobutadipyrimidine (in DNA) = 2 pyrimidine residues (in DNA). This reaction represents the reactivation of irradiated DNA by light.",880.8165299727,0.0737024085831667,-3.09019765036093
"GO:0003905","alkylbase DNA N-glycosylase activity",0.523263438834904,0.0281981630496595,0.0444801240626267,"Catalysis of the reaction: DNA with alkylated base + H2O = DNA with abasic site + alkylated base. This reaction is the hydrolysis of DNA by cleavage of the N-C1' glycosidic bond between the target damaged DNA base and the deoxyribose sugar to remove an alkylated base, leaving an apyrimidinic or apurinic site.",45.7322123637196,0.238441126856363,2.19451839426224
"GO:0003912","DNA nucleotidylexotransferase activity",2.14277051325351,0.00917168931050287,0.0155992683514924,"Catalysis of the reaction: deoxynucleoside triphosphate + DNA(n) = diphosphate + DNA(n+1).",5.42105367999691,0.822375247191291,2.60558731621829
"GO:0003917","DNA topoisomerase type I (single strand cut, ATP-independent) activity",0.350796953820914,1.5316762809481e-12,5.50307542848304e-12,"Catalysis of a DNA topological transformation by transiently cleaving one DNA strand at a time to allow passage of another strand; changes the linking number by +1 per catalytic cycle.",1093.85908086527,0.0496065126289345,7.0715907091663
"GO:0003923","GPI-anchor transamidase activity",-0.0411829129138784,0.451361429465195,0.532394437775222,"Catalysis of the formation of the linkage between a protein and a glycosylphosphatidylinositol anchor. The reaction probably occurs by subjecting a peptide bond to nucleophilic attack by the amino group of ethanolamine-GPI, transferring the protein from a signal peptide to the GPI anchor.",1108.20087061199,0.0546810899614161,-0.75314725699392
"GO:0003924","GTPase activity",-0.283302954168485,2.98494584655488e-39,2.52821316882901e-38,"Catalysis of the reaction: GTP + H2O = GDP + phosphate.",10989.6444308236,0.0216138998526424,-13.1074427151031
"GO:0003938","IMP dehydrogenase activity",-0.497291111007772,6.45987350000594e-41,5.65305942386412e-40,"Catalysis of the reaction: inosine 5'-phosphate + NAD+ + H2O = xanthosine 5'-phosphate + NADH + H+.",11471.7608162192,0.0371248834964649,-13.3950887968477
"GO:0003940","L-iduronidase activity",-0.133814207872911,0.288048159988464,0.361603315128375,"Catalysis of the hydrolysis of alpha-L-iduronosidic linkages in dermatan sulfate.",184.04023179506,0.125953077704024,-1.06241316458626
"GO:0003950","NAD+ ADP-ribosyltransferase activity",0.220091720176011,2.98463792846693e-23,1.66965554141559e-22,"Catalysis of the reaction: NAD+ + (ADP-D-ribosyl)(n)-acceptor = nicotinamide + (ADP-D-ribosyl)(n+1)-acceptor.",11123.206633912,0.022157141214664,9.93321828135257
"GO:0003951","NAD+ kinase activity",1.05848909508215,7.27629737602741e-90,1.22765689328334e-88,"Catalysis of the reaction: ATP + NAD(+) = ADP + 2 H(+) + NADP(+).",2381.74138787969,0.0526593202877866,20.1006980207386
"GO:0003952","NAD+ synthase (glutamine-hydrolyzing) activity",0.361013305862581,1.83343042192678e-10,5.89436701195669e-10,"Catalysis of the reaction: ATP + deamido-NAD+ + L-glutamine + H2O = AMP + diphosphate + NAD+ + L-glutamate.",788.894169839848,0.0566323636445594,6.37468194208531
"GO:0003953","NAD+ nucleosidase activity",-0.511540160733711,2.24487510449043e-15,9.24695624095763e-15,"Catalysis of the reaction: NAD+ + H2O = nicotinamide + ADP-ribose.",1554.3808754023,0.0645312977511377,-7.92700873158392
"GO:0003963","RNA-3'-phosphate cyclase activity",-0.275926344417123,0.00594395950816286,0.0103260383877393,"Catalysis of the reaction: ATP + RNA 3'-terminal-phosphate = AMP + diphosphate + RNA terminal-2',3'-cyclic-phosphate.",318.649127096952,0.100305595755203,-2.7508569421244
"GO:0003972","RNA ligase (ATP) activity",-0.157587001017519,1.67195586716264e-06,4.15330379722735e-06,"Catalysis of the reaction: ATP + ribonucleotide(n) + ribonucleotide(m) = AMP + diphosphate + ribonucleotide(n+m).",3621.19849554641,0.0329025847113219,-4.78950217437758
"GO:0003980","UDP-glucose:glycoprotein glucosyltransferase activity",-0.245991395247367,8.41787244663337e-06,1.98139430691404e-05,"Catalysis of the addition of UDP-glucose on to asparagine-linked (N-linked) oligosaccharides of the form Man7-9GlcNAc2 on incorrectly folded glycoproteins.",1691.38375723244,0.0552259608172243,-4.45427099152697
"GO:0003995","acyl-CoA dehydrogenase activity",-0.0149076419761541,0.874222597989904,0.907350127539719,"Catalysis of the reaction: acyl-CoA + acceptor = 2,3-dehydroacyl-CoA + reduced acceptor.",279.698403175983,0.0941750076091883,-0.15829722082974
"GO:0003997","acyl-CoA oxidase activity",0.281241649838603,1.27430000792232e-16,5.56417953769808e-16,"Catalysis of the reaction: acyl-CoA + O2 = trans-2,3-dehydroacyl-CoA + hydrogen peroxide.",2705.30477128545,0.0339829839639985,8.27595511143313
"GO:0004000","adenosine deaminase activity",-0.0659128503024316,0.830597072732529,0.873680412166036,"Catalysis of the reaction: adenosine + H2O = inosine + NH3.",33.3426160562715,0.308096311113249,-0.213935863315817
"GO:0004001","adenosine kinase activity",-0.741545812134714,3.25832214446385e-113,6.48283151195684e-112,"Catalysis of the reaction: ATP + adenosine = ADP + AMP.",3296.78434904195,0.0327934901008325,-22.6125920069694
"GO:0004013","adenosylhomocysteinase activity",-0.582521801871081,2.67824707194203e-65,3.66780719138035e-64,"Catalysis of the reaction: S-adenosyl-L-homocysteine + H2O = adenosine + L-homocysteine.",5216.48337552881,0.034134357113503,-17.0655565574031
"GO:0004017","adenylate kinase activity",0.218092810947217,1.0295472942347e-11,3.52486240834575e-11,"Catalysis of the reaction: ATP + AMP = 2 ADP.",2916.21144890654,0.032061580524918,6.80231003514368
"GO:0004019","adenylosuccinate synthase activity",0.187527708100555,9.51564091243147e-06,2.22983185381311e-05,"Catalysis of the reaction: L-aspartate + GTP + IMP = N(6)-(1,2-dicarboxyethyl)-AMP + GDP + 3 H(+) + phosphate.",2077.15494598684,0.0423514179904822,4.42789679775772
"GO:0004044","amidophosphoribosyltransferase activity",-0.583316849932702,3.55257108658044e-27,2.27041588533277e-26,"Catalysis of the reaction: 5-phospho-beta-D-ribosylamine + L-glutamate + diphosphate = 5-phospho-alpha-D-ribose 1-diphosphate + L-glutamine + H(2)O.",2552.06409257518,0.054025339381132,-10.7970973734674
"GO:0004061","arylformamidase activity",-0.327245640818831,6.45237227689485e-05,0.000140870115237798,"Catalysis of the reaction: N-formyl-L-kynurenine + H2O = formate + L-kynurenine.",563.842550187736,0.0819009835423365,-3.99562528635166
"GO:0004064","arylesterase activity",-1.26433996304496,0.00401865781541771,0.00716428515022481,"Catalysis of the reaction: a phenyl acetate + H2O = a phenol + acetate.",18.4916473230848,0.4395115376017,-2.8766934537012
"GO:0004067","asparaginase activity",0.997084945313169,2.78826259506597e-20,1.39678047814587e-19,"Catalysis of the reaction: L-asparagine + H2O = L-aspartate + NH3.",199.723353170493,0.108063952223795,9.22680435792557
"GO:0004077","biotin-[acetyl-CoA-carboxylase] ligase activity",0.992374153812946,8.1800892833439e-74,1.19804224295641e-72,"Catalysis of the reaction: ATP + biotin + apo-(acetyl-CoA:carbon-dioxide ligase (ADP forming)) = AMP + diphosphate + (acetyl-CoA:carbon-dioxide ligase (ADP forming)).",1383.07914527351,0.0546018056302439,18.1747497607162
"GO:0004089","carbonate dehydratase activity",-0.142470754332765,0.635214823835107,0.711832127241361,"Catalysis of the reaction: H2CO3 = CO2 + H2O.",28.1133542489706,0.300317895067229,-0.474399816570609
"GO:0004104","cholinesterase activity",-2.76556729245818,4.76436315641404e-24,2.73788607544338e-23,"Catalysis of the reaction: an acylcholine + H2O = choline + a carboxylic acid anion.",53.6905177928462,0.27342596167054,-10.1145014744083
"GO:0004114","3',5'-cyclic-nucleotide phosphodiesterase activity",-0.112228645033161,0.0104397465729394,0.0176139404178633,"Catalysis of the reaction: nucleoside 3',5'-cyclic phosphate + H2O = nucleoside 5'-phosphate.",1678.32254974932,0.0438236834455556,-2.56091310016395
"GO:0004127","cytidylate kinase activity",-0.239186366043612,2.56413265668721e-17,1.16295823074265e-16,"Catalysis of the reaction: ATP + (d)CMP = ADP + (d)CDP.",7848.36487696678,0.0282563159433873,-8.46488149845265
"GO:0004164","diphthine synthase activity",-0.00689445825565178,0.880488836310017,0.911121295214719,"Catalysis of the reaction: S-adenosyl-L-methionine + 2-(3-carboxy-3-aminopropyl)-L-histidine = S-adenosyl-L-homocysteine + 2-(3-carboxy-3-(methylammonio)propyl)-L-histidine.",1208.20122422221,0.045856192620643,-0.150349557205674
"GO:0004177","aminopeptidase activity",-0.164349269035216,8.03312688083453e-07,2.05605152811651e-06,"Catalysis of the hydrolysis of a single N-terminal amino acid residue from a polypeptide chain.",4991.38367263482,0.0333057533605568,-4.93456092273387
"GO:0004180","carboxypeptidase activity",1.50769194824415,0.452449919225532,0.533380033340775,"Catalysis of the hydrolysis of a single C-terminal amino acid residue from a polypeptide chain.",0.735500595674633,2.00667892319383,0.751336913353583
"GO:0004181","metallocarboxypeptidase activity",0.187690568883009,0.00919475114044622,0.0156258905360202,"Catalysis of the hydrolysis of a single C-terminal amino acid residue from a polypeptide chain by a mechanism in which water acts as a nucleophile, one or two metal ions hold the water molecule in place, and charged amino acid side chains are ligands for the metal ions.",483.539160775062,0.0720576761311511,2.60472692099307
"GO:0004190","aspartic-type endopeptidase activity",-0.241132506235707,8.41752610043453e-24,4.79798987724768e-23,"Catalysis of the hydrolysis of internal, alpha-peptide bonds in a polypeptide chain by a mechanism in which a water molecule bound by the side chains of aspartic residues at the active center acts as a nucleophile.",7932.8290175279,0.0239727375238723,-10.058613706323
"GO:0004197","cysteine-type endopeptidase activity",0.786774054083311,9.69411729198063e-93,1.6758109318678e-91,"Catalysis of the hydrolysis of internal, alpha-peptide bonds in a polypeptide chain by a mechanism in which the sulfhydryl group of a cysteine residue at the active center acts as a nucleophile.",1920.82898709972,0.0385170504178184,20.4266434098324
"GO:0004198","calcium-dependent cysteine-type endopeptidase activity",-0.581530940497346,3.70266309229792e-34,2.76911931264408e-33,"Catalysis of the hydrolysis of nonterminal peptide bonds in a polypeptide chain by a mechanism using a cysteine residue at the enzyme active center, and requiring the presence of calcium.",11552.1152984857,0.0477222415987024,-12.1857423502327
"GO:0004222","metalloendopeptidase activity",-0.249313673305571,3.04606668256328e-29,2.03296032706517e-28,"Catalysis of the hydrolysis of internal, alpha-peptide bonds in a polypeptide chain by a mechanism in which water acts as a nucleophile, one or two metal ions hold the water molecule in place, and charged amino acid side chains are ligands for the metal ions.",13985.3192810901,0.0222089834759297,-11.2258029988531
"GO:0004252","serine-type endopeptidase activity",0.361247514908775,1.4088626655592e-32,1.01409261490251e-31,"Catalysis of the hydrolysis of internal, alpha-peptide bonds in a polypeptide chain by a catalytic mechanism that involves a catalytic triad consisting of a serine nucleophile that is activated by a proton relay involving an acidic residue (e.g. aspartate or glutamate) and a basic residue (usually histidine).",3595.66357727317,0.0303941146717532,11.8854429158452
"GO:0004301","epoxide hydrolase activity",-0.585197289651686,7.40151601066062e-19,3.50781961044567e-18,"Catalysis of the reaction: an epoxide + H2O = a glycol.",594.62752027606,0.0659846790355633,-8.8686843401373
"GO:0004307","ethanolaminephosphotransferase activity",-0.251866657914494,3.42591171362393e-10,1.08000714559535e-09,"Catalysis of the reaction: CDP-ethanolamine + 1,2-diacylglycerol = CMP + a phosphatidylethanolamine.",1867.92619404925,0.0401178749574304,-6.27816548562836
"GO:0004310","farnesyl-diphosphate farnesyltransferase activity",-0.529254909280854,1.67924572994103e-32,1.20460178382504e-31,"Catalysis of the reaction: 2 farnesyl diphosphate = diphosphate + presqualene diphosphate.",2455.18290835911,0.0445847339630404,-11.8707652202117
"GO:0004334","fumarylacetoacetase activity",-0.675325581256534,0.0450882817194005,0.068608359412854,"Catalysis of the reaction: 4-fumarylacetoacetate + H(2)O = acetoacetate + fumarate + H(+).",20.0338039698142,0.33701741435958,-2.00382992831343
"GO:0004362","glutathione-disulfide reductase (NADPH) activity",-0.445029646171727,1.95738660825737e-46,1.89363686092422e-45,"Catalysis of the reaction: 2 glutathione + NADP+ = glutathione disulfide + NADPH + H+.",3642.79030210747,0.0311040926753048,-14.3077520639289
"GO:0004363","glutathione synthase activity",-0.660700211004313,7.06469563617655e-25,4.23279633428873e-24,"Catalysis of the reaction: L-gamma-glutamyl-L-cysteine + ATP + glycine = ADP + glutathione + 2 H(+) + phosphate.",1111.43085914038,0.0641472280439657,-10.2997468659359
"GO:0004364","glutathione transferase activity",-0.832929690491136,6.42683418365292e-177,1.882526846295e-175,"Catalysis of the reaction: R-X + glutathione = H-X + R-S-glutathione. R may be an aliphatic, aromatic or heterocyclic group; X may be a sulfate, nitrile or halide group.",6613.95001783573,0.0293705958988515,-28.3593051145314
"GO:0004368","glycerol-3-phosphate dehydrogenase (quinone) activity",-0.0389434227022734,0.369300766259837,0.448649375600229,"Catalysis of the reaction: sn-glycerol 3-phosphate + a quinone = glycerone phosphate + a quinol.",1355.06116614605,0.0433772786821919,-0.897783906353287
"GO:0004370","glycerol kinase activity",0.105220877570783,0.531513888682818,0.611545439842915,"Catalysis of the reaction: ATP + glycerol = sn-glycerol 3-phosphate + ADP + 2 H(+).",89.8722886636849,0.168165942278786,0.625696714477103
"GO:0004373","glycogen (starch) synthase activity",0.764533610697499,0.346102608311009,0.423639234432918,"Catalysis of the reaction: UDP-glucose + (1,4)-alpha-D-glucosyl(n) = UDP + (1,4)-alpha-D-glucosyl(n+1).",3.60296195885878,0.811455312180004,0.942175865043697
"GO:0004377","GDP-Man:Man3GlcNAc2-PP-Dol alpha-1,2-mannosyltransferase activity",0.403436891726937,8.75154915497832e-07,2.23180376878468e-06,"Catalysis of the reaction: an alpha-D-Man-(1->3)-[alpha-D-Man-(1->6)]-beta-D-Man-(1->4)-beta-D-GlcNAc-(1->4)-D-GlcNAc-diphosphodolichol + 2 GDP-alpha-D-mannose = an alpha-D-Man-(1->2)-alpha-D-Man-(1->2)-alpha-D-Man-(1->3)-[alpha-D-Man-(1->6)]-beta-D-Man-(1->4)-beta-D-GlcNAc-(1->4)-D-GlcNAc-diphosphodolichol + 2 GDP + 2 H+. This reaction is the transfer of an alpha-D-mannosyl residue from GDP-mannose into lipid-linked oligosaccharide, forming an alpha-(1->2)-D-mannosyl-D-mannose linkage.",427.824419109221,0.082035798251209,4.91781515298404
"GO:0004383","guanylate cyclase activity",-0.0505720319789819,0.324780256391182,0.402445100310812,"Catalysis of the reaction: GTP = 3',5'-cyclic GMP + diphosphate.",885.64864405057,0.0513587409241684,-0.984682082717953
"GO:0004386","helicase activity",0.771367622904009,0,0,"Catalysis of the reaction: ATP + H2O = ADP + phosphate, to drive the unwinding of a DNA or RNA helix.",34068.6853629178,0.0146703804936806,52.5799329633123
"GO:0004402","histone acetyltransferase activity",-0.0566310690387149,0.0503298682517333,0.075710194110489,"Catalysis of the reaction: acetyl-CoA + histone = CoA + acetyl-histone.",4321.46361783351,0.0289354812555895,-1.95714972004398
"GO:0004407","histone deacetylase activity",-0.203303047569705,6.37348901899858e-05,0.000139436601048423,"Catalysis of the reaction: histone N6-acetyl-L-lysine + H2O = histone L-lysine + acetate. This reaction represents the removal of an acetyl group from a histone, a class of proteins complexed to DNA in chromatin and chromosomes.",1263.87867758405,0.050844342696729,-3.99853822051248
"GO:0004435","phosphatidylinositol phospholipase C activity",-0.0466228221698978,0.154478045809994,0.208976394235585,"Catalysis of the reaction: 1-phosphatidyl-1D-myo-inositol 4,5-bisphosphate + H(2)O = 1,2-diacylglycerol + 1D-myo-inositol 1,4,5-trisphosphate + H(+).",4231.28093378384,0.0327432536894459,-1.42389093680466
"GO:0004452","isopentenyl-diphosphate delta-isomerase activity",-0.366272094405159,0.00430404389406451,0.00765194322551405,"Catalysis of the reaction: isopentenyl diphosphate = dimethylallyl diphosphate.",145.417289617505,0.128292648701775,-2.85497336060605
"GO:0004465","lipoprotein lipase activity",-1.99110311893083,0,0,"Catalysis of the reaction: triacylglycerol + H2O = diacylglycerol + a carboxylate, where the triacylglycerol is part of a lipoprotein.",6924.4026027154,0.0258214740831766,-77.1103583210258
"GO:0004470","malic enzyme activity",3.69247949818098,0.0195948157538935,0.0317888203268934,"Catalysis of the oxidative decarboxylation of malate with the concomitant production of pyruvate.",1.47337869832346,1.58202747194178,2.33401730606412
"GO:0004488","methylenetetrahydrofolate dehydrogenase (NADP+) activity",1.01825841953154,1.55927352196532e-145,3.82384634630799e-144,"Catalysis of the reaction: 5,10-methylenetetrahydrofolate + NADP(+) = 5,10-methenyltetrahydrofolate + NADPH.",1614.88879574551,0.0396382220445269,25.6888015407879
"GO:0004491","methylmalonate-semialdehyde dehydrogenase (acylating) activity",-1.07174005195749,4.67022997880106e-09,1.38921227437115e-08,"Catalysis of the reaction: 2-methyl-3-oxopropanoate + CoA + NAD+ = propanoyl-CoA + CO2 + NADH + H+.",89.2913624614492,0.182937136503032,-5.85851551218377
"GO:0004493","methylmalonyl-CoA epimerase activity",-0.193521122916035,0.0201746963739672,0.0326542092499592,"Catalysis of the reaction: (R)-methylmalonyl-CoA = (S)-methylmalonyl-CoA.",357.546293740062,0.0833035782737538,-2.32308295665382
"GO:0004496","mevalonate kinase activity",-0.315934962863117,2.06297277970198e-08,5.91946883318567e-08,"Catalysis of the reaction: (R)-mevalonate + ATP = (R)-5-phosphomevalonate + ADP + 2 H(+).",992.137373158826,0.0563501860050802,-5.60663566992722
"GO:0004497","monooxygenase activity",-0.0951580945255288,0.00026446558898385,0.000543094378935677,"Catalysis of the incorporation of one atom from molecular oxygen into a compound and the reduction of the other atom of oxygen to water.",5837.41641649808,0.0260862270379866,-3.64782896303708
"GO:0004499","N,N-dimethylaniline monooxygenase activity",0.0355193250482387,0.696253056468377,0.763259255839324,"Catalysis of the reaction: N,N-dimethylaniline + NADPH + H+ + O2 = N,N-dimethylaniline N-oxide + NADP+ + H2O.",363.903234223372,0.0909857450336067,0.390383406050246
"GO:0004500","dopamine beta-monooxygenase activity",-1.62535049360219,5.34083311425956e-31,3.74213190630346e-30,"Catalysis of the reaction: L-ascorbate + dopamine + O(2) = (R)-noradrenaline + dehydroascorbate + H(2)O.",165.104345987376,0.140385273795554,-11.577784832113
"GO:0004505","phenylalanine 4-monooxygenase activity",4.05490463474217,0.0053471977009752,0.00935094523329742,"Catalysis of the reaction: L-phenylalanine + tetrahydrobiopterin + O2 = L-tyrosine + 4-alpha-hydroxytetrahydrobiopterin.",2.07615841097534,1.45580351689526,2.78533784791914
"GO:0004512","inositol-3-phosphate synthase activity",-0.717161548902142,1.41546136519749e-18,6.60444252035731e-18,"Catalysis of the reaction: D-glucose 6-phosphate = 1D-myo-inositol 3-phosphate. This reaction requires NAD, which dehydrogenates the CHOH group to CO at C-5 of the glucose 6-phosphate, making C-6 into an active methylene, able to condense with the aldehyde at C-1. Finally, the enzyme-bound NADH reconverts C-5 into the CHOH form.",801.021951763947,0.0815309759198058,-8.79618501816469
"GO:0004519","endonuclease activity",0.130194384489998,0.0030185684597432,0.0055070595861578,"Catalysis of the hydrolysis of ester linkages within nucleic acids by creating internal breaks.",1429.66927588257,0.0438979702018332,2.96584065029414
"GO:0004521","endoribonuclease activity",-0.192098947286462,0.53880011425926,0.619253101347563,"Catalysis of the hydrolysis of ester linkages within ribonucleic acid by creating internal breaks.",25.7829867412654,0.312544829108704,-0.614628460929199
"GO:0004523","RNA-DNA hybrid ribonuclease activity",-0.358158405031188,7.78529162079822e-14,3.03496858193409e-13,"Catalysis of the endonucleolytic cleavage of RNA in RNA-DNA hybrids to 5'-phosphomonoesters.",1343.80462939313,0.0479212263969349,-7.4738989788061
"GO:0004526","ribonuclease P activity",0.098349780267636,0.035926237454034,0.0555080108355733,"Catalysis of the endonucleolytic cleavage of RNA, removing 5' extra nucleotides from tRNA precursor.",1430.30953183657,0.0468832086083384,2.09776129209177
"GO:0004531","deoxyribonuclease II activity",0.992487536656607,0.0658896191055263,0.0966350533334874,"Catalysis of the endonucleolytic cleavage of DNA to 3'-phosphodinucleotide and 3'-phosphooligonucleotide end products.",10.4114055505364,0.539637693731991,1.83917385346607
"GO:0004535","poly(A)-specific ribonuclease activity",-0.191161873156023,3.54316903161939e-05,7.92422427114028e-05,"Catalysis of the exonucleolytic cleavage of poly(A) to 5'-AMP.",1475.16548539108,0.0462255826181669,-4.1354129537979
"GO:0004540","ribonuclease activity",0.0153025947946462,0.692789840918448,0.760590200154611,"Catalysis of the hydrolysis of phosphodiester bonds in chains of RNA.",2024.76268842335,0.0387336977679493,0.395071879951222
"GO:0004550","nucleoside diphosphate kinase activity",1.74365270845586,0.02675337371447,0.0423913337068499,"Catalysis of the reaction: ATP + nucleoside diphosphate = ADP + nucleoside triphosphate.",5.14646002168435,0.787167479802484,2.21509748966431
"GO:0004553","hydrolase activity, hydrolyzing O-glycosyl compounds",-0.185949073328648,1.8034415476808e-05,4.11629677928443e-05,"Catalysis of the hydrolysis of any O-glycosyl bond.",2316.96175135718,0.0433656752499088,-4.28793215502944
"GO:0004556","alpha-amylase activity",0.133520888070193,0.149542671502627,0.202919378542161,"Catalysis of the endohydrolysis of (1->4)-alpha-D-glucosidic linkages in polysaccharides containing three or more alpha-(1->4)-linked D-glucose units.",336.784345914733,0.0926489307119909,1.44114872178349
"GO:0004563","beta-N-acetylhexosaminidase activity",-0.311209695207908,1.87041181926457e-17,8.53830849962982e-17,"Catalysis of the hydrolysis of terminal non-reducing N-acetyl-D-hexosamine residues in N-acetyl-beta-D-hexosaminides.",2498.10866620844,0.0366061376662153,-8.50157145901603
"GO:0004565","beta-galactosidase activity",-0.227529481494108,2.13253070891407e-10,6.8351174241638e-10,"Catalysis of the hydrolysis of terminal, non-reducing beta-D-galactose residues in beta-D-galactosides.",2412.47755899131,0.0358230647933358,-6.35148005361161
"GO:0004571","mannosyl-oligosaccharide 1,2-alpha-mannosidase activity",-0.406019642479509,8.43412023201429e-22,4.5260965825237e-21,"Catalysis of the hydrolysis of the terminal (1->2)-linked alpha-D-mannose residues in an oligo-mannose oligosaccharide.",1608.326996097,0.0423180450611746,-9.59448012999113
"GO:0004587","ornithine-oxo-acid transaminase activity",-0.50806849223178,5.79532078111803e-38,4.71904692176754e-37,"Catalysis of the reaction: L-ornithine + a 2-oxo acid = L-glutamate 5-semialdehyde + an L-amino acid.",1668.26075567091,0.0394447572334552,-12.8805075215639
"GO:0004594","pantothenate kinase activity",0.206808395234549,0.000460153017464486,0.000926014039916604,"Catalysis of the reaction: ATP + pantothenate = ADP + D-4'-phosphopantothenate.",1198.90640247267,0.0590385197444894,3.50294004879504
"GO:0004602","glutathione peroxidase activity",-0.116388162251723,0.00722946425247073,0.0124566504154091,"Catalysis of the reaction: 2 glutathione + hydrogen peroxide = oxidized glutathione + 2 H2O.",2787.25333409145,0.0433300330448292,-2.68608524095305
"GO:0004605","phosphatidate cytidylyltransferase activity",0.616675591339264,3.98561001064816e-15,1.63216534222466e-14,"Catalysis of the reaction: CTP + phosphatidate = diphosphate + CDP-diacylglycerol.",502.278745116284,0.0785035948185122,7.85538028882523
"GO:0004618","phosphoglycerate kinase activity",-0.305741444574853,3.36764665823254e-26,2.09509345198006e-25,"Catalysis of the reaction: 3-phospho-D-glycerate + ATP = 3-phospho-D-glyceroyl phosphate + ADP + H(+).",14261.450130341,0.0288747202225963,-10.588550892195
"GO:0004619","phosphoglycerate mutase activity",-0.595737593385641,2.22048866630464e-20,1.12033746345371e-19,"Catalysis of the reaction: 2-phospho-D-glycerate = 3-phospho-D-glycerate.",14075.9401676618,0.0643959198879906,-9.25116986327487
"GO:0004623","phospholipase A2 activity",-0.788843567099066,1.96081563944827e-18,9.1288304273651e-18,"Catalysis of the reaction: a 1,2-diacyl-sn-glycero-3-phospholipid + H2O = 1-acyl-sn-glycero-3-phospholipid + a fatty acid. This reaction removes the fatty acid attached to the sn2-position. Substrates include phosphatidylcholine, phosphatidylethanolamine, choline plasmalogen and phosphatides.",426.763482747083,0.0900555583232892,-8.75952114212882
"GO:0004629","phospholipase C activity",0.457981621226759,0.000167950038846914,0.000351744420981274,"Catalysis of the reaction: a phospholipid + H2O = 1,2-diacylglycerol + a phosphatidate.",213.14446814648,0.12170954214302,3.76290645057711
"GO:0004631","phosphomevalonate kinase activity",-0.343399086850254,0.0981678923278006,0.139137153843637,"Catalysis of the reaction: (R)-5-phosphomevalonate + ATP = (R)-5-diphosphomevalonate + ADP + H(+).",77.4948858096,0.207642288969732,-1.65380129719294
"GO:0004644","phosphoribosylglycinamide formyltransferase activity",0.790830082811511,0.00311258717638982,0.00565900547845356,"Catalysis of the reaction: 10-formyltetrahydrofolate + N1-(5-phospho-D-ribosyl)glycinamide = tetrahydrofolate + N2-formyl-N1-(5-phospho-D-ribosyl)glycinamide.",38.2099209023714,0.267498159962695,2.95639447733696
"GO:0004649","poly(ADP-ribose) glycohydrolase activity",0.150690233167587,0.000248914193539351,0.000513659524632575,"Catalysis of the hydrolysis of poly(ADP-ribose) at glycosidic (1''-2') linkage of ribose-ribose bond to produce free ADP-ribose.",1707.47226888894,0.0411342692138489,3.66337450616123
"GO:0004652","polynucleotide adenylyltransferase activity",0.322969768000136,1.26599458316006e-12,4.57972997578829e-12,"Catalysis of the template-independent extension of the 3'- end of an RNA or DNA strand by addition of one adenosine molecule at a time. Cannot initiate a chain 'de novo'. The primer, depending on the source of the enzyme, may be an RNA or DNA fragment, or oligo(A) bearing a 3'-OH terminal group.",3664.49863827156,0.0455016869763603,7.09797349201426
"GO:0004653","polypeptide N-acetylgalactosaminyltransferase activity",-0.379709597551565,4.17359851374742e-13,1.5606594442364e-12,"Catalysis of the reaction: UDP-N-acetyl-D-galactosamine + polypeptide = UDP + N-acetyl-D-galactosaminyl-polypeptide. This reaction is the modification of serine or threonine residues in polypeptide chains by the transfer of a N-acetylgalactose from UDP-N-acetylgalactose to the hydroxyl group of the amino acid; it is the first step in O-glycan biosynthesis.",970.503121755754,0.0523751176201935,-7.24980897045596
"GO:0004654","polyribonucleotide nucleotidyltransferase activity",1.04115751395963,4.83437560283087e-111,9.35385151043147e-110,"Catalysis of the reaction: RNA(n+1) + phosphate <=> RNA(n) + a nucleoside diphosphate.",2490.46226110128,0.0464992696137108,22.390835869229
"GO:0004656","procollagen-proline 4-dioxygenase activity",-0.640792321393632,0.0395015991758989,0.0606323672940108,"Catalysis of the reaction: procollagen L-proline + 2-oxoglutarate + O2 = procollagen trans-4-hydroxy-L-proline + succinate + CO2.",32.9775452960124,0.31122692240034,-2.05892316915104
"GO:0004659","prenyltransferase activity",0.663918435474335,9.71605917457691e-16,4.05765718795697e-15,"Catalysis of the transfer of a prenyl group from one compound (donor) to another (acceptor).",400.661821474132,0.0826757047872752,8.03039341705763
"GO:0004661","protein geranylgeranyltransferase activity",-0.173512086388303,7.53861892961371e-07,1.93311432184122e-06,"Catalysis of the covalent addition of a geranylgeranyl (20-carbon isoprenoid) group via thioether linkages to a cysteine residue at or near the C terminus of a protein.",3061.21289657164,0.0350745740785015,-4.94694778046228
"GO:0004663","Rab geranylgeranyltransferase activity",0.713060970437245,1.34793730136746e-42,1.22534472783792e-41,"Catalysis of the reaction: 2 geranylgeranyl diphosphate + protein-cysteine = 2 S-geranylgeranyl-protein + 2 diphosphate. This reaction is the formation of two thioether linkages between the C-1 atom of the geranylgeranyl groups and two cysteine residues within the terminal sequence motifs XXCC, XCXC or CCXX. Known substrates include Ras-related GTPases of a single family and the Rab family.",2567.60825679093,0.052126612507989,13.6794035930871
"GO:0004672","protein kinase activity",-0.053957752304551,0.0238736811167926,0.0381747996851644,"Catalysis of the phosphorylation of an amino acid residue in a protein, usually according to the reaction: a protein + ATP = a phosphoprotein + ADP.",6404.85725270484,0.0238840308894286,-2.25915602581278
"GO:0004674","protein serine/threonine kinase activity",0.117991499332854,6.86957058268674e-11,2.24967769547924e-10,"Catalysis of the reactions: ATP + protein serine = ADP + protein serine phosphate, and ATP + protein threonine = ADP + protein threonine phosphate.",73561.4795020727,0.0180872086573694,6.52347753420646
"GO:0004683","calmodulin-dependent protein kinase activity",-0.352844647575485,4.74018149030483e-24,2.73143244892155e-23,"Calmodulin-dependent catalysis of the reactions: ATP + a protein serine = ADP + protein serine phosphate; and ATP + a protein threonine = ADP + protein threonine phosphate.",3485.53989285806,0.034883307532451,-10.1149997673599
"GO:0004691","cAMP-dependent protein kinase activity",0.297413962230485,6.27627608785332e-19,3.00151162568768e-18,"cAMP-dependent catalysis of the reaction: ATP + a protein = ADP + a phosphoprotein.",2841.76662684072,0.033466060632264,8.8870323130818
"GO:0004697","protein kinase C activity",0.702383161158608,3.1804803773204e-31,2.24335555711328e-30,"Catalysis of the reaction: ATP + a protein = ADP + a phosphoprotein. This reaction requires diacylglycerol.",825.643212767373,0.0604348975287688,11.6221453147042
"GO:0004703","G protein-coupled receptor kinase activity",0.1588275707349,0.000345419546772883,0.000701820639830453,"Catalysis of the reaction: ATP + G protein-coupled receptor = ADP + G protein-coupled receptor phosphate.",2448.99692652317,0.0443824104629037,3.5786152459577
"GO:0004709","MAP kinase kinase kinase activity",0.23538912326842,0.0121031461642101,0.0202583613177136,"Catalysis of the phosphorylation and activation of a MAP kinase kinase; each MAP kinase kinase can be phosphorylated by any of several MAP kinase kinase kinases.",312.657236551846,0.0938133199002935,2.50912262265738
"GO:0004711","ribosomal protein S6 kinase activity",1.6466503255843,2.05095105476094e-12,7.33128097371325e-12,"Catalysis of the reaction: ribosomal protein S6 + ATP = ribosomal protein S6 phosphate + ATP.",93.5196781326272,0.234199424982388,7.03097510042193
"GO:0004712","protein serine/threonine/tyrosine kinase activity",-0.717096941845668,5.50289748271258e-18,2.53952096084044e-17,"Catalysis of the reactions: ATP + a protein serine = ADP + protein serine phosphate; ATP + a protein threonine = ADP + protein threonine phosphate; and ATP + a protein tyrosine = ADP + protein tyrosine phosphate.",7655.97796521252,0.0829739769509514,-8.6424318587208
"GO:0004713","protein tyrosine kinase activity",0.302777742752942,2.66631991206325e-09,8.03324099220199e-09,"Catalysis of the reaction: ATP + a protein tyrosine = ADP + protein tyrosine phosphate.",3437.85558406386,0.0508791096804714,5.95092454750943
"GO:0004714","transmembrane receptor protein tyrosine kinase activity",1.40311285245782,1.74737870252369e-34,1.31615060129374e-33,"Combining with a signal and transmitting the signal from one side of the membrane to the other to initiate a change in cell activity by catalysis of the reaction: ATP + a protein-L-tyrosine = ADP + a protein-L-tyrosine phosphate.",190.731545075202,0.114569673052965,12.2468085582226
"GO:0004715","non-membrane spanning protein tyrosine kinase activity",-0.166498202445291,0.0233306916301851,0.0374462927306395,"Catalysis of the reaction: ATP + protein L-tyrosine = ADP + protein L-tyrosine phosphate by a non-membrane spanning protein.",620.792948149451,0.0734126944389588,-2.26797563715266
"GO:0004719","protein-L-isoaspartate (D-aspartate) O-methyltransferase activity",-0.148943504256961,0.0041814473189381,0.00744820303685849,"Catalysis of the reaction: S-adenosyl-L-methionine + protein L-beta-aspartate = S-adenosyl-L-homocysteine + protein L-beta-aspartate methyl ester.",1134.08685794139,0.0520028931265803,-2.8641388065548
"GO:0004721","phosphoprotein phosphatase activity",0.203738689799379,5.86551312544203e-08,1.62767989231016e-07,"Catalysis of the reaction: a phosphoprotein + H2O = a protein + phosphate. Together with protein kinases, these enzymes control the state of phosphorylation of cell proteins and thereby provide an important mechanism for regulating cellular activity.",3069.95105697699,0.0375703856935304,5.42285329358391
"GO:0004722","protein serine/threonine phosphatase activity",-0.232606066751621,1.01579294893013e-10,3.30093579244012e-10,"Catalysis of the reaction: protein serine phosphate + H2O = protein serine + phosphate, and protein threonine phosphate + H2O = protein threonine + phosphate.",2974.25899389397,0.0359816105163439,-6.46458186317047
"GO:0004726","non-membrane spanning protein tyrosine phosphatase activity",-0.0394561378414658,0.436087412252791,0.516690085641087,"Catalysis of the reaction: non-membrane spanning protein tyrosine phosphate + H2O = non-membrane spanning protein tyrosine + phosphate.",1469.32297567503,0.0506616167829451,-0.778817186401925
"GO:0004735","pyrroline-5-carboxylate reductase activity",0.595598359457764,4.21197835897625e-29,2.8022278735271e-28,"Catalysis of the reaction: L-proline + NADP+ = 1-pyrroline-5-carboxylate + NADPH + H+.",1193.3095935218,0.0531920960946891,11.1971214369428
"GO:0004758","serine C-palmitoyltransferase activity",1.30884582297507,2.36828184038555e-06,5.7824263329519e-06,"Catalysis of the reaction: L-serine + H(+) + palmitoyl-CoA = 3-dehydrosphinganine + CO(2) + CoA.",35.3138677490138,0.277347590041957,4.71915340161082
"GO:0004776","succinate-CoA ligase (GDP-forming) activity",-0.117659937753516,0.00468677346302726,0.00825764848247659,"Catalysis of the reaction: GTP + succinate + CoA = GDP + succinyl-CoA + phosphate.",2882.58161420144,0.0416081604203181,-2.82780917408836
"GO:0004781","sulfate adenylyltransferase (ATP) activity",-0.110856417061686,0.0163215186096609,0.0268293708088658,"Catalysis of the reaction: ATP + sulfate = diphosphate + adenylylsulfate.",1387.78145679235,0.0461585271068406,-2.4016454598972
"GO:0004784","superoxide dismutase activity",-0.570744699662349,0.0175171438670191,0.0286607109507706,"Catalysis of the reaction: 2 superoxide + 2 H+ = O2 + hydrogen peroxide.",46.4380305294707,0.240245831491231,-2.37566952200452
"GO:0004791","thioredoxin-disulfide reductase activity",0.24216166295747,0.00448763397153504,0.00793329425479245,"Catalysis of the reaction: NADP(+) + thioredoxin = H(+) + NADPH + thioredoxin disulfide.",331.901033883851,0.085217744231118,2.84168121489705
"GO:0004797","thymidine kinase activity",-0.719587071060006,1.01011661735899e-56,1.17051425604951e-55,"Catalysis of the reaction: ATP + thymidine = ADP + thymidine 5'-phosphate.",1693.89960488688,0.0453404316464113,-15.8707591641766
"GO:0004800","thyroxine 5'-deiodinase activity",2.63159834527292,1.11164764700296e-62,1.4383220168891e-61,"Catalysis of the reaction: 3,5,3'-L-triiodo-L-thyronine + iodide + acceptor + H+ = L-thyroxine + donor-H2.",113.445852487963,0.157488102976981,16.7098231264971
"GO:0004801","transaldolase activity",0.474468389456527,6.76757400108413e-33,4.88794985215288e-32,"Catalysis of the reaction: sedoheptulose 7-phosphate + D-glyceraldehyde 3-phosphate = D-erythrose 4-phosphate + D-fructose 6-phosphate.",2546.74464697726,0.0397159296914674,11.9465512488925
"GO:0004806","triglyceride lipase activity",0.241860016210825,0.094703091600189,0.134606506254299,"Catalysis of the reaction: triacylglycerol + H2O = diacylglycerol + a carboxylate.",173.542119568352,0.144731535762958,1.67109410492917
"GO:0004809","tRNA (guanine-N2-)-methyltransferase activity",0.37074083931784,1.20906350137825e-20,6.18911389419107e-20,"Catalysis of the reaction: S-adenosyl-L-methionine + tRNA containing guanine = S-adenosyl-L-homocysteine + tRNA containing N2-methylguanine.",3200.80281944418,0.0397965048461071,9.3159145696712
"GO:0004823","leucine-tRNA ligase activity",-0.319069540377509,3.51852706926473e-12,1.23060921875279e-11,"Catalysis of the reaction: L-leucine + ATP + tRNA(Leu) = AMP + diphosphate + 2 H(+) + Leu-tRNA(Leu).",1783.66574812326,0.0458744091923397,-6.9552839152594
"GO:0004826","phenylalanine-tRNA ligase activity",-0.201422902933594,0.0128180110308287,0.021353226906807,"Catalysis of the reaction: ATP + L-phenylalanine + tRNA(Phe) = AMP + diphosphate + L-phenylalanyl-tRNA(Phe).",470.335934663632,0.0809321920371181,-2.48878595604101
"GO:0004842","ubiquitin-protein transferase activity",0.253071089279379,8.76684860817428e-46,8.36619172608125e-45,"Catalysis of the transfer of ubiquitin from one protein to another via the reaction X-Ub + Y --> Y-Ub + X, where both X-Ub and Y-Ub are covalent linkages.",38841.7648796045,0.0178180386535009,14.2030834145516
"GO:0004843","thiol-dependent deubiquitinase",-0.0900839995328094,0.000357111687664964,0.000724878295751115,"Catalysis of the thiol-dependent hydrolysis of a peptide bond formed by the C-terminal glycine of ubiquitin and another protein.",10392.4089448563,0.0252342898730393,-3.56990428444973
"GO:0004849","uridine kinase activity",0.452660585547919,1.51294965032648e-05,3.47204658600494e-05,"Catalysis of the reaction: ATP + uridine = ADP + UMP.",239.109818972074,0.104617998716504,4.32679453919346
"GO:0004857","enzyme inhibitor activity",-0.517664464214436,2.19827593606994e-29,1.47179807910207e-28,"Binds to and stops, prevents or reduces the activity of an enzyme.",1535.50865107301,0.0459958224097113,-11.2545974198113
"GO:0004859","phospholipase inhibitor activity",0.734590360814998,2.97668972496998e-167,8.59977894515299e-166,"Binds to and stops, prevents or reduces the activity of a phospholipase, an enzyme that catalyzes of the hydrolysis of a phospholipid.",15073.4296300299,0.0266499955170353,27.5643708962514
"GO:0004864","protein phosphatase inhibitor activity",0.0663209783177589,0.239420537311015,0.308453215142902,"Binds to and stops, prevents or reduces the activity of a protein phosphatase, an enzyme that hydrolyzes phosphate groups from phosphorylated proteins.",1173.94265739124,0.056374470294327,1.1764363899386
"GO:0004865","protein serine/threonine phosphatase inhibitor activity",-0.70698771441373,4.1760825798935e-67,5.83268752383801e-66,"Binds to and stops, prevents or reduces the activity of a serine/threonine protein phosphatase, an enzyme that catalyzes the reaction: protein serine/threonine phosphate + H2O = protein serine/threonine + phosphate.",2470.47925166851,0.0408501542869592,-17.3068554269677
"GO:0004866","endopeptidase inhibitor activity",-0.0131758203470809,0.816580442467436,0.864542245564168,"Binds to and stops, prevents or reduces the activity of an endopeptidase, any enzyme that hydrolyzes nonterminal peptide bonds in polypeptides.",887.382968243772,0.0568057045277919,-0.231945373384722
"GO:0004867","serine-type endopeptidase inhibitor activity",-0.501922718682875,3.59939961589279e-65,4.89750567091477e-64,"Binds to and stops, prevents or reduces the activity of serine-type endopeptidases, enzymes that catalyze the hydrolysis of nonterminal peptide bonds in a polypeptide chain; a serine residue (and a histidine residue) are at the active center of the enzyme.",3604.35172901916,0.029441243934901,-17.0482850450443
"GO:0004869","cysteine-type endopeptidase inhibitor activity",-0.425434705720871,4.26240153768907e-09,1.27148583351998e-08,"Binds to and stops, prevents or reduces the activity of a cysteine-type endopeptidase, any enzyme that hydrolyzes peptide bonds in polypeptides by a mechanism in which the sulfhydryl group of a cysteine residue at the active center acts as a nucleophile.",842.87363135065,0.0724307607932671,-5.87367440382343
"GO:0004879","nuclear receptor activity",1.18478396025102,3.61348994770554e-160,9.89720818144283e-159,"A DNA-binding transcription factor activity regulated by binding to a ligand that modulates the transcription of specific gene sets transcribed by RNA polymerase II. Nuclear receptor ligands are usually lipid-based (such as a steroid hormone) and the binding of the ligand to its receptor often occurs in the cytoplasm, which leads to its tranlocation to the nucleus.",1519.29954230472,0.0439347287927538,26.9669118896763
"GO:0004888","transmembrane signaling receptor activity",0.293415033176753,3.40412450443756e-08,9.58517834427079e-08,"Combining with an extracellular or intracellular signal and transmitting the signal from one side of the membrane to the other to initiate a change in cell activity or state as part of signal transduction.",8910.08152175956,0.0531619359029697,5.51926915739656
"GO:0004890","GABA-A receptor activity",0.399254992577152,2.25058244351055e-07,5.9554308323259e-07,"Combining with the amino acid gamma-aminobutyric acid (GABA, 4-aminobutyrate) to initiate a change in cell activity. GABA-A receptors function as chloride channels.",474.977562983918,0.0771156857340485,5.17735125839477
"GO:0004896","cytokine receptor activity",1.03703907446271,2.25257315712661e-286,1.05570595297334e-284,"Combining with a cytokine and transmitting the signal from one side of the membrane to the other to initiate a change in cell activity.",6469.88498483991,0.0286761110577174,36.1638672822623
"GO:0004930","G protein-coupled receptor activity",-0.321826292371987,5.06880670134598e-14,1.9870099132228e-13,"Combining with an extracellular signal and transmitting the signal across the membrane by activating an associated G-protein; promotes the exchange of GDP for GTP on the alpha subunit of a heterotrimeric G-protein complex.",2536.33496773715,0.0427384518251081,-7.53013454228398
"GO:0004950","chemokine receptor activity",-3.44490933866813,3.62393542382596e-210,1.27381330147483e-208,"Combining with a chemokine, and transmitting the signal from one side of the membrane to the other to initiate a change in cell activity. Chemokines are a family of small chemotactic cytokines; their name is derived from their ability to induce directed chemotaxis in nearby responsive cells. All chemokines possess a number of conserved cysteine residues involved in intramolecular disulfide bond formation. Some chemokines are considered pro-inflammatory and can be induced during an immune response to recruit cells of the immune system to a site of infection, while others are considered homeostatic and are involved in controlling the migration of cells during normal processes of tissue maintenance or development. Chemokines are found in all vertebrates, some viruses and some bacteria.",413.394911519873,0.111346879927753,-30.9385349720024
"GO:0004963","follicle-stimulating hormone receptor activity",4.32847814961,1.66726372338476e-13,6.38159563088651e-13,"Combining with follicle-stimulating hormone to initiate a change in cell activity.",33.2067399136621,0.587064873334825,7.37308319099736
"GO:0004967","glucagon receptor activity",-0.898744278348842,0.0113025207496806,0.0190239555156237,"Combining with glucagon and transmitting the signal across the membrane by activating an associated G-protein; promotes the exchange of GDP for GTP on the alpha subunit of a heterotrimeric G-protein complex.",17.2954486206243,0.354785614499725,-2.53320383245003
"GO:0004968","gonadotropin-releasing hormone receptor activity",0.0269844556164218,0.984375663820179,0.99810013220998,"Combining with gonadotropin-releasing hormone to initiate a change in cell activity. Gonadotropin-releasing hormone (GnRH) is a peptide hormone responsible for the release of follicle-stimulating hormone (FSH) and luteinizing hormone (LH) from the anterior pituitary. GnRH is synthesized and released by the hypothalamus.",1.06709685065903,1.37792122181066,0.0195834530953538
"GO:0004970","ionotropic glutamate receptor activity",0.283699114724469,0.0640755977208969,0.0943683209450919,"Catalysis of the transmembrane transfer of an ion by a channel that opens when glutamate has been bound by the channel complex or one of its constituent parts.",105.004353709753,0.153213934093096,1.85165348311001
"GO:0004974","leukotriene receptor activity",-0.55772420625649,0.715762640904053,0.778516456764645,"Combining with a leukotriene to initiate a change in cell activity. Leukotrienes are pharmacologically active substances with a set of three conjugated double bonds; some contain a peptide group based on cysteine.",1.33330026149405,1.5316719420918,-0.364127716209782
"GO:0004980","melanocyte-stimulating hormone receptor activity",0,1,1,"Combining with melanocyte-stimulating hormone to initiate a change in cell activity.",0.133134822391433,4.85660611207015,0
"GO:0004983","neuropeptide Y receptor activity",-0.426466819647497,0.102505827420009,0.144412017387307,"Combining with neuropeptide Y to initiate a change in cell activity.",45.9788646123802,0.261183436276493,-1.63282490546618
"GO:0004984","olfactory receptor activity",-0.194347487353736,0.0122283306067516,0.0204516647499122,"Combining with an odorant and transmitting the signal from one side of the membrane to the other to initiate a change in cell activity in response to detection of smell.",390.773530697085,0.0775687839996095,-2.50548580669661
"GO:0004990","oxytocin receptor activity",-0.972964845228746,0.16381357025683,0.220333430913044,"Combining with oxytocin to initiate a change in cell activity.",6.93395632691048,0.698788541323742,-1.39235947313278
"GO:0004991","parathyroid hormone receptor activity",-0.0665217253650682,0.358424869577054,0.43669442515194,"Combining with parathyroid hormone to initiate a change in cell activity.",531.573234270714,0.0724345098957579,-0.918370614515113
"GO:0004993","G protein-coupled serotonin receptor activity",0.612354997193756,0.51843430054071,0.599768480439034,"Combining with the biogenic amine serotonin and transmitting the signal across the membrane by activating an associated G-protein. Serotonin (5-hydroxytryptamine) is a neurotransmitter and hormone found in vertebrates and invertebrates.",3.66200265661869,0.94826912636857,0.645760765763609
"GO:0004994","somatostatin receptor activity",-0.0131174557739482,0.944204793255099,0.966195006780691,"Combining with somatostatin to initiate a change in cell activity. Somatostatin is a peptide hormone that regulates the endocrine system by signaling via G protein-coupled somatostatin receptors. Somatostatin has two active forms produced by proteolytic cleavage: a 14 amino acid peptide (SST-14) and a 28 amino acid peptide (SST-28).",80.3393363128911,0.187429679523888,-0.0699860118593244
"GO:0004997","thyrotropin-releasing hormone receptor activity",3.27546319067084,0.00589830993291789,0.0102551819031524,"Combining with thyrotropin-releasing hormone to initiate a change in cell activity.",6.2054470351136,1.18961468351778,2.75338160839192
"GO:0004999","vasoactive intestinal polypeptide receptor activity",0.249543372977708,0.711622246138479,0.7748122442468,"Combining with vasoactive intestinal polypeptide to initiate a change in cell activity.",7.20361271874507,0.675028566011841,0.369678241103252
"GO:0005000","vasopressin receptor activity",-0.973411799727124,0.413700708282939,0.494331327914288,"Combining with vasopressin to initiate a change in cell activity.",3.39898840320459,1.19086559245097,-0.817398542621174
"GO:0005003","ephrin receptor activity",-0.207190626111336,0.0319336201541699,0.0499614279711753,"Combining with an ephrin to initiate a change in cell activity.",300.219347150493,0.0965815360360333,-2.14524053576903
"GO:0005004","GPI-linked ephrin receptor activity",1.88480541595805,0.652651739991421,0.727506617146886,"Combining with a GPI-anchored ephrin to initiate a change in cell activity.",0.200993447551393,4.18769887013693,0.450081410914921
"GO:0005007","fibroblast growth factor-activated receptor activity",-0.924829227275757,7.29513310314233e-34,5.37952297710741e-33,"Combining with a fibroblast growth factor and transmitting the signal across the plasma membrane to initiate a change in cell activity.",542.339042449503,0.0762410359857114,-12.1303339509852
"GO:0005031","tumor necrosis factor-activated receptor activity",-1.61840292450279,8.16025568017137e-206,2.77580310152926e-204,"Combining with tumor necrosis factor, a proinflammatory cytokine produced by monocytes and macrophages, to initiate a change in cell function.",4588.93533664258,0.0528661253638153,-30.6132313152368
"GO:0005044","scavenger receptor activity",-0.193503739707974,0.00318932014482295,0.0057935195395621,"Combining with any modified low-density lipoprotein (LDL) or other polyanionic ligand and delivering the ligand into the cell via endocytosis. Ligands include acetylated and oxidized LDL, Gram-positive and Gram-negative bacteria, apoptotic cells, amyloid-beta fibrils, and advanced glycation end products (AGEs).",582.298126075526,0.0656194923484262,-2.94887590230824
"GO:0005078","MAP-kinase scaffold activity",0.124061089792479,0.1001273811652,0.141578609853379,"The binding activity of a molecule that functions as a physical support for the assembly of a multiprotein mitogen-activated protein kinase (MAPK) complex. Binds multiple kinases of the MAPKKK cascade, and also upstream signaling proteins, permitting those molecules to function in a coordinated way. Bringing together multiple enzymes and their substrates enables the signal to be transduced quickly and efficiently.",564.482727553039,0.075452100386935,1.64423639840729
"GO:0005085","guanyl-nucleotide exchange factor activity",0.0522137951696642,0.00224573215079772,0.00415460447897577,"Stimulates the exchange of GDP to GTP on a signaling GTPase, changing its conformation to its active form. Guanine nucleotide exchange factors (GEFs) act by stimulating the release of guanosine diphosphate (GDP) to allow binding of guanosine triphosphate (GTP), which is more abundant in the cell under normal cellular physiological conditions.",36950.4787538771,0.017087622807069,3.05565003155756
"GO:0005096","GTPase activator activity",-0.0509816439519652,0.00518894006628869,0.00908926461777646,"Binds to and increases the activity of a GTPase, an enzyme that catalyzes the hydrolysis of GTP.",15834.3637827745,0.0182398826277966,-2.79506425519822
"GO:0005102","signaling receptor binding",0.0450739943465331,0.314419222782875,0.390668115635055,"Binding to one or more specific sites on a receptor molecule, a macromolecule that undergoes combination with a hormone, neurotransmitter, drug or intracellular messenger to initiate a change in cell function.",4150.62949730939,0.0448055015626623,1.00599240661318
"GO:0005104","fibroblast growth factor receptor binding",-0.0528706303148864,0.665881081327632,0.73873919017358,"Binding to a fibroblast growth factor receptor (FGFR).",187.720166088595,0.122440181681977,-0.431807839457565
"GO:0005125","cytokine activity",1.13397553447027,6.22794759869966e-52,6.66738146480081e-51,"The activity of a soluble extracellular gene product that interacts with a receptor to effect a change in the activity of the receptor to control the survival, growth, differentiation and effector function of tissues and cells.",777.295467757801,0.0747862998752405,15.1628779116226
"GO:0005126","cytokine receptor binding",0.0885506845326429,0.86921010747627,0.903036510673623,"Binding to a cytokine receptor.",9.80602195918982,0.537772762800141,0.164661899333775
"GO:0005129","granulocyte macrophage colony-stimulating factor receptor binding",2.67876519138193,2.22641134201292e-101,4.15531107991615e-100,"Binding to a granulocyte macrophage colony-stimulating factor receptor.",242.681454935324,0.125315451350287,21.3761763814275
"GO:0005132","type I interferon receptor binding",2.35076650605849,3.97108136818292e-67,5.58334040366519e-66,"Binding to an interferon-type I receptor, a heterodimeric complex composed of an alpha subunit (IFNAR1) and a beta subunit (IFNAR2).",246.916450652244,0.135805887854626,17.3097539671835
"GO:0005133","interferon-gamma receptor binding",5.7430264955031,1.17454775108188e-05,2.72810705620229e-05,"Binding to an interferon-gamma receptor.",4.88561028005526,1.31051720184263,4.38225952885489
"GO:0005136","interleukin-4 receptor binding",0.0265707097628909,0.988814523098981,0.999101057440023,"Binding to an interleukin-4 receptor.",0.733351750993223,1.8952848263998,0.0140193755538915
"GO:0005137","interleukin-5 receptor binding",2.92305200594315,0.0344829077529975,0.0535920799197286,"Binding to an interleukin-5 receptor.",4.14209023295903,1.38246358514227,2.11437902405388
"GO:0005139","interleukin-7 receptor binding",5.81425830292406,7.89088419038682e-48,7.96261950120852e-47,"Binding to an interleukin-7 receptor.",130.97546631942,0.400171954960604,14.5293997514055
"GO:0005143","interleukin-12 receptor binding",0.611685774536219,0.624415973807676,0.702717870202983,"Binding to an interleukin-12 receptor.",2.06672542673497,1.24935458462213,0.489601416655643
"GO:0005154","epidermal growth factor receptor binding",-0.145168301271306,0.00329007361954059,0.0059662641991497,"Binding to an epidermal growth factor receptor.",2270.20922427303,0.0493895692322957,-2.93925020055411
"GO:0005160","transforming growth factor beta receptor binding",0.12267635967232,0.638755044111683,0.715039484093173,"Binding to a transforming growth factor beta receptor.",42.641348144464,0.261324804782145,0.469440165753074
"GO:0005164","tumor necrosis factor receptor binding",0.261742144297983,0.0466638034921768,0.0706489314895915,"Binding to a tumor necrosis factor receptor.",147.99347019457,0.131572422392348,1.98933894762133
"GO:0005173","stem cell factor receptor binding",2.24969027284196,0.00356400132560198,0.00640791031176008,"Binding to a stem cell factor receptor (SCFR), a type III transmembrane kinase receptor.",5.67801980958465,0.771928576390433,2.91437620221497
"GO:0005178","integrin binding",0.117220948965456,0.199238106691996,0.261476768521107,"Binding to an integrin.",283.160318329085,0.0913131131974256,1.28372524888091
"GO:0005179","hormone activity",0.449712584131678,1.94961444876609e-20,9.88398286646077e-20,"The action characteristic of a hormone, any substance formed in very small amounts in one specialized organ or group of cells and carried (sometimes in the bloodstream) to another organ or group of cells in the same organism, upon which it has a specific regulatory action. The term was originally applied to agents with a stimulatory physiological action in vertebrate animals (as opposed to a chalone, which has a depressant action). Usage is now extended to regulatory compounds in lower animals and plants, and to synthetic substances having comparable effects; all bind receptors and trigger some biological process.",1476.64740730756,0.0485385327760884,9.26506341273712
"GO:0005184","neuropeptide hormone activity",1.26362512192653,0.000437974026857224,0.000883911217839124,"The action characteristic of a neuropeptide hormone, any peptide hormone that acts in the central nervous system. A neuropeptide is any of several types of molecules found in brain tissue, composed of short chains of amino acids; they include endorphins, enkephalins, vasopressin, and others. They are often localized in axon terminals at synapses and are classified as putative neurotransmitters, although some are also hormones.",25.0423457128284,0.359384945222157,3.51607694959346
"GO:0005185","neurohypophyseal hormone activity",-0.555360424579496,0.000966972149284896,0.0018830510275548,"The action characteristic of a neurohypophyseal hormone, any of a family of structurally and functionally related nonapeptides that are synthesized as part of a larger precursor molecule comprising a signal peptide, the nonapeptide hormone, and a neurophysin.",105.059443373445,0.16829287118977,-3.29996404870449
"GO:0005198","structural molecule activity",-0.0447950905069165,0.115892689130121,0.161119104400412,"The action of a molecule that contributes to the structural integrity of a complex or its assembly within or outside a cell.",12115.9848571522,0.028491081858414,-1.57224954564818
"GO:0005200","structural constituent of cytoskeleton",-0.0197397705520659,0.740904564359643,0.800495761390618,"The action of a molecule that contributes to the structural integrity of a cytoskeletal structure.",29777.8621016561,0.0596988658252759,-0.330655704747214
"GO:0005201","extracellular matrix structural constituent",-0.602624377854869,5.26300708275505e-38,4.30220230136837e-37,"The action of a molecule that contributes to the structural integrity of the extracellular matrix.",6588.45454837817,0.0467587774726948,-12.8879412684982
"GO:0005212","structural constituent of eye lens",-1.33393953937496,1.17689486023521e-57,1.4183264344206e-56,"The action of a molecule that contributes to the structural integrity of the lens of an eye.",636.193307839011,0.0833445602540135,-16.0051182141875
"GO:0005219","ryanodine-sensitive calcium-release channel activity",-0.853937000744521,0.0972544346783605,0.13802799645805,"Enables the transmembrane transfer of a calcium ion by a channel that opens when a ryanodine class ligand has been bound by the channel complex or one of its constituent parts.",10.250867405007,0.514943396162271,-1.6583123642495
"GO:0005220","inositol 1,4,5-trisphosphate-sensitive calcium-release channel activity",0.894257919109944,1.27399034763341e-05,2.94610267890226e-05,"Enables the transmembrane transfer of a calcium ion by a channel that opens when inositol 1,4,5-trisphosphate (IP3) has been bound by the channel complex or one of its constituent parts.",58.6294957413242,0.20489236123211,4.36452542072516
"GO:0005221","intracellular cyclic nucleotide activated cation channel activity",0.134932033330628,0.583879870747208,0.664904237260184,"Enables the transmembrane transfer of a cation by a channel that opens when intracellular cyclic nucleotide has been bound by the channel complex or one of its constituent parts.",46.7937226859163,0.246349391195359,0.547726270708031
"GO:0005223","intracellular cGMP-activated cation channel activity",0.219683105368171,0.754687777735378,0.812899249498624,"Enables the transmembrane transfer of a cation by a channel that opens when intracellular cGMP has been bound by the channel complex or one of its constituent parts.",4.79660562123062,0.703066514503795,0.312464184876188
"GO:0005230","extracellular ligand-gated ion channel activity",0.0101606919499831,0.905880250515982,0.934230537084697,"Enables the transmembrane transfer of an ion by a channel that opens when a specific extracellular ligand has been bound by the channel complex or one of its constituent parts.",330.510041024745,0.0859353062755446,0.11823652454794
"GO:0005242","inward rectifier potassium channel activity",-0.73385020057217,4.01565157037984e-09,1.19957636854548e-08,"Enables the transmembrane transfer of a potassium ion by an inwardly-rectifying voltage-gated channel. An inwardly rectifying current-voltage relation is one where at any given driving force the inward flow of K+ ions exceeds the outward flow for the opposite driving force. The inward-rectification is due to a voltage-dependent block of the channel pore by a specific ligand or ligands, and as a result the macroscopic conductance depends on the difference between membrane voltage and the K+ equilibrium potential rather than on membrane voltage itself.",200.496499139345,0.124729208026465,-5.88354734375019
"GO:0005244","voltage-gated ion channel activity",0.482559354600338,0.000587645127865033,0.00117251047745256,"Enables the transmembrane transfer of an ion by a voltage-gated channel. An ion is an atom or group of atoms carrying an electric charge by virtue of having gained or lost one or more electrons. A voltage-gated channel is a channel whose open state is dependent on the voltage across the membrane in which it is embedded.",105.561761249722,0.140390966579262,3.43725359514421
"GO:0005245","voltage-gated calcium channel activity",-0.165489468288609,0.851911478628551,0.888127191511425,"Enables the transmembrane transfer of a calcium ion by a voltage-gated channel. A voltage-gated channel is a channel whose open state is dependent on the voltage across the membrane in which it is embedded.",4.13509827335795,0.886487042200351,-0.186680075861963
"GO:0005246","calcium channel regulator activity",-0.142614818281422,0.613940195476915,0.692776817689039,"Modulates the activity of a calcium channel.",28.6312801063006,0.28270950265667,-0.504457108591137
"GO:0005247","voltage-gated chloride channel activity",-0.411440168908587,3.75274160752412e-17,1.6839429894188e-16,"Enables the transmembrane transfer of a chloride ion by a voltage-gated channel. A voltage-gated channel is a channel whose open state is dependent on the voltage across the membrane in which it is embedded.",1411.62056119652,0.0488624393239978,-8.42037717725068
"GO:0005248","voltage-gated sodium channel activity",-0.918493854537531,1.6781991043044e-151,4.21347846544998e-150,"Enables the transmembrane transfer of a sodium ion by a voltage-gated channel. A voltage-gated channel is a channel whose open state is dependent on the voltage across the membrane in which it is embedded.",4744.18469982966,0.0350336014283636,-26.2175116770583
"GO:0005249","voltage-gated potassium channel activity",0,1,1,"Enables the transmembrane transfer of a potassium ion by a voltage-gated channel. A voltage-gated channel is a channel whose open state is dependent on the voltage across the membrane in which it is embedded.",0.332740490590102,3.19617840491368,0
"GO:0005254","chloride channel activity",-0.41781547757702,0.00210423407998235,0.00390998209223152,"Enables the facilitated diffusion of a chloride (by an energy-independent process) involving passage through a transmembrane aqueous pore or channel without evidence for a carrier-mediated mechanism.",148.800324725886,0.135869996376491,-3.07511215661821
"GO:0005262","calcium channel activity",-0.0542169817730511,0.738556343546889,0.798777091559174,"Enables the facilitated diffusion of a calcium ion (by an energy-independent process) involving passage through a transmembrane aqueous pore or channel without evidence for a carrier-mediated mechanism.",111.746167054543,0.162440228287595,-0.33376573244567
"GO:0005272","sodium channel activity",1.21975644658361,0.140207241090186,0.191762043747861,"Enables the facilitated diffusion of a sodium ion (by an energy-independent process) involving passage through a transmembrane aqueous pore or channel without evidence for a carrier-mediated mechanism.",4.07369865124608,0.826942465849748,1.4750197225997
"GO:0005319","lipid transporter activity",1.92751317163178,0.000319712902946689,0.000652103009975403,"Enables the directed movement of lipids into, out of or within a cell, or between cells.",10.6235885495777,0.535601762167916,3.5987804891267
"GO:0005328","neurotransmitter:sodium symporter activity",0.152812340148969,0.832928812177397,0.875260022362795,"Enables the transfer of a solute or solutes from one side of a membrane to the other according to the reaction: neurotransmitter(out) + Na+(out) = neurotransmitter(in) + Na+(in).",6.74044639955799,0.724411869555193,0.210946764639293
"GO:0005332","gamma-aminobutyric acid:sodium symporter activity",-0.458762887822449,0.669090272075306,0.739964018776519,"Enables the transfer of a solute or solutes from one side of a membrane to the other according to the reaction: gamma-aminobutyric acid(out) + Na+(out) = gamma-aminobutyric acid(in) + Na+(in).",2.33279622930515,1.07338845535245,-0.427396890226302
"GO:0005415","nucleoside:sodium symporter activity",-0.738052955866984,0.374571636921678,0.454529103721415,"Enables the transfer of a solute or solutes from one side of a membrane to the other according to the reaction: nucleoside(out) + Na+(out) = nucleoside(in) + Na+(in).",3.72124421322472,0.83119445943454,-0.887942583699463
"GO:0005452","inorganic anion exchanger activity",0.966279217214762,1.46433791731248e-21,7.81845232306841e-21,"Enables the transfer of a solute or solutes from one side of a membrane to the other according to the reaction: inorganic anion A(out) + inorganic anion B(in) = inorganic anion A(in) + inorganic anion B(out).",271.928735693046,0.101314559372,9.53741716101078
"GO:0005484","SNAP receptor activity",-0.20756074228417,0.589595928269701,0.669605714981583,"Acting as a marker to identify a membrane and interacting selectively with one or more SNAREs on another membrane to mediate membrane fusion.",17.7898933767788,0.384783837602611,-0.539421675238163
"GO:0005501","retinoid binding",-0.232140092393133,0.527108300606791,0.60859720031841,"Binding to a retinoid, a class of isoprenoids that contain or are derived from four prenyl groups linked head-to-tail. Retinoids include retinol and retinal and structurally similar natural derivatives or synthetic compounds, but need not have vitamin A activity.",22.5024069417549,0.367062633203136,-0.632426380117706
"GO:0005504","fatty acid binding",-0.93449497306591,0.847415352185065,0.884314189885355,"Binding to a fatty acid, an aliphatic monocarboxylic acids liberated from naturally occurring fats and oils by hydrolysis.",0.132775849120494,4.85660611208522,-0.192417287195786
"GO:0005507","copper ion binding",3.95807381309518,1.15635127425516e-06,2.91715889641644e-06,"Binding to a copper (Cu) ion.",9.8385267004053,0.813920439046713,4.86297385249471
"GO:0005509","calcium ion binding",-0.273300521933909,1.01887998239388e-94,1.77588254782536e-93,"Binding to a calcium ion (Ca2+).",47570.822558469,0.0132362173894156,-20.6479324034414
"GO:0005515","protein binding",0.166149883999833,2.46114594846866e-39,2.09296645375823e-38,"Binding to a protein.",413715.378400792,0.0126618640368165,13.1220714040779
"GO:0005518","collagen binding",-0.387708315868547,0.0446877931558483,0.0680480547044651,"Binding to collagen, a group of fibrous proteins of very high tensile strength that form the main component of connective tissue in animals. Collagen is highly enriched in glycine (some regions are 33% glycine) and proline, occurring predominantly as 3-hydroxyproline (about 20%).",54.5072452432666,0.193122090424398,-2.00758139587519
"GO:0005523","tropomyosin binding",-0.299222109146636,0.342421387800846,0.420597965563183,"Binding to tropomyosin, a protein associated with actin filaments both in cytoplasm and, in association with troponin, in the thin filament of striated muscle.",31.0575718532609,0.315172423437169,-0.949391783340103
"GO:0005524","ATP binding",0.211370136367727,7.8368092639046e-45,7.34570255003325e-44,"Binding to ATP, adenosine 5'-triphosphate, a universally important coenzyme and enzyme regulator.",172462.854985852,0.0150454399550061,14.0487840169404
"GO:0005525","GTP binding",0.328734409676848,2.7076893019678e-83,4.29362160740608e-82,"Binding to GTP, guanosine triphosphate.",37623.9046795345,0.0170017212516239,19.3353605091866
"GO:0005540","hyaluronic acid binding",1.02903768366501,3.42570164447352e-315,1.80620119206349e-313,"Binding to hyaluronic acid, a polymer composed of repeating dimeric units of glucuronic acid and N-acetyl glucosamine.",9247.93830272827,0.027113378941238,37.9531332444847
"GO:0005543","phospholipid binding",0.300069627129773,1.55989889092888e-08,4.52520874961349e-08,"Binding to a phospholipid, a class of lipids containing phosphoric acid as a mono- or diester.",1416.71441257927,0.0530641949212732,5.65484179256767
"GO:0005544","calcium-dependent phospholipid binding",0.168823591525408,1.39808366569525e-06,3.49355266700389e-06,"Binding to a phospholipid, a class of lipids containing phosphoric acid as a mono- or diester, in the presence of calcium.",2334.45740137578,0.0349873321249448,4.82527764399168
"GO:0005545","1-phosphatidylinositol binding",0.349058494826238,3.53372889577059e-10,1.11233346883286e-09,"Binding to a phosphatidylinositol, a glycophospholipid with its sn-glycerol 3-phosphate residue is esterified to the 1-hydroxyl group of 1D-myo-inositol.",863.076707792952,0.0556415276799433,6.27334491666123
"GO:0005546","phosphatidylinositol-4,5-bisphosphate binding",-0.868450178715574,0.68026568304891,0.748933562445148,"Binding to phosphatidylinositol-4,5-bisphosphate, a derivative of phosphatidylinositol in which the inositol ring is phosphorylated at the 4' and 5' positions.",0.533632545101082,2.1073741747157,-0.41210060801506
"GO:0005547","phosphatidylinositol-3,4,5-trisphosphate binding",0.143577856428593,0.000465864582370524,0.000936614303355039,"Binding to phosphatidylinositol-3,4,5-trisphosphate, a derivative of phosphatidylinositol in which the inositol ring is phosphorylated at the 3', 4' and 5' positions.",2016.09760630892,0.0410263149409971,3.4996527627471
"GO:0005548","phospholipid transporter activity",-0.102957320267198,0.0560816099705433,0.0832344232426994,"Enables the directed movement of phospholipids into, out of or within a cell, or between cells. Phospholipids are a class of lipids containing phosphoric acid as a mono- or diester.",1157.58524183802,0.0538930431472855,-1.91040093961336
"GO:0005576","extracellular region",0.189567940436861,9.20509510483963e-36,7.11118885571677e-35,"The space external to the outermost structure of a cell. For cells without external protective or external encapsulating structures this refers to space outside of the plasma membrane. This term covers the host cell environment outside an intracellular parasite.",91409.1895685905,0.0151856830443225,12.4833331423794
"GO:0005579","membrane attack complex",-0.93449497306591,0.847415352185065,0.884314189885355,"A protein complex produced by sequentially activated components of the complement cascade inserted into a target cell membrane and forming a pore leading to cell lysis via ion and water flow.",0.132646785652469,4.85660611208522,-0.192417287195786
"GO:0005581","collagen trimer",-1.53767354080555,1.55576790098893e-112,3.03806898443116e-111,"A protein complex consisting of three collagen chains assembled into a left-handed triple helix. These trimers typically assemble into higher order structures.",876.760032781704,0.0682092195503417,-22.5434853373549
"GO:0005594","collagen type IX trimer",-0.650711784404054,0.527312691768957,0.60859720031841,"A collagen heterotrimer containing type IX alpha chains in alpha1(IX)alpha2(IX)alpha3(IX) trimers; type IX collagen triple helices associate to form a structure that links glycosaminoglycans to type II collagen fibrils.",3.06316426953117,1.02942232497983,-0.632113534565906
"GO:0005604","basement membrane",-0.473694926684848,1.77537818701144e-42,1.60698394695585e-41,"A collagen-containing extracellular matrix consisting of a thin layer of dense material found in various animal tissues interposed between the cells and the adjacent connective tissue. It consists of the basal lamina plus an associated layer of reticulin fibers.",18792.2560884143,0.0346791456781215,-13.6593597512898
"GO:0005615","extracellular space",-0.162794485072926,6.07391389175232e-24,3.4715133869121e-23,"That part of a multicellular organism outside the cells proper, usually taken to be outside the plasma membranes, and occupied by fluid.",74006.0294239145,0.0161331321781565,-10.0906930703352
"GO:0005634","nucleus",0.0436468794068718,0.000111509290048259,0.000237308872564862,"A membrane-bounded organelle of eukaryotic cells in which chromosomes are housed and replicated. In most cells, the nucleus contains all of the cell's chromosomes except the organellar chromosomes, and is the site of RNA synthesis and processing. In some species, or in specialized cell types, RNA metabolism or DNA replication may be absent.",1996221.80098759,0.0112955463218872,3.86407865215849
"GO:0005635","nuclear envelope",-0.227161706178177,3.62113035879209e-18,1.67477279094134e-17,"The double lipid bilayer enclosing the nucleus and separating its contents from the rest of the cytoplasm; includes the intermembrane space, a gap of width 20-40 nm (also called the perinuclear space).",18838.6573301912,0.0261402796446415,-8.69010237328286
"GO:0005639","integral component of nuclear inner membrane",-1.1051853448321,4.92714109471288e-271,2.21092352526585e-269,"The component of the nuclear inner membrane consisting of the gene products and protein complexes having at least some part of their peptide sequence embedded in the hydrophobic region of the membrane.",3788.93464350688,0.0314201701537258,-35.1743908268125
"GO:0005643","nuclear pore",-0.0325006552489191,0.408596116226208,0.488508621950721,"A protein complex providing a discrete opening in the nuclear envelope of a eukaryotic cell, where the inner and outer nuclear membranes are joined.",2114.67802877398,0.0393295807576886,-0.82636668438337
"GO:0005654","nucleoplasm",0.0550510987778118,9.80210986855545e-07,2.49068068828716e-06,"That part of the nuclear content other than the chromosomes or the nucleolus.",888010.407799351,0.0112450841645942,4.89557018622798
"GO:0005655","nucleolar ribonuclease P complex",-0.0991307332778048,0.01946744285866,0.0316308451378382,"A ribonuclease P complex located in the nucleolus of a eukaryotic cell, where it catalyzes the 5' endonucleolytic cleavage of precursor tRNAs to yield mature tRNAs. Eukaryotic nucleolar ribonuclease P complexes generally contain a single RNA molecule that is necessary but not sufficient for catalysis, and several protein molecules.",2157.92920797672,0.0424278035995841,-2.33645687185129
"GO:0005665","RNA polymerase II, core complex",-0.164374283001608,0.0508538867920874,0.0762808301881311,"RNA polymerase II, one of three nuclear DNA-directed RNA polymerases found in all eukaryotes, is a multisubunit complex; typically it produces mRNAs, snoRNAs, and some of the snRNAs. Two large subunits comprise the most conserved portion including the catalytic site and share similarity with other eukaryotic and bacterial multisubunit RNA polymerases. The largest subunit of RNA polymerase II contains an essential carboxyl-terminal domain (CTD) composed of a variable number of heptapeptide repeats (YSPTSPS). The remainder of the complex is composed of smaller subunits (generally ten or more), some of which are also found in RNA polymerases I and III. Although the core is competent to mediate ribonucleic acid synthesis, it requires additional factors to select the appropriate template.",364.942638957757,0.0841774893786383,-1.95271068565893
"GO:0005667","transcription regulator complex",0.3567647085691,8.89809193851758e-42,7.91817548452893e-41,"A protein complex that is capable of associating with DNA by direct binding, or via other DNA-binding proteins or complexes, and regulating transcription.",6262.75312024797,0.0263460694643652,13.5414775646761
"GO:0005668","RNA polymerase transcription factor SL1 complex",0.721108411714529,2.83477777185145e-57,3.3399700116395e-56,"A RNA polymerase I-specific transcription factor complex that contains the TATA-box-binding protein (TBP) and at least three TBP-associated factors including proteins known in mammals as TAFI110, TAFI63 and TAFI48.",1299.56686280806,0.0452096747594973,15.9503118646755
"GO:0005675","transcription factor TFIIH holo complex",0.552690942760267,8.0705372214188e-17,3.5608290794921e-16,"A complex that is capable of kinase activity directed towards the C-terminal Domain (CTD) of the largest subunit of RNA polymerase II and is essential for initiation at RNA polymerase II promoters in vitro. It is composed of  the core TFIIH complex and the TFIIK complex.",620.928564774512,0.066347853801577,8.33020076901312
"GO:0005680","anaphase-promoting complex",0.306106924896697,0.065282863822528,0.0959453378409139,"A ubiquitin ligase complex that degrades mitotic cyclins and anaphase inhibitory protein, thereby triggering sister chromatid separation and exit from mitosis. Substrate recognition by APC occurs through degradation signals, the most common of which is termed the Dbox degradation motif, originally discovered in cyclin B.",113.23561363494,0.166063170502766,1.84331615474967
"GO:0005681","spliceosomal complex",0.0977928139493912,0.000798432522722045,0.0015672137065792,"Any of a series of ribonucleoprotein complexes that contain snRNA(s) and small nuclear ribonucleoproteins (snRNPs), and are formed sequentially during the spliceosomal splicing of one or more substrate RNAs, and which also contain the RNA substrate(s) from the initial target RNAs of splicing, the splicing intermediate RNA(s), to the final RNA products. During cis-splicing, the initial target RNA is a single, contiguous RNA transcript, whether mRNA, snoRNA, etc., and the released products are a spliced RNA and an excised intron, generally as a lariat structure. During trans-splicing, there are two initial substrate RNAs, the spliced leader RNA and a pre-mRNA.",7685.8712717442,0.0291628298378227,3.35333760452008
"GO:0005689","U12-type spliceosomal complex",0.823718029420087,3.01210593804179e-14,1.19633360138044e-13,"Any spliceosomal complex that forms during the splicing of a messenger RNA primary transcript to excise an intron; the series of U12-type spliceosomal complexes is involved in the splicing of the majority of introns that contain atypical AT-AC terminal dinucleotides, as well as other non-canonical introns. The entire splice site signal, not just the terminal dinucleotides, is involved in determining which spliceosome utilizes the site.",194.614567544227,0.108415354478352,7.59779860872534
"GO:0005694","chromosome",0.209383992202018,0.0704166823704197,0.102703169515363,"A structure composed of a very long molecule of DNA and associated proteins (e.g. histones) that carries hereditary information.",320.249436330589,0.115731575442143,1.80922096154038
"GO:0005730","nucleolus",0.0833249393789752,2.37850460209738e-09,7.17634650332384e-09,"A small, dense body one or more of which are present in the nucleus of eukaryotic cells. It is rich in RNA and protein, is not bounded by a limiting membrane, and is not seen during mitosis. Its prime function is the transcription of the nucleolar DNA into 45S ribosomal-precursor RNA, the processing of this RNA into 5.8S, 18S, and 28S components of ribosomal RNA, and the association of these components with 5S RNA and proteins synthesized outside the nucleolus. This association results in the formation of ribonucleoprotein precursors; these pass into the cytoplasm and mature into the 40S and 60S subunits of the ribosome.",170261.598611835,0.0139582347722598,5.96959004763073
"GO:0005737","cytoplasm",-0.0579532274340575,1.3287465380088e-07,3.57896098168655e-07,"The contents of a cell excluding the plasma membrane and nucleus, but including other subcellular structures.",962919.1626049,0.0109867348127682,-5.27483628408934
"GO:0005739","mitochondrion",-0.0924002480620236,4.7853411346226e-13,1.77368795306135e-12,"A semiautonomous, self replicating organelle that occurs in varying numbers, shapes, and sizes in the cytoplasm of virtually all eukaryotic cells. It is notably the site of tissue respiration.",605460.093743004,0.0127778909115966,-7.23125973615612
"GO:0005740","mitochondrial envelope",-0.608837695122767,2.31085361191744e-30,1.59789844837176e-29,"The double lipid bilayer enclosing the mitochondrion and separating its contents from the cell cytoplasm; includes the intermembrane space.",3317.5359083178,0.0531665876305652,-11.4515097217326
"GO:0005741","mitochondrial outer membrane",-0.11057108655082,0.000623888799080149,0.0012424754270633,"The outer, i.e. cytoplasm-facing, lipid bilayer of the mitochondrial envelope.",3040.76698443758,0.0323211753986465,-3.42101068995932
"GO:0005743","mitochondrial inner membrane",-0.13765553669837,1.50460999861324e-08,4.37082987200456e-08,"The inner, i.e. lumen-facing, lipid bilayer of the mitochondrial envelope. It is highly folded to form cristae.",30038.4130115689,0.0243163111791845,-5.66103697571562
"GO:0005746","mitochondrial respirasome",-0.364669167999269,5.19597379856335e-15,2.11142750311563e-14,"The protein complexes that form the mitochondrial electron transport system (the respiratory chain), associated with the inner mitochondrial membrane. The respiratory chain complexes transfer electrons from an electron donor to an electron acceptor and are associated with a proton pump to create a transmembrane electrochemical gradient.",3837.10244930192,0.046620516893823,-7.82207474940256
"GO:0005747","mitochondrial respiratory chain complex I",-0.170922654579125,7.93059854231105e-06,1.86878573471888e-05,"A protein complex located in the mitochondrial inner membrane that forms part of the mitochondrial respiratory chain. It contains about 25 different polypeptide subunits, including NADH dehydrogenase (ubiquinone), flavin mononucleotide and several different iron-sulfur clusters containing non-heme iron. The iron undergoes oxidation-reduction between Fe(II) and Fe(III), and catalyzes proton translocation linked to the oxidation of NADH by ubiquinone.",3128.87137900398,0.0382629911102991,-4.46704895825873
"GO:0005750","mitochondrial respiratory chain complex III",-0.206463872090632,0.00123974128271403,0.00239550856696947,"A protein complex located in the mitochondrial inner membrane that forms part of the mitochondrial respiratory chain. Contains about 10 polypeptide subunits including four redox centers: cytochrome b/b6, cytochrome c1 and an 2Fe-2S cluster. Catalyzes the oxidation of ubiquinol by oxidized cytochrome c1.",716.884629546698,0.063929104599416,-3.22957553346552
"GO:0005751","mitochondrial respiratory chain complex IV",-0.166470564259432,0.00069396629767148,0.00137295958892041,"A protein complex located in the mitochondrial inner membrane that forms part of the mitochondrial respiratory chain. Contains the 13 polypeptide subunits of cytochrome c oxidase, including cytochrome a and cytochrome a3. Catalyzes the oxidation of reduced cytochrome c by dioxygen (O2).",5058.360416854,0.0490781033308479,-3.39195186776498
"GO:0005753","mitochondrial proton-transporting ATP synthase complex",-0.25685999365808,8.06472609487247e-05,0.000174446229067549,"A proton-transporting ATP synthase complex found in the mitochondrial membrane.",878.063277437273,0.0651520733120037,-3.94246845266174
"GO:0005758","mitochondrial intermembrane space",0.0914101475907891,0.0400712573338826,0.0614620230670244,"The region between the inner and outer lipid bilayers of the mitochondrial envelope.",1446.24780976828,0.0445248619121239,2.053013612287
"GO:0005759","mitochondrial matrix",0.164761954452352,7.61436247680648e-05,0.000165383011983366,"The gel-like material, with considerable fine structure, that lies in the matrix space, or lumen, of a mitochondrion. It contains the enzymes of the tricarboxylic acid cycle and, in some organisms, the enzymes concerned with fatty acid oxidation.",1793.35109295871,0.0416462606198653,3.95622444848651
"GO:0005762","mitochondrial large ribosomal subunit",-0.160817855548977,8.86555414048137e-05,0.000190985226580952,"The larger of the two subunits of a mitochondrial ribosome. Two sites on the ribosomal large subunit are involved in translation: the aminoacyl site (A site) and peptidyl site (P site).",2222.6703910128,0.0410279972166031,-3.9197101116088
"GO:0005763","mitochondrial small ribosomal subunit",-0.184960005031371,6.37429591648745e-09,1.88282774339944e-08,"The smaller of the two subunits of a mitochondrial ribosome.",3293.34004223402,0.0318532470093547,-5.80662954006076
"GO:0005764","lysosome",0.147681799104017,0.00142468014676668,0.00272654303950175,"A small lytic vacuole that has cell cycle-independent morphology found in most animal cells and that contains a variety of hydrolases, most of which have their maximal activities in the pH range 5-6. The contained enzymes display latency if properly isolated. About 40 different lysosomal hydrolases are known and lysosomes have a great variety of morphologies and functions.",3087.63423262894,0.0463009868890665,3.18960370019435
"GO:0005765","lysosomal membrane",0.202365402511301,1.03773971980602e-09,3.17187401314623e-09,"The lipid bilayer surrounding the lysosome and separating its contents from the cell cytoplasm.",2730.43986025982,0.0331556608900788,6.10349476013175
"GO:0005768","endosome",-0.0643527618827277,0.000380291876127556,0.000768742287212949,"A vacuole to which materials ingested by endocytosis are delivered.",14466.9130110626,0.0181102151869021,-3.55339576137503
"GO:0005769","early endosome",0.124863360501946,1.45137718684151e-16,6.27244771936217e-16,"A membrane-bounded organelle that receives incoming material from primary endocytic vesicles that have been generated by clathrin-dependent and clathrin-independent endocytosis; vesicles fuse with the early endosome to deliver cargo for sorting into recycling or degradation pathways.",20455.743113247,0.0151158262892952,8.26043896722816
"GO:0005770","late endosome",0.0518009783861465,0.0150668025640146,0.0248637610387377,"A prelysosomal endocytic organelle differentiated from early endosomes by lower lumenal pH and different protein composition. Late endosomes are more spherical than early endosomes and are mostly juxtanuclear, being concentrated near the microtubule organizing center.",11796.0925868685,0.0213105280432877,2.43076934935278
"GO:0005776","autophagosome",-0.213990244271254,0.00291502654687939,0.00533199565253134,"A double-membrane-bounded compartment that engulfs endogenous cellular material as well as invading microorganisms to target them to the lytic vacuole/lysosome for degradation as part of macroautophagy.",547.344652133478,0.0718918117008751,-2.97655934950725
"GO:0005777","peroxisome",-0.0363330077409123,0.172631173130541,0.230284088635237,"A small organelle enclosed by a single membrane, and found in most eukaryotic cells. Contains peroxidases and other enzymes involved in a variety of metabolic processes including free radical detoxification, lipid catabolism and biosynthesis, and hydrogen peroxide metabolism.",4077.01335334785,0.0266410492635001,-1.36379792633358
"GO:0005779","integral component of peroxisomal membrane",0.355683831357963,1.34977798383433e-07,3.63097164273802e-07,"The component of the peroxisomal membrane consisting of the gene products and protein complexes having at least some part of their peptide sequence embedded in the hydrophobic region of the membrane.",1108.98552370428,0.0674671533836681,5.27195551493453
"GO:0005782","peroxisomal matrix",2.24491797631028,0.192031702728363,0.253121788158823,"The volume contained within the membranes of a peroxisome; in many cells the matrix contains a crystalloid core largely composed of urate oxidase.",0.935347290387817,1.72078122141572,1.30459232607347
"GO:0005783","endoplasmic reticulum",-0.0522520173786501,0.000197241377228613,0.000410238722460694,"The irregular network of unit membranes, visible only by electron microscopy, that occurs in the cytoplasm of many eukaryotic cells. The membranes form a complex meshwork of tubular channels, which are often expanded into slitlike cavities called cisternae. The ER takes two forms, rough (or granular), with ribosomes adhering to the outer surface, and smooth (with no ribosomes attached).",158001.818671849,0.01403671847223,-3.72252371393103
"GO:0005786","signal recognition particle, endoplasmic reticulum targeting",-0.348527371276174,1.25242070642586e-17,5.74207667359159e-17,"A ribonucleoprotein particle of 325 kDa composed of a 7S (300 nucleotide) RNA molecule and a complex of six different polypeptides. This binds both to the N-terminal signal peptide for proteins destined for the endoplasmic reticulum as they emerge from the large ribosomal subunit and also to the ribosome. This binding arrests further translation thereby preventing the proteins from being released into the cytosol. The SRP-ribosome complex then diffuses to the endoplasmic reticulum where it is bound to the signal recognition particle receptor, which allows resumption of protein synthesis and facilitates the passage of the growing polypeptide chain through the translocon. Through a process involving GTP hydrolysis, the SRP-SRP receptor complex dissociates and SRP returns to the cytosol. Of the six polypeptides of SRP the 54 kDa subunit (SRP54) is the central player. It contains an N-terminal GTPase domain and a C-terminal domain that binds directly to the signal peptide and the SRP RNA. Examples of this component are found in Mus musculus, Saccharomyces cerevisiae and Arabidopsis thaliana.",1680.10275199527,0.0407729831175268,-8.54799783159243
"GO:0005787","signal peptidase complex",-0.0113458261100057,0.875138744191661,0.907407871927342,"A protein complex that is located in the endoplasmic reticulum membrane and cleaves the signal sequence from precursor proteins following their transport out of the cytoplasmic space.",581.900306607365,0.0722044909116605,-0.157134632025685
"GO:0005788","endoplasmic reticulum lumen",-0.114162980968227,6.45470675524683e-08,1.78647986178682e-07,"The volume enclosed by the membranes of the endoplasmic reticulum.",12238.3306893534,0.0211189060950383,-5.40572416272303
"GO:0005789","endoplasmic reticulum membrane",-0.0779387131647489,1.47735669982552e-06,3.67856585588197e-06,"The lipid bilayer surrounding the endoplasmic reticulum.",18717.9722372579,0.0161890881505415,-4.81427443225961
"GO:0005793","endoplasmic reticulum-Golgi intermediate compartment",-0.213999475985939,1.03398305692617e-23,5.87781743142129e-23,"A complex system of membrane-bounded compartments located between endoplasmic reticulum (ER) and the Golgi complex, with a distinctive membrane protein composition; involved in ER-to-Golgi  and Golgi-to-ER transport.",12003.046048483,0.0213182110887858,-10.0383411673089
"GO:0005794","Golgi apparatus",-0.0244021970305951,0.0542709008213467,0.0808885723195902,"A membrane-bound cytoplasmic organelle of the endomembrane system that further processes the core oligosaccharides (e.g. N-glycans) added to proteins in the endoplasmic reticulum and packages them into membrane-bound vesicles. The Golgi apparatus operates at the intersection of the secretory, lysosomal, and endocytic pathways.",227436.682011819,0.0126786523577458,-1.92466804373629
"GO:0005801","cis-Golgi network",0.321405757979285,1.23161275926346e-14,4.94756439864121e-14,"The network of interconnected tubular and cisternal structures located at the convex side of the Golgi apparatus, which abuts the endoplasmic reticulum.",1824.74374956809,0.0416721514185503,7.71272293458341
"GO:0005802","trans-Golgi network",-0.0897642036415533,0.0207189314401373,0.0334580600361789,"The network of interconnected tubular and cisternal structures located within the Golgi apparatus on the side distal to the endoplasmic reticulum, from which secretory vesicles emerge. The trans-Golgi network is important in the later stages of protein secretion where it is thought to play a key role in the sorting and targeting of secreted proteins to the correct destination.",9804.1144322024,0.0388074303485025,-2.3130674418647
"GO:0005811","lipid droplet",0.338956402736909,8.05670831328132e-07,2.0595876160861e-06,"An intracellular non-membrane-bounded organelle comprising a matrix of coalesced lipids surrounded by a phospholipid monolayer. May include associated proteins.",484.544599934841,0.0686982520729439,4.93398874802527
"GO:0005813","centrosome",0.0465168863770583,0.0357514669998774,0.0552784779345612,"A structure comprised of a core structure (in most organisms, a pair of centrioles) and peripheral material from which a microtubule-based structure, such as a spindle apparatus, is organized. Centrosomes occur close to the nucleus during interphase in many eukaryotic cells, though in animal cells it changes continually during the cell-division cycle.",49124.7207373166,0.0221536109175987,2.09974286133668
"GO:0005814","centriole",0.0825000875816358,0.0564857599149079,0.0837164214058613,"A cellular organelle, found close to the nucleus in many eukaryotic cells, consisting of a small cylinder with microtubular walls, 300-500 nm long and 150-250 nm in diameter. It contains nine short, parallel, peripheral microtubular fibrils, each fibril consisting of one complete microtubule fused to two incomplete microtubules. Cells usually have two centrioles, lying at right angles to each other. At division, each pair of centrioles generates another pair and the twin pairs form the pole of the mitotic spindle.",1342.79652387593,0.0432556114324328,1.90726901896889
"GO:0005815","microtubule organizing center",1.50862676045066,0.375323911541454,0.455180062933253,"An intracellular structure that can catalyze gamma-tubulin-dependent microtubule nucleation and that can anchor microtubules by interacting with their minus ends, plus ends or sides.",1.26725537141886,1.70169223782153,0.886545009091637
"GO:0005828","kinetochore microtubule",-0.170712541669245,3.42147525125708e-10,1.08000714559535e-09,"Any of the spindle microtubules that attach to the kinetochores of chromosomes by their plus ends, and maneuver the chromosomes during mitotic or meiotic chromosome segregation.",5151.88669128627,0.0271905961594456,-6.27836700115683
"GO:0005829","cytosol",-0.0155652083188683,0.167707225356116,0.224710634228747,"The part of the cytoplasm that does not contain organelles but which does contain other particulate matter, such as protein complexes.",578174.365555436,0.011282337384246,-1.3796084790553
"GO:0005833","hemoglobin complex",-0.86949276953265,0.75683100998063,0.814162014186284,"An iron-containing, oxygen carrying complex. In vertebrates it is made up of two pairs of associated globin polypeptide chains, each chain carrying a noncovalently bound heme prosthetic group.",0.333212963704946,2.80803196485004,-0.309644897357528
"GO:0005834","heterotrimeric G-protein complex",-0.700631332544449,4.01205834357545e-26,2.48865619017666e-25,"Any of a family of heterotrimeric GTP-binding and hydrolyzing proteins; they belong to a superfamily of GTPases that includes monomeric proteins such as EF-Tu and RAS. Heterotrimeric G-proteins consist of three subunits; the alpha subunit contains the guanine nucleotide binding site and possesses GTPase activity; the beta and gamma subunits are tightly associated and function as a beta-gamma heterodimer; extrinsic plasma membrane proteins (cytoplasmic face) that function as a complex to transduce signals from G protein-coupled receptors to an effector protein.",1200.00139574814,0.0662714374737696,-10.5721463009122
"GO:0005840","ribosome",-0.0666239391094211,0.100293239981483,0.141578609853379,"An intracellular organelle, about 200 A in diameter, consisting of RNA and protein. It is the site of protein biosynthesis resulting from translation of messenger RNA (mRNA). It consists of two subunits, one large and one small, each containing only protein and RNA. Both the ribosome and its subunits are characterized by their sedimentation coefficients, expressed in Svedberg units (symbol: S). Hence, the prokaryotic ribosome (70S) comprises a large (50S) subunit and a small (30S) subunit, while the eukaryotic ribosome (80S) comprises a large (60S) subunit and a small (40S) subunit. Two sites on the ribosomal large subunit are involved in translation, namely the aminoacyl site (A site) and peptidyl site (P site). Ribosomes from prokaryotes, eukaryotes, mitochondria, and chloroplasts have characteristically distinct ribosomal proteins.",46859.5028404726,0.0405394757363436,-1.64343366309725
"GO:0005844","polysome",0.256113655177245,0.000120055270540681,0.000254724915060661,"A multiribosomal structure representing a linear array of ribosomes held together by messenger RNA. They represent the active complexes in cellular protein synthesis and are able to incorporate amino acids into polypeptides both in vivo and in vitro.",649.076801546705,0.0665919845145397,3.84601325586453
"GO:0005845","mRNA cap binding complex",-0.256875592490454,6.89748231996657e-05,0.000150276758396792,"Any protein complex that binds to an mRNA cap at any time in the lifetime of the mRNA.",867.009810660422,0.0645449364178381,-3.97979464767839
"GO:0005846","nuclear cap binding complex",0.0824246618127858,0.0380785582803001,0.058661562756138,"A conserved heterodimeric protein complex that binds to the 5' terminal cap structure m7G(5')ppp(5')N of nascent eukaryotic RNA polymerase II transcripts such as pre-mRNA and U snRNA. The consists of proteins known as CBP20 and CBP80, binds to cap structures in the nucleus, and is involved in pre-mRNA splicing, 3'-end formation, and RNA nuclear export.",2094.33542702073,0.0397417260211643,2.074008103445
"GO:0005849","mRNA cleavage factor complex",-0.138270949143569,0.000799583664428267,0.0015672137065792,"Any macromolecular complex involved in cleavage or polyadenylation of mRNA molecules.",1675.55918283302,0.0412387325852381,-3.35293886294325
"GO:0005852","eukaryotic translation initiation factor 3 complex",0.0395342091836455,0.0785924322100563,0.113450677297063,"A complex of several polypeptides that plays at least two important roles in protein synthesis: First, eIF3 binds to the 40S ribosome and facilitates loading of the Met-tRNA/eIF2.GTP ternary complex to form the 43S preinitiation complex. Subsequently, eIF3 apparently assists eIF4 in recruiting mRNAs to the 43S complex. The eIF3 complex contains five conserved core subunits, and may contain several additional proteins; the non-core subunits are thought to mediate association of the complex with specific sets of mRNAs.",10520.88360143,0.0224765115889189,1.75891214378374
"GO:0005854","nascent polypeptide-associated complex",0.0355014992095306,0.425148339669702,0.506003300430814,"A heterodimeric protein complex that can reversibly bind to ribosomes, and is located in direct proximity to newly synthesized polypeptide chains as they emerge from the ribosome.",1494.64581449561,0.0445147977640184,0.797521296125638
"GO:0005856","cytoskeleton",0.350278860079344,6.23504285079886e-97,1.10501725817939e-95,"Any of the various filamentous elements that form the internal framework of cells, and typically remain after treatment of the cells with mild detergent to remove membrane constituents and soluble components of the cytoplasm. The term embraces intermediate filaments, microfilaments, microtubules, the microtrabecular lattice, and other structures characterized by a polymeric filamentous nature and long-range order within the cell. The various elements of the cytoskeleton not only serve in the maintenance of cellular shape but also have roles in other cellular functions, including cellular movement, cell division, endocytosis, and movement of organelles.",18869.5004165833,0.0167655853684261,20.8927306969554
"GO:0005868","cytoplasmic dynein complex",-0.158437379597517,5.29105299117994e-05,0.000116359027720526,"Any dynein complex with a homodimeric dynein heavy chain core that catalyzes movement along a microtubule. Cytoplasmic dynein complexes participate in many cytoplasmic transport activities in eukaryotes, such as mRNA localization, intermediate filament transport, nuclear envelope breakdown, apoptosis, transport of centrosomal proteins, mitotic spindle assembly, virus transport, kinetochore functions, and movement of signaling and spindle checkpoint proteins. Some complexes participate in intraflagellar transport. Subunits associated with the dynein heavy chain mediate association between dynein heavy chain and cargoes, and may include light chains and light intermediate chains.",1613.96552178003,0.039194046525376,-4.04238382211793
"GO:0005869","dynactin complex",-0.180170902573647,0.0288429480733523,0.0453953563333582,"A 20S multiprotein assembly of total mass about 1.2 MDa that activates dynein-based activity in vivo. A large structural component of the complex is an actin-like 40 nm filament composed of actin-related protein, to which other components attach.",1412.25744565432,0.0824344457624366,-2.18562641996614
"GO:0005871","kinesin complex",0.0884149147111403,0.00672184836209267,0.0116390625580077,"Any complex that includes a dimer of molecules from the kinesin superfamily, a group of related proteins that contain an extended region of predicted alpha-helical coiled coil in the main chain that likely produces dimerization. The native complexes of several kinesin family members have also been shown to contain additional peptides, often designated light chains as all of the noncatalytic subunits that are currently known are smaller than the chain that contains the motor unit. Kinesin complexes generally possess a force-generating enzymatic activity, or motor, which converts the free energy of the gamma phosphate bond of ATP into mechanical work.",3141.11945850205,0.0326215873752826,2.71031920347728
"GO:0005874","microtubule",0.170711572241795,0.0451872259592257,0.0686745894842135,"Any of the long, generally straight, hollow tubes of internal diameter 12-15 nm and external diameter 24 nm found in a wide variety of eukaryotic cells; each consists (usually) of 13 protofilaments of polymeric tubulin, staggered in such a manner that the tubulin monomers are arranged in a helical pattern on the microtubular surface, and with the alpha/beta axes of the tubulin subunits parallel to the long axis of the tubule; exist in equilibrium with pool of tubulin monomers and can be rapidly assembled or disassembled in response to physiological stimuli; concerned with force generation, e.g. in the spindle.",377.939446648345,0.0852318834571991,2.00290742521865
"GO:0005875","microtubule associated complex",-0.477920594620149,0.250367450992879,0.321378547866088,"Any multimeric complex connected to a microtubule.",16.925914238645,0.415779325809403,-1.14945733217922
"GO:0005876","spindle microtubule",-0.726962187814039,9.21420690543042e-61,1.17064833515378e-59,"Any microtubule that is part of a mitotic or meiotic spindle; anchored at one spindle pole.",1645.50735446577,0.0442075470434363,-16.444300496921
"GO:0005882","intermediate filament",-0.574795897210315,0.0119776569290644,0.0200642402409825,"A cytoskeletal structure that forms a distinct elongated structure, characteristically 10 nm in diameter, that occurs in the cytoplasm of eukaryotic cells. Intermediate filaments form a fibrous system, composed of chemically heterogeneous subunits and involved in mechanically integrating the various components of the cytoplasmic space. Intermediate filaments may be divided into five chemically distinct classes: Type I, acidic keratins; Type II, basic keratins; Type III, including desmin, vimentin and others; Type IV, neurofilaments and related filaments; and Type V, lamins.",59.557633006846,0.228746999573053,-2.5128019090224
"GO:0005884","actin filament",-0.402747502709432,2.36120798740831e-07,6.2403353952934e-07,"A filamentous structure formed of a two-stranded helical polymer of the protein actin and associated proteins. Actin filaments are a major component of the contractile apparatus of skeletal muscle and the microfilaments of the cytoskeleton of eukaryotic cells. The filaments, comprising polymerized globular actin molecules, appear as flexible structures with a diameter of 5-9 nm. They are organized into a variety of linear bundles, two-dimensional networks, and three dimensional gels. In the cytoskeleton they are most highly concentrated in the cortex of the cell just beneath the plasma membrane.",448.415869086244,0.0779251569172717,-5.16838872890566
"GO:0005885","Arp2/3 protein complex",0.0736395531830646,0.182413291924186,0.241803666039038,"A stable protein complex that contains two actin-related proteins, Arp2 and Arp3, and five novel proteins (ARPC1-5), and functions in the nucleation of branched actin filaments.",1010.21246261404,0.0552285097439906,1.33336122094218
"GO:0005886","plasma membrane",-0.207960358303884,2.58565841293221e-70,3.73503670744796e-69,"The membrane surrounding a cell that separates the cell from its external environment. It consists of a phospholipid bilayer and associated proteins.",446990.25335664,0.0117311408845806,-17.7272066161294
"GO:0005887","integral component of plasma membrane",-0.142531983723368,4.27440748488973e-12,1.487578446474e-11,"The component of the plasma membrane consisting of the gene products and protein complexes having at least some part of their peptide sequence embedded in the hydrophobic region of the membrane.",28337.8662231996,0.0205739224436031,-6.92779824139392
"GO:0005890","sodium:potassium-exchanging ATPase complex",-0.355922664924472,0.497044619900941,0.578513853957552,"Sodium:potassium-exchanging ATPases are tetrameric proteins, consisting of two large alpha subunits and two smaller beta subunits. The alpha subunits bear the active site and penetrate the membrane, while the beta subunits carry oligosaccharide groups and face the cell exterior.",8.86492979116558,0.524072959130973,-0.679147165911153
"GO:0005891","voltage-gated calcium channel complex",-1.22294575784643,7.65173814989507e-44,7.04695011271996e-43,"A protein complex that forms a transmembrane channel through which calcium ions may pass in response to changes in membrane potential.",389.860572055944,0.0880674504915,-13.8864671455939
"GO:0005901","caveola",-0.401563008150703,3.57049913060488e-11,1.19148459912115e-10,"A membrane raft that forms small pit, depression, or invagination that communicates with the outside of a cell and extends inward, indenting the cytoplasm and the cell membrane. Examples include flask-shaped invaginations of the plasma membrane in adipocytes associated with caveolin proteins, and minute pits or incuppings of the cell membrane formed during pinocytosis.  Caveolae may be pinched off to form free vesicles within the cytoplasm.",892.369787452579,0.0606509384475965,-6.62088697106741
"GO:0005902","microvillus",-1.23566559064464,0.199364607315961,0.261480072655075,"Thin cylindrical membrane-covered projections on the surface of an animal cell containing a core bundle of actin filaments. Present in especially large numbers on the absorptive surface of intestinal cells.",3.19619201613322,0.962833354656115,-1.28336392239545
"GO:0005905","clathrin-coated pit",0.348524336998014,1.23265466498621e-05,2.8536429071964e-05,"A part of the endomembrane system in the form of an invagination of a membrane upon which a clathrin coat forms, and that can be converted by vesicle budding into a clathrin-coated vesicle. Coated pits form on the plasma membrane, where they are involved in receptor-mediated selective transport of many proteins and other macromolecules across the cell membrane, in the trans-Golgi network, and on some endosomes.",424.30578774593,0.0797222781817649,4.37173077522178
"GO:0005911","cell-cell junction",-0.44871218502556,8.0169169394282e-47,7.86403619779259e-46,"A cell junction that forms a connection between two or more cells of an organism; excludes direct cytoplasmic intercellular bridges, such as ring canals in insects.",4221.88011817336,0.0312262574926239,-14.3697074531443
"GO:0005912","adherens junction",-1.09062712801468,3.45173598708492e-08,9.69335711952342e-08,"A cell-cell junction composed of the epithelial cadherin-catenin complex. The epithelial cadherins, or E-cadherins, of each interacting cell extend through the plasma membrane into the extracellular space and bind to each other. The E-cadherins bind to catenins on the cytoplasmic side of the membrane, where the E-cadherin-catenin complex binds to cytoskeletal components and regulatory and signaling molecules.",67.5610193248538,0.197690990684538,-5.51682767251152
"GO:0005921","gap junction",1.50354621784294,3.36084203058341e-318,1.86526732697379e-316,"A cell-cell junction composed of pannexins or innexins and connexins, two different families of channel-forming proteins.",1872.46818488442,0.0394268511315426,38.1350824296506
"GO:0005922","connexin complex",0.20381513421412,0.00745394494945106,0.0128224876822123,"An assembly of six molecules of connexin, made in the Golgi apparatus and subsequently transported to the plasma membrane, where docking of two connexons on apposed plasma membranes across the extracellular space forms a gap junction.",900.427089826803,0.0761683003084255,2.67585246603665
"GO:0005923","bicellular tight junction",1.23434146404661,0,0,"An occluding cell-cell junction that is composed of a branching network of sealing strands that completely encircles the apical end of each cell in an epithelial sheet; the outer leaflets of the two interacting plasma membranes are seen to be tightly apposed where sealing strands are present. Each sealing strand is composed of a long row of transmembrane adhesion proteins embedded in each of the two interacting plasma membranes.",5382.53536138289,0.0265187748210931,46.5459461220966
"GO:0005925","focal adhesion",-0.582903036801821,2.63434421032331e-252,1.08937881168076e-250,"A cell-substrate junction that anchors the cell to the extracellular matrix and that forms a point of termination of actin filaments. In insects focal adhesion has also been referred to as hemi-adherens junction (HAJ).",14064.0898604692,0.017180927635593,-33.9273320489544
"GO:0005929","cilium",0.0452129761371287,0.146415738427247,0.199219866027783,"A specialized eukaryotic organelle that consists of a filiform extrusion of the cell surface and of some cytoplasmic parts. Each cilium is largely bounded by an extrusion of the cytoplasmic (plasma) membrane, and contains a regular longitudinal array of microtubules, anchored to a basal body.",2988.33666455231,0.0311317906560494,1.45230888375973
"GO:0005930","axoneme",0.171455474321029,0.00345167584392746,0.00622718935401455,"The bundle of microtubules and associated proteins that forms the core of cilia (also called flagella) in eukaryotic cells and is responsible for their movements.",873.290682413268,0.0586301258538494,2.92435794438555
"GO:0005938","cell cortex",0.14324739616569,0.429042268019174,0.509774728592922,"The region of a cell that lies just beneath the plasma membrane and often, but not always, contains a network of actin filaments and associated proteins.",75.7047423350501,0.181135144855253,0.790831598584364
"GO:0005944","phosphatidylinositol 3-kinase complex, class IB",5.68438104378588,1.64628101374449e-40,1.42880932427454e-39,"A class I phosphatidylinositol 3-kinase complex that possesses 1-phosphatidylinositol-4-phosphate 3-kinase activity; comprises a catalytic class IB phosphoinositide 3-kinase (PI3K) subunit and an associated regulatory subunit that is larger than, and unrelated to, the p85 proteins present in class IA complexes. Class IB PI3Ks are stimulated by G-proteins and do not interact with the SH2-domain containing adaptors that bind to Class IA PI3Ks.",59.9880246526237,0.426580664034219,13.3254540654236
"GO:0005952","cAMP-dependent protein kinase complex",-0.151893918524401,7.43238512809571e-08,2.04366365516999e-07,"An enzyme complex, composed of regulatory and catalytic subunits, that catalyzes protein phosphorylation. Inactive forms of the enzyme have two regulatory chains and two catalytic chains; activation by cAMP produces two active catalytic monomers and a regulatory dimer.",11244.9885262581,0.0282310138049061,-5.3803919184087
"GO:0005960","glycine cleavage complex",-0.235462742690299,0.000248602559437129,0.000513518900933306,"A protein complex that catalyzes the reversible oxidation of glycine. In E. coli, it has four components: dihydrolipoamide dehydrogenase, glycine dehydrogenase (decarboxylating), lipoyl-GcvH-protein and aminomethyltransferase, also known as L, P, H, and T.",606.535271409538,0.0642691947081216,-3.66369523937015
"GO:0005964","phosphorylase kinase complex",-0.66712727075691,1.54566967927862e-13,5.93773652750202e-13,"An enzyme complex that catalyzes the phosphorylation of phosphorylase b to form phosphorylase a.",383.667738484935,0.0903578632960607,-7.38316784418688
"GO:0005968","Rab-protein geranylgeranyltransferase complex",0.337841261672552,3.00925680253563e-08,8.51882227724516e-08,"An protein-containing complex which catalyzes of the transfer of a geranyl-geranyl group from geranylgeranyl pyrophosphate to a Rab protein. In mammals it is composed of an alpha and a beta subunit, and associates with an accessory protein Rep (Rab escort protein).",2978.17029901716,0.0609723017187634,5.54089729514978
"GO:0005975","carbohydrate metabolic process",-0.143002771478211,0.000112670243427597,0.000239537846158066,"The chemical reactions and pathways involving carbohydrates, any of a group of organic compounds based of the general formula Cx(H2O)y. Includes the formation of carbohydrate derivatives by the addition of a carbohydrate residue to another molecule.",6956.38187486036,0.0370324857170625,-3.86154935887338
"GO:0005977","glycogen metabolic process",-0.352810203757316,2.27071057153706e-59,2.81701682080686e-58,"The chemical reactions and pathways involving glycogen, a polydisperse, highly branched glucan composed of chains of D-glucose residues in alpha-(1->4) glycosidic linkage, joined together by alpha-(1->6) glycosidic linkages.",8297.50631955694,0.0217127454300589,-16.24899093916
"GO:0005978","glycogen biosynthetic process",0.0272688970285453,0.992417203178373,1,"The chemical reactions and pathways resulting in the formation of glycogen, a polydisperse, highly branched glucan composed of chains of D-glucose residues.",0.333096174699403,2.86927171037722,0.00950376952099817
"GO:0005981","regulation of glycogen catabolic process",-0.420148424382801,0.587135194308239,0.667529986412979,"Any process that modulates the frequency, rate or extent of the chemical reactions and pathways resulting in the breakdown of glycogen.",3.65972526857035,0.773765163607684,-0.542992168869244
"GO:0005997","xylulose metabolic process",0.873199003981224,2.41885749335425e-23,1.35674746103301e-22,"The chemical reactions and pathways involving xylulose, the ketopentose threo-2-pentulose.",309.686532904282,0.087722123550729,9.95414803742479
"GO:0006002","fructose 6-phosphate metabolic process",0.433405183081168,2.66972999330066e-53,2.96340029256373e-52,"The chemical reactions and pathways involving fructose 6-phosphate, also known as F6P. The D-enantiomer is an important intermediate in glycolysis, gluconeogenesis, and fructose metabolism.",8425.2845213437,0.0282011941691615,15.3683273297378
"GO:0006003","fructose 2,6-bisphosphate metabolic process",2.79118255748338,0,0,"The chemical reactions and pathways involving fructose 2,6-bisphosphate. The D enantiomer is an important regulator of the glycolytic and gluconeogenic pathways. It inhibits fructose 1,6-bisphosphatase and activates phosphofructokinase.",12090.359649436,0.0237119323841846,117.712150669974
"GO:0006006","glucose metabolic process",0.179235575154152,4.49924337948736e-05,9.98832030246194e-05,"The chemical reactions and pathways involving glucose, the aldohexose gluco-hexose. D-glucose is dextrorotatory and is sometimes known as dextrose; it is an important source of energy for living organisms and is found free as well as combined in homo- and hetero-oligosaccharides and polysaccharides.",1605.07450917028,0.0439278824778235,4.08022342630873
"GO:0006011","UDP-glucose metabolic process",0.517815630847767,2.16396978745667e-36,1.71571890291207e-35,"The chemical reactions and pathways involving UDP-glucose, uridinediphosphoglucose, a substance composed of glucose in glycosidic linkage with uridine diphosphate.",2397.63329279631,0.0411028013959205,12.5980617685869
"GO:0006024","glycosaminoglycan biosynthetic process",-1.5577070873104,0.076343022444314,0.11050613200759,"The chemical reactions and pathways resulting in the formation of glycosaminoglycans, any of a group of polysaccharides that contain amino sugars.",4.3273556583294,0.878913176569071,-1.77231054083302
"GO:0006047","UDP-N-acetylglucosamine metabolic process",-0.822356296007192,2.87930108484051e-60,3.61455118329085e-59,"The chemical reactions and pathways involving UDP-N-acetylglucosamine, a substance composed of N-acetylglucosamine, a common structural unit of oligosaccharides, in glycosidic linkage with uridine diphosphate.",1806.32277742859,0.0502198580393608,-16.3751218763433
"GO:0006048","UDP-N-acetylglucosamine biosynthetic process",0.223444595857122,7.84633198779367e-05,0.000169896449304485,"The chemical reactions and pathways resulting in the formation of UDP-N-acetylglucosamine, a substance composed of N-acetylglucosamine, a common structural unit of oligosaccharides, in glycosidic linkage with uridine diphosphate.",1155.37358504909,0.0565819197282246,3.94904586006229
"GO:0006081","cellular aldehyde metabolic process",0.225278244177246,0.348886437520265,0.426749377742107,"The chemical reactions and pathways involving aldehydes, any organic compound with the formula R-CH=O, as carried out by individual cells.",37.0461351816633,0.240488819556727,0.936751424005834
"GO:0006086","acetyl-CoA biosynthetic process from pyruvate",-0.380120195176941,2.89493585387829e-16,1.24093896663198e-15,"The chemical reactions and pathways resulting in the formation of acetyl-CoA from pyruvate.",1519.18052696785,0.046482958732732,-8.1776247799233
"GO:0006096","glycolytic process",0.251704295473223,0.0017759119237631,0.00334709405470632,"The chemical reactions and pathways resulting in the breakdown of a carbohydrate into pyruvate, with the concomitant production of a small amount of ATP and the reduction of NAD(P) to NAD(P)H. Glycolysis begins with the metabolism of a carbohydrate to generate products that can enter the pathway and ends with the production of pyruvate. Pyruvate may be converted to acetyl-coenzyme A, ethanol, lactate, or other small molecules.",373.563314049365,0.0805362509826637,3.12535401638456
"GO:0006099","tricarboxylic acid cycle",0.0188887770482601,0.706914297025735,0.771278971767861,"A nearly universal metabolic pathway in which the acetyl group of acetyl coenzyme A is effectively oxidized to two CO2 and four pairs of electrons are transferred to coenzymes. The acetyl group combines with oxaloacetate to form citrate, which undergoes successive transformations to isocitrate, 2-oxoglutarate, succinyl-CoA, succinate, fumarate, malate, and oxaloacetate again, thus completing the cycle. In eukaryotes the tricarboxylic acid is confined to the mitochondria. See also glyoxylate cycle.",1440.9768611616,0.0502356420934631,0.376003495946516
"GO:0006103","2-oxoglutarate metabolic process",2.60669548252583,4.90133320468235e-66,6.80059982149675e-65,"The chemical reactions and pathways involving oxoglutarate, the dianion of 2-oxoglutaric acid. It is a key constituent of the TCA cycle and a key intermediate in amino-acid metabolism.",122.752206831398,0.151865979816889,17.1644464788548
"GO:0006108","malate metabolic process",0.141759057053475,0.596031517129976,0.676186374194255,"The chemical reactions and pathways involving malate, the anion of hydroxybutanedioic acid, a chiral hydroxydicarboxylic acid. The (+) enantiomer is an important intermediate in metabolism as a component of both the TCA cycle and the glyoxylate cycle.",32.0862407896297,0.267411399035516,0.530115984452283
"GO:0006139","nucleobase-containing compound metabolic process",-0.142318259769897,8.73563738996348e-07,2.23044300913232e-06,"Any cellular metabolic process involving nucleobases, nucleosides, nucleotides and nucleic acids.",4128.76388973388,0.0289372301175745,-4.91817147638684
"GO:0006147","guanine catabolic process",0.551965827604404,2.5629857041142e-13,9.75797477494007e-13,"The chemical reactions and pathways resulting in the breakdown of guanine, 2-amino-6-hydroxypurine, a purine that is one of the five main bases found in nucleic acids and a component of a number of phosphorylated guanosine derivatives whose metabolic or regulatory functions are important.",636.5787646215,0.0754508700703327,7.31556610400756
"GO:0006154","adenosine catabolic process",1.64192498993986,0.00142727051008786,0.0027290240306213,"The chemical reactions and pathways resulting in the breakdown of adenosine, adenine riboside, a ribonucleoside found widely distributed in cells of every type as the free nucleoside and in combination in nucleic acids and various nucleoside coenzymes.",9.41336882662531,0.514858735719514,3.18907862686893
"GO:0006166","purine ribonucleoside salvage",0.60777933830828,0.008810375775553,0.0150454109397905,"Any process which produces a purine nucleoside from derivatives of it, without de novo synthesis.",45.5950306021381,0.232036556157754,2.61932580095298
"GO:0006177","GMP biosynthetic process",0.54380872430684,8.22405489800428e-88,1.34453734727837e-86,"The chemical reactions and pathways resulting in the formation of GMP, guanosine monophosphate.",4183.65820602544,0.027375631136475,19.8647008938645
"GO:0006182","cGMP biosynthetic process",0.442539127320179,0.381274923346179,0.460543421155265,"The chemical reactions and pathways resulting in the formation of cyclic GMP, guanosine 3',5'-phosphate.",8.66495346671053,0.50544151549286,0.875549620985636
"GO:0006207","'de novo' pyrimidine nucleobase biosynthetic process",-0.209617740222816,0.00128227599809547,0.00246744532845196,"The chemical reactions and pathways resulting in the formation of pyrimidine nucleobases, 1,3-diazine, organic nitrogenous bases, beginning with the synthesis of a pyrimidine ring from simpler precursors.",1082.61926139065,0.0651003498601581,-3.21991726116827
"GO:0006221","pyrimidine nucleotide biosynthetic process",-0.45695270675849,2.88919810247793e-19,1.39116867537122e-18,"The chemical reactions and pathways resulting in the formation of a pyrimidine nucleotide, a compound consisting of nucleoside (a pyrimidine base linked to a deoxyribose or ribose sugar) esterified with a phosphate group at either the 3' or 5'-hydroxyl group of the sugar.",3672.59792483553,0.0509261077361005,-8.9728574806153
"GO:0006241","CTP biosynthetic process",-0.0116925529286043,0.921227170159097,0.946355626821985,"The chemical reactions and pathways resulting in the formation of CTP, cytidine 5'-triphosphate.",178.293681755009,0.118240321968763,-0.0988880335736334
"GO:0006260","DNA replication",-0.0926697041683662,0.000108478157040449,0.000231388417956388,"The cellular metabolic process in which a cell duplicates one or more molecules of DNA. DNA replication begins when specific sequences, known as origins of replication, are recognized and bound by initiation proteins, and ends when the original DNA molecule has been completely duplicated and the copies topologically separated. The unit of replication usually corresponds to the genome of the cell, an organelle, or a virus. The template for replication can either be an existing DNA molecule or RNA.",7057.41679777015,0.0239407025394504,-3.87080136916038
"GO:0006261","DNA-dependent DNA replication",-0.0753779633453682,0.200220767397731,0.262276769218518,"A DNA replication process that uses parental DNA as a template for the DNA-dependent DNA polymerases that synthesize the new strands.",1314.50512536029,0.0588466070258152,-1.28092284593912
"GO:0006265","DNA topological change",-0.272863701309532,1.74246867499102e-06,4.30816698189457e-06,"The process in which a transformation is induced in the topological structure of a double-stranded DNA helix, resulting in a change in linking number.",2569.56323559534,0.0570700598954181,-4.78120579879466
"GO:0006270","DNA replication initiation",0.0312979959758857,0.544309093199455,0.624223968220582,"The process in which DNA-dependent DNA replication is started; this begins with the ATP dependent loading of an initiator complex onto the DNA, this is followed by DNA melting and helicase activity. In bacteria, the gene products that enable the helicase activity are loaded after the initial melting and in archaea and eukaryotes, the gene products that enable the helicase activity are inactive when they are loaded and subsequently activate.",1198.89256512788,0.0516204738287731,0.606309738258162
"GO:0006278","RNA-dependent DNA biosynthetic process",0.27963955090743,1.82212605325257e-10,5.87593860291998e-10,"A DNA biosynthetic process that uses RNA as a template for RNA-dependent DNA polymerases (e.g. reverse transcriptase) that synthesize the new strand.",1626.73351995394,0.0438606945984572,6.37562978579154
"GO:0006281","DNA repair",0.326220104368795,4.69763072193778e-24,2.71432964179912e-23,"The process of restoring DNA after damage. Genomes are subject to damage by chemical and physical agents in the environment (e.g. UV and ionizing radiations, chemical mutagens, fungal and bacterial toxins, etc.) and by free radicals or alkylating agents endogenously generated in metabolism. DNA is also damaged because of errors during its replication. A variety of different DNA repair pathways have been reported that include direct reversal, base excision repair, nucleotide excision repair, photoreactivation, bypass, double-strand break repair pathway, and mismatch repair pathway.",7611.50919067843,0.032248308259972,10.1158827228687
"GO:0006298","mismatch repair",1.74981748748648,9.29690924590549e-05,0.000199869333329405,"A system for the correction of errors in which an incorrect base, which cannot form hydrogen bonds with the corresponding base in the parent strand, is incorporated into the daughter strand. The mismatch repair system promotes genomic fidelity by repairing base-base mismatches, insertion-deletion loops and heterologies generated during DNA replication and recombination.",13.2921127409075,0.447724641374593,3.90824476873604
"GO:0006308","DNA catabolic process",-0.228051882796135,0.476394888518355,0.558486281203563,"The cellular DNA metabolic process resulting in the breakdown of DNA, deoxyribonucleic acid, one of the two main types of nucleic acid, consisting of a long unbranched macromolecule formed from one or two strands of linked deoxyribonucleotides, the 3'-phosphate group of each constituent deoxyribonucleotide being joined in 3',5'-phosphodiester linkage to the 5'-hydroxyl group of the deoxyribose moiety of the next one.",25.6572522124818,0.320246823331357,-0.71211286477047
"GO:0006313","transposition, DNA-mediated",-0.121279655116922,0.0516108415543735,0.0773062960498392,"Any process involved in a type of transpositional recombination which occurs via a DNA intermediate.",770.225237328852,0.062310830293723,-1.9463655763409
"GO:0006325","chromatin organization",0.228921016852163,1.18081006564135e-06,2.96467670052097e-06,"Any process that results in the specification, formation or maintenance of the physical structure of eukaryotic chromatin.",2526.5236775049,0.047114424779905,4.85883077043957
"GO:0006338","chromatin remodeling",0.0111352982270591,0.739366836859614,0.799243802632971,"Dynamic structural changes to eukaryotic chromatin occurring throughout the cell division cycle. These changes range from the local changes necessary for transcriptional regulation to global changes necessary for chromosome segregation.",9340.5663117711,0.0334702979052056,0.332691936552115
"GO:0006351","transcription, DNA-templated",0.406326527659436,5.90858907945406e-22,3.19518317142785e-21,"The cellular synthesis of RNA on a template of DNA.",6156.00308452941,0.042188947540868,9.63111315507057
"GO:0006352","DNA-templated transcription, initiation",-0.161616973132134,2.36890296428186e-06,5.7824263329519e-06,"Any process involved in the assembly of the RNA polymerase preinitiation complex (PIC) at the core promoter region of a DNA template, resulting in the subsequent synthesis of RNA from that promoter. The initiation phase includes PIC assembly and the formation of the first few bonds in the RNA chain, including abortive initiation, which occurs when the first few nucleotides are repeatedly synthesized and then released. The initiation phase ends just before and does not include promoter clearance, or release, which is the transition between the initiation and elongation phases of transcription.",14572.1309959595,0.0342474139970923,-4.71910005076168
"GO:0006355","regulation of transcription, DNA-templated",0.228277607882083,9.30582896586027e-19,4.4004469257846e-18,"Any process that modulates the frequency, rate or extent of cellular DNA-templated transcription.",18124.0745408178,0.0258140642907979,8.84314865379252
"GO:0006357","regulation of transcription by RNA polymerase II",-0.0594525137646665,0.0160330216598371,0.026375696318718,"Any process that modulates the frequency, rate or extent of transcription mediated by RNA polymerase II.",5703.83968349124,0.0246879111613579,-2.4081629821207
"GO:0006364","rRNA processing",0.18455667871601,3.17115409843919e-07,8.33910722395044e-07,"Any process involved in the conversion of a primary ribosomal RNA (rRNA) transcript into one or more mature rRNA molecules.",5762.52602704487,0.0360957149278423,5.11298028269979
"GO:0006366","transcription by RNA polymerase II",0.0538449538765689,0.286371964217719,0.359927576004273,"The synthesis of RNA from a DNA template by RNA polymerase II (RNAP II), originating at an RNA polymerase II promoter. Includes transcription of messenger RNA (mRNA) and certain small nuclear RNAs (snRNAs).",1453.21563247126,0.0505057971265461,1.06611432627538
"GO:0006367","transcription initiation from RNA polymerase II promoter",0.943108132085301,0.00341878551056779,0.00617313239879064,"Any process involved in the assembly of the RNA polymerase II preinitiation complex (PIC) at an RNA polymerase II promoter region of a DNA template, resulting in the subsequent synthesis of RNA from that promoter. The initiation phase includes PIC assembly and the formation of the first few bonds in the RNA chain, including abortive initiation, which occurs when the first few nucleotides are repeatedly synthesized and then released. Promoter clearance, or release, is the transition between the initiation and elongation phases of transcription.",23.7436528184886,0.32217275665162,2.92733669316778
"GO:0006368","transcription elongation from RNA polymerase II promoter",-0.134960164643919,0.0170862052631555,0.027999072960369,"The extension of an RNA molecule after transcription initiation and promoter clearance at an RNA polymerase II promoter by the addition of ribonucleotides catalyzed by RNA polymerase II.",734.277498541992,0.0565906909991477,-2.3848474415333
"GO:0006370","7-methylguanosine mRNA capping",0.0902901964389989,0.0272723260492244,0.0431164435066073,"Addition of the 7-methylguanosine cap to the 5' end of a nascent messenger RNA transcript.",1993.18469983353,0.0408997501418609,2.20759775122897
"GO:0006383","transcription by RNA polymerase III",0.592932950705254,1.48966608096216e-30,1.0334558436675e-29,"The synthesis of RNA from a DNA template by RNA polymerase III, originating at an RNAP III promoter.",891.079962880987,0.051606492863523,11.4895029250158
"GO:0006388","tRNA splicing, via endonucleolytic cleavage and ligation",0.102872473251278,0.0187169205494434,0.030481842037665,"Splicing of tRNA substrates via recognition of the folded RNA structure that brings the 5' and 3' splice sites into proximity and cleavage of the RNA at both the 3' and 5' splice sites by an endonucleolytic mechanism, followed by ligation of the exons.",1222.05883434711,0.043754639130055,2.3511215106929
"GO:0006396","RNA processing",0.180029483328412,1.39471673962314e-13,5.36762336471754e-13,"Any process involved in the conversion of one or more primary RNA transcripts into one or more mature RNA molecules.",8845.62808957092,0.0243387277096857,7.39683213830312
"GO:0006397","mRNA processing",0.247714759014177,2.57313249381721e-11,8.6550820246579e-11,"Any process involved in the conversion of a primary mRNA transcript into one or more mature mRNA(s) prior to translation into polypeptide.",9083.75583495625,0.037143454398507,6.66913627247698
"GO:0006398","mRNA 3'-end processing by stem-loop binding and cleavage",-0.0433850880083593,0.304745103253971,0.380075353496525,"Any mRNA 3'-end processing that involves the binding to and cleavage of a stem-loop structure. For example, histone mRNAs contain a highly conserved stem-loop sequence at the 3' end of the mRNA with a 6 base pairs (bp) stem and a 4-nt loop. The mRNA is cleaved between these two elements, after the fourth or fifth nucleotide, which is typically an adenosine.",3311.00463133264,0.0422728549348459,-1.02631081045337
"GO:0006400","tRNA modification",0.0490362811063086,0.494240917357517,0.576523282470688,"The covalent alteration of one or more nucleotides within a tRNA molecule to produce a tRNA molecule with a sequence that differs from that coded genetically.",537.087677841306,0.0717346000193977,0.683579208541606
"GO:0006401","RNA catabolic process",0.211672009745867,1.20150786150977e-07,3.24869241015912e-07,"The chemical reactions and pathways resulting in the breakdown of RNA, ribonucleic acid, one of the two main type of nucleic acid, consisting of a long, unbranched macromolecule formed from ribonucleotides joined in 3',5'-phosphodiester linkage.",6142.2162171387,0.0399889216717614,5.29326625717295
"GO:0006406","mRNA export from nucleus",-0.134927229975319,7.10148002377825e-08,1.96034311127596e-07,"The directed movement of mRNA from the nucleus to the cytoplasm.",6056.09608361171,0.0250394573471075,-5.38858442916319
"GO:0006412","translation",0.479939299020329,0.224283723942388,0.291444469374304,"The cellular metabolic process in which a protein is formed, using the sequence of a mature mRNA or circRNA molecule to specify the sequence of amino acids in a polypeptide chain. Translation is mediated by the ribosome, and begins with the formation of a ternary complex between aminoacylated initiator methionine tRNA, GTP, and initiation factor 2, which subsequently associates with the small subunit of the ribosome and an mRNA or circRNA. Translation ends with the release of a polypeptide chain from the ribosome.",18.0076785468518,0.39494156063828,1.21521598852418
"GO:0006413","translational initiation",-0.0693080819837965,0.0809341543693664,0.116512035197948,"The process preceding formation of the peptide bond between the first two amino acids of a protein. This includes the formation of a complex of the ribosome, mRNA or circRNA, and an initiation complex that contains the first aminoacyl-tRNA.",4608.15430416493,0.0397114665874405,-1.74529142184128
"GO:0006414","translational elongation",3.79237446466897e-05,0.999766174353606,1,"The successive addition of amino acid residues to a nascent polypeptide chain during protein biosynthesis.",405.114345992917,0.129407404084973,0.000293056992486982
"GO:0006415","translational termination",0.00718966558636731,0.813112020913574,0.863036362409022,"The process resulting in the release of a polypeptide chain from the ribosome, usually in response to a termination codon (UAA, UAG, or UGA in the universal genetic code).",7067.9111991375,0.0304114333540974,0.236413243093608
"GO:0006417","regulation of translation",0.797530430634412,1.20475439700361e-100,2.20941480285271e-99,"Any process that modulates the frequency, rate or extent of the chemical reactions and pathways resulting in the formation of proteins by the translation of mRNA or circRNA.",3701.42283227592,0.0374476403831909,21.2972145233588
"GO:0006419","alanyl-tRNA aminoacylation",0.439604507839842,1.9388362091709e-47,1.92877620997237e-46,"The process of coupling alanine to alanyl-tRNA, catalyzed by alanyl-tRNA synthetase. The alanyl-tRNA synthetase is a  class-II synthetases. The activated amino acid is transferred to the 3'-OH group of an alanine accetping tRNA.",7792.66232961935,0.0303852657206339,14.4676868019396
"GO:0006420","arginyl-tRNA aminoacylation",0.136195072362328,0.0272515059225432,0.0431158484550964,"The process of coupling arginine to arginyl-tRNA, catalyzed by arginyl-tRNA synthetase. The arginyl-tRNA synthetase is a  class-I synthetase. The activated amino acid is transferred to the 2'-OH group of an alanine accetping tRNA.  The  2'-O-aminoacyl-tRNA will ultimately migrate to the 3' position via transesterification.",627.499206648484,0.0616854492193159,2.20789625569721
"GO:0006423","cysteinyl-tRNA aminoacylation",-0.0189592789228172,0.843446348019304,0.88191787207373,"The process of coupling cysteine to cysteinyl-tRNA, catalyzed by cysteinyl-tRNA synthetase. A cysteinyl-tRNA synthetase is a  class-I synthetase. The activated amino acid is transferred to the 2'-OH group of a cysteine-accetping tRNA. The 2'-O-aminoacyl-tRNA will ultimately migrate to the 3' position via transesterification.",245.850538634633,0.0960026025367369,-0.197487134950973
"GO:0006424","glutamyl-tRNA aminoacylation",0.301144594152903,1.42507040135531e-46,1.3850108186444e-45,"The process of coupling glutamate to glutamyl-tRNA, catalyzed by glutamyl-tRNA synthetase. The glutamyl-tRNA synthetase is a  class-I synthetase. The activated amino acid is transferred to the 2'-OH group of a glutamic acid-accetping tRNA. The 2'-O-aminoacyl-tRNA will ultimately migrate to the 3' position via transesterification.",11027.5311614191,0.0210152517259629,14.3298114188592
"GO:0006427","histidyl-tRNA aminoacylation",1.24237503886409,4.46226208034383e-256,1.88218214548903e-254,"The process of coupling histidine to histidyl-tRNA, catalyzed by histidyl-tRNA synthetase. The histidyl-tRNA synthetase is a  class-II synthetase. The activated amino acid is transferred to the 3''-OH group of a histidine-accetping tRNA.",3850.82150467009,0.0363457848130584,34.1820941617892
"GO:0006428","isoleucyl-tRNA aminoacylation",0.123391992379493,3.13182372909976e-08,8.83023562121844e-08,"The process of coupling isoleucine to isoleucyl-tRNA, catalyzed by isoleucyl-tRNA synthetase. The isoleucyl-tRNA synthetase is a  class-I synthetase. The activated amino acid is transferred to the 2'-OH group of a isoleucine-accetping tRNA. The 2'-O-aminoacyl-tRNA will ultimately migrate to the 3' position via transesterification.",19928.8658071868,0.0222974624467077,5.53390291269275
"GO:0006431","methionyl-tRNA aminoacylation",-0.143083966470025,0.0128617259128856,0.0214091396608333,"The process of coupling methionine to methionyl-tRNA, catalyzed by methionyl-tRNA synthetase. The methionyl-tRNA synthetase is a  class-I synthetase. The activated amino acid is transferred to the 2'-OH group of a methionine-accetping tRNA. The 2'-O-aminoacyl-tRNA will ultimately migrate to the 3' position via transesterification.",4080.36605265807,0.0575194536894777,-2.48757519920951
"GO:0006432","phenylalanyl-tRNA aminoacylation",-0.196866219860354,0.00625373559394642,0.0108463226707508,"The process of coupling phenylalanine to phenylalanyl-tRNA, catalyzed by phenylalanyl-tRNA synthetase. The phenylalanyl-tRNA synthetase is a  class-II synthetase. However, unlike other class II enzymes, The activated amino acid is transferred to the 2'-OH group of a phenylalanine-accepting tRNA. The 2'-O-aminoacyl-tRNA will ultimately migrate to the 3' position via transesterification.",461.241336820185,0.0720021328407569,-2.73417205981595
"GO:0006435","threonyl-tRNA aminoacylation",0.0736425736443493,0.366547566892433,0.445561278718237,"The process of coupling threonine to threonyl-tRNA, catalyzed by threonyl-tRNA synthetase. The threonyl-tRNA synthetase is a  class-II synthetase. The activated amino acid is transferred to the 3'-OH group of a threonine-accetping tRNA.",495.233488272538,0.0815569256678136,0.902959166757953
"GO:0006437","tyrosyl-tRNA aminoacylation",0.0476070923362675,0.10342861685673,0.145420635300562,"The process of coupling tyrosine to tyrosyl-tRNA, catalyzed by tyrosyl-tRNA synthetase. The tyrosyl-tRNA synthetase is a class-I synthetase. The activated amino acid is transferred to the 2'-OH group of a tyrosine-accetping tRNA. The 2'-O-aminoacyl-tRNA will ultimately migrate to the 3' position via transesterification.",3369.01941231984,0.0292345298108314,1.62845418223997
"GO:0006457","protein folding",0.27161585462626,0.00286274877340048,0.00524091767630348,"The process of assisting in the covalent and noncovalent assembly of single chain polypeptides or multisubunit complexes into the correct tertiary structure.",362.339783925334,0.0910819571437252,2.98210384519578
"GO:0006464","cellular protein modification process",0.0489605322357952,0.104391362581065,0.14667647147466,"The covalent alteration of one or more amino acids occurring in proteins, peptides and nascent polypeptides (co-translational, post-translational modifications) occurring at the level of an individual cell. Includes the modification of charged tRNAs that are destined to occur in a protein (pre-translation modification).",4534.48880143489,0.0301494638951111,1.6239271254085
"GO:0006468","protein phosphorylation",0.071907110411818,2.93550076705138e-07,7.72905258141245e-07,"The process of introducing a phosphate group on to a protein.",55380.3913242253,0.0140237009354422,5.1275416341835
"GO:0006469","negative regulation of protein kinase activity",-0.396895470053176,4.66424810838649e-11,1.54183373990393e-10,"Any process that stops, prevents, or reduces the frequency, rate or extent of protein kinase activity.",769.209000042379,0.0603067569692171,-6.58127695799935
"GO:0006470","protein dephosphorylation",-0.0685102819895686,0.00996518493018309,0.0168807831467921,"The process of removing one or more phosphoric residues from a protein.",9584.92403965158,0.0265849245454527,-2.57703503624528
"GO:0006471","protein ADP-ribosylation",2.24476678931701,0.149615758005244,0.202919378542161,"The transfer, from NAD, of ADP-ribose to protein amino acids.",1.74030575873615,1.55790294140095,1.44089001289027
"GO:0006486","protein glycosylation",-0.167648893074667,5.49795631107916e-12,1.91024544646885e-11,"A protein modification process that results in the addition of a carbohydrate or carbohydrate derivative unit to a protein amino acid, e.g. the addition of glycan chains to proteins.",12275.8802065864,0.0243248355095056,-6.89208743093674
"GO:0006487","protein N-linked glycosylation",0.0416212770621225,0.284658865645807,0.357987804202151,"A protein glycosylation process in which a carbohydrate or carbohydrate derivative unit is added to a protein via the N4 atom of peptidyl-asparagine, the omega-N of arginine, or the N1' atom peptidyl-tryptophan.",2199.27548676567,0.0389015846796337,1.06991212324347
"GO:0006488","dolichol-linked oligosaccharide biosynthetic process",0.0674663360818441,0.170047780037664,0.227413296194948,"The chemical reactions and pathways resulting in the formation of dolichol-linked oligosaccharide, usually by a stepwise addition of glycosyl chains to endoplasmic reticulum membrane-bound dolichol-P.",1911.95589731059,0.0491719116495207,1.37205029901459
"GO:0006493","protein O-linked glycosylation",0.140551495828139,0.000216105590358468,0.000447707947019655,"A protein glycosylation process in which a carbohydrate or carbohydrate derivative unit is added to a protein via the hydroxyl group of peptidyl-serine, peptidyl-threonine, peptidyl-hydroxylysine, or peptidyl-hydroxyproline, or via the phenol group of peptidyl-tyrosine, forming an O-glycan.",2044.96727278243,0.037993001391454,3.69940490828804
"GO:0006499","N-terminal protein myristoylation",0.0374263605403299,0.635688424634627,0.711984539327897,"The covalent attachment of a myristoyl group to the N-terminal amino acid residue of a protein.",744.810243072946,0.0790026255934349,0.473735654469692
"GO:0006506","GPI anchor biosynthetic process",0.053290954376508,0.0742304084472894,0.107669829033929,"The chemical reactions and pathways resulting in the formation of a glycosylphosphatidylinositol (GPI) anchor that attaches some membrane proteins to the lipid bilayer of the cell membrane. The phosphatidylinositol group is linked via the C-6 hydroxyl residue of inositol to a carbohydrate chain which is itself linked to the protein via an ethanolamine phosphate group, its amino group forming an amide linkage with the C-terminal carboxyl of the protein. Some GPI anchors have variants on this canonical linkage.",3789.72280906905,0.0298516891122058,1.78519058590618
"GO:0006508","proteolysis",-0.183013110236757,3.60835571053319e-16,1.53427866804728e-15,"The hydrolysis of proteins into smaller polypeptides and/or amino acids by cleavage of their peptide bonds.",7911.74510523217,0.0224527569033884,-8.15103067406113
"GO:0006511","ubiquitin-dependent protein catabolic process",-0.182271520344352,2.96044110440181e-22,1.61750525626514e-21,"The chemical reactions and pathways resulting in the breakdown of a protein or peptide by hydrolysis of its peptide bonds, initiated by the covalent attachment of a ubiquitin group, or multiple ubiquitin groups, to the protein.",29813.1669514249,0.0187872708540939,-9.70186259408897
"GO:0006515","protein quality control for misfolded or incompletely synthesized proteins",0.0758292092993306,9.61163036242592e-05,0.00020621493829457,"The chemical reactions and pathways resulting in the breakdown of misfolded or attenuated proteins.",11307.9464536725,0.019442428210984,3.90019232559084
"GO:0006516","glycoprotein catabolic process",1.67142598476344,0.0284875660107959,0.0448695121111042,"The chemical reactions and pathways resulting in the breakdown of a glycoprotein, a protein that contains covalently bound glycose (i.e. monosaccharide) residues; the glycose occurs most commonly as oligosaccharide or fairly small polysaccharide but occasionally as monosaccharide.",4.80355662984545,0.763031941767484,2.19050591891574
"GO:0006518","peptide metabolic process",-0.410806940319247,1.52642353836881e-23,8.63063603865902e-23,"The chemical reactions and pathways involving peptides, compounds of two or more amino acids where the alpha carboxyl group of one is bound to the alpha amino group of another.",1780.62671385366,0.0410813483194156,-9.99984073368631
"GO:0006520","cellular amino acid metabolic process",0.0330386847492038,0.70423600968177,0.769152638228303,"The chemical reactions and pathways involving amino acids, carboxylic acids containing one or more amino groups, as carried out by individual cells.",386.108060368719,0.0870335621920467,0.379608554643566
"GO:0006529","asparagine biosynthetic process",0.262319527181553,2.79812035248986e-06,6.79865878272018e-06,"The chemical reactions and pathways resulting in the formation of asparagine, 2-amino-3-carbamoylpropanoic acid.",1167.16188377818,0.0559900677540637,4.68510822908433
"GO:0006541","glutamine metabolic process",0.321878098168259,1.28692283859958e-16,5.60768650125312e-16,"The chemical reactions and pathways involving glutamine, 2-amino-4-carbamoylbutanoic acid.",2886.06859673495,0.0388986863680349,8.27478067312737
"GO:0006542","glutamine biosynthetic process",1.80504576622008,0.0235681069149812,0.0377411825996168,"The chemical reactions and pathways resulting in the formation of glutamine, 2-amino-4-carbamoylbutanoic acid.",4.47607844223837,0.79724729752053,2.26409769193805
"GO:0006548","histidine catabolic process",0.361024244574245,0.0782021256240948,0.113042003386714,"The chemical reactions and pathways resulting in the breakdown of histidine, 2-amino-3-(1H-imidazol-4-yl)propanoic acid.",62.1634521604146,0.204985974077932,1.76121437673092
"GO:0006555","methionine metabolic process",0.61591960333994,1.04987127198274e-16,4.61287190127414e-16,"The chemical reactions and pathways involving methionine (2-amino-4-(methylthio)butanoic acid), a sulfur-containing, essential amino acid found in peptide linkage in proteins.",580.356209365026,0.074216079892036,8.29900480106108
"GO:0006556","S-adenosylmethionine biosynthetic process",2.73114654510963,0.0888189125860765,0.126738218297724,"The chemical reactions and pathways resulting in the formation of S-adenosylmethionine, S-(5'-adenosyl)-L-methionine, an important intermediate in one-carbon metabolism.",1.53740664905796,1.60498850864574,1.70166112118405
"GO:0006562","proline catabolic process",-1.177825449877,0.0019524573761872,0.00365158460317062,"The chemical reactions and pathways resulting in the breakdown of proline (pyrrolidine-2-carboxylic acid), a chiral, cyclic, nonessential alpha-amino acid found in peptide linkage in proteins.",19.6360878305696,0.380266255510747,-3.09737041561846
"GO:0006575","cellular modified amino acid metabolic process",-0.161240040934069,0.291716196083684,0.365772566908733,"The chemical reactions and pathways involving compounds derived from amino acids, organic acids containing one or more amino substituents.",125.86184838109,0.152926320507537,-1.05436422192687
"GO:0006606","protein import into nucleus",0.176983378544877,1.68903145189339e-08,4.87968127677146e-08,"The directed movement of a protein from the cytoplasm to the nucleus.",4050.40486470335,0.0313735496654672,5.64116526284184
"GO:0006614","SRP-dependent cotranslational protein targeting to membrane",-0.119153828693897,0.000123847969075177,0.000261981310711684,"The targeting of proteins to a membrane that occurs during translation and is dependent upon two key components, the signal-recognition particle (SRP) and the SRP receptor. SRP is a cytosolic particle that transiently binds to the endoplasmic reticulum (ER) signal sequence in a nascent protein, to the large ribosomal unit, and to the SRP receptor in the ER membrane.",5937.00839044409,0.0310427270870618,-3.83838147852541
"GO:0006616","SRP-dependent cotranslational protein targeting to membrane, translocation",-0.232837063808293,9.88105578767042e-12,3.38847913108893e-11,"The process during cotranslational membrane targeting wherein proteins move across a membrane. SRP and its receptor initiate the transfer of the nascent chain across the endoplasmic reticulum (ER) membrane; they then dissociate from the chain, which is transferred to a set of transmembrane proteins, collectively called the translocon. Once the nascent chain translocon complex is assembled, the elongating chain passes directly from the large ribosomal subunit into the centers of the translocon, a protein-lined channel within the membrane. The growing chain is never exposed to the cytosol and does not fold until it reaches the ER lumen.",4347.28146298182,0.0341993808003424,-6.80822454557312
"GO:0006627","protein processing involved in protein targeting to mitochondrion",-0.127535250697066,0.000902789730663354,0.00176131687508697,"The cleavage of peptide bonds in proteins, usually near the N terminus, contributing to the process of import into the mitochondrion. Several different peptidases mediate cleavage of proteins destined for different mitochondrial compartments.",2188.85422456701,0.0384236063078251,-3.3191900228036
"GO:0006629","lipid metabolic process",-0.75387302524931,1.76044681166978e-239,6.87552282557696e-238,"The chemical reactions and pathways involving lipids, compounds soluble in an organic solvent but not, or sparingly, in an aqueous solvent. Includes fatty acids; neutral fats, other fatty-acid esters, and soaps; long-chain (fatty) alcohols and waxes; sphingoids and other long-chain bases; glycolipids, phospholipids and sphingolipids; and carotenes, polyprenols, sterols, terpenes and other isoprenoids.",16379.8530151217,0.0228126578003661,-33.0462601879388
"GO:0006635","fatty acid beta-oxidation",0.819813292890329,9.99271744773985e-18,4.59142507566086e-17,"A fatty acid oxidation process that results in the complete oxidation of a long-chain fatty acid. Fatty acid beta-oxidation begins with the addition of coenzyme A to a fatty acid, and occurs by successive cycles of reactions during each of which the fatty acid is shortened by a two-carbon fragment removed as acetyl coenzyme A; the cycle continues until only two or three carbons remain (as acetyl-CoA or propionyl-CoA respectively).",264.40106924222,0.0956158877970453,8.57402793383531
"GO:0006637","acyl-CoA metabolic process",-0.089056401372488,0.042681189840663,0.0650864999088635,"The chemical reactions and pathways involving acyl-CoA, any derivative of coenzyme A in which the sulfhydryl group is in thiolester linkage with an acyl group.",1608.76852685377,0.043939056432238,-2.02681642719909
"GO:0006641","triglyceride metabolic process",-0.0803329869225973,0.156301200016831,0.211171832694105,"The chemical reactions and pathways involving triglyceride, any triester of glycerol. The three fatty acid residues may all be the same or differ in any permutation. Triglycerides are important components of plant oils, animal fats and animal plasma lipoproteins.",758.665885849016,0.0566674303370552,-1.41762184106074
"GO:0006644","phospholipid metabolic process",0.678324242137073,0.00113276395380774,0.00219577130384239,"The chemical reactions and pathways involving phospholipids, any lipid containing phosphoric acid as a mono- or diester.",51.7995084357236,0.208375941144663,3.25529059838128
"GO:0006646","phosphatidylethanolamine biosynthetic process",-0.292943029763186,6.19571373758166e-07,1.59935866249201e-06,"The chemical reactions and pathways resulting in the formation of phosphatidylethanolamine, any of a class of glycerophospholipids in which a phosphatidyl group is esterified to the hydroxyl group of ethanolamine.",764.05142659172,0.0587647286594014,-4.98501459031787
"GO:0006656","phosphatidylcholine biosynthetic process",-0.0773011031784827,0.182081134104942,0.241515164671272,"The chemical reactions and pathways resulting in the formation of phosphatidylcholines, any of a class of glycerophospholipids in which the phosphatidyl group is esterified to the hydroxyl group of choline.",863.331050361632,0.0579305883541832,-1.33437455711428
"GO:0006665","sphingolipid metabolic process",1.27902676174367,2.5134003601558e-17,1.14240546542426e-16,"The chemical reactions and pathways involving sphingolipids, any of a class of lipids containing the long-chain amine diol sphingosine or a closely related base (a sphingoid).",106.58082018027,0.151056453647565,8.46721031017854
"GO:0006667","sphinganine metabolic process",-0.226407525574012,0.649748945484022,0.72542113606448,"The chemical reactions and pathways involving sphinganine, D-erythro-2-amino-1,3-octadecanediol.",11.0573035793064,0.498573106285107,-0.454110987375524
"GO:0006685","sphingomyelin catabolic process",-0.207006142045614,0.0558713040243979,0.0830087799215174,"The chemical reactions and pathways resulting in the breakdown of sphingomyelin, N-acyl-4-sphingenyl-1-O-phosphorylcholine.",293.754670923614,0.108264651852136,-1.9120381260574
"GO:0006686","sphingomyelin biosynthetic process",-0.295902462289674,1.35179056554015e-08,3.93231214168852e-08,"The chemical reactions and pathways resulting in the formation of sphingomyelin, N-acyl-4-sphingenyl-1-O-phosphorylcholine.",1657.75121666292,0.0521011353713936,-5.67938606674089
"GO:0006693","prostaglandin metabolic process",0.120422301395997,0.0484359163012946,0.0731743176786751,"The chemical reactions and pathways involving prostaglandins, any of a group of biologically active metabolites which contain a cyclopentane ring due to the formation of a bond between two carbons of a fatty acid. They have a wide range of biological activities.",669.023799940344,0.0610189254897487,1.97352379494503
"GO:0006694","steroid biosynthetic process",-0.0705572157719586,0.103380685803896,0.145420635300562,"The chemical reactions and pathways resulting in the formation of steroids, compounds with a 1,2,cyclopentanoperhydrophenanthrene nucleus; includes de novo formation and steroid interconversion by modification.",1410.38704224202,0.043321706382881,-1.62868043904753
"GO:0006703","estrogen biosynthetic process",-0.160651677655844,0.456574122919941,0.537640885113431,"The chemical reactions and pathways resulting in the formation of estrogens, C18 steroid hormones that can stimulate the development of female sexual characteristics. Also found in plants.",52.1959805457788,0.21578469685621,-0.744499864894943
"GO:0006707","cholesterol catabolic process",0.148317170038115,0.0719137036675928,0.10466942790542,"The chemical reactions and pathways resulting in the breakdown of cholesterol, cholest-5-en-3 beta-ol, the principal sterol of vertebrates and the precursor of many steroids, including bile acids and steroid hormones.",319.312824637475,0.082413810229213,1.79966403234614
"GO:0006730","one-carbon metabolic process",0.0269315571940433,0.984968101163909,0.998220915595715,"The chemical reactions and pathways involving the transfer of one-carbon units in various oxidation states.",1.59759708075162,1.42942702595538,0.0188408059348417
"GO:0006749","glutathione metabolic process",-0.878172525273492,1.57256202940275e-210,5.62124291527186e-209,"The chemical reactions and pathways involving glutathione, the tripeptide glutamylcysteinylglycine, which acts as a coenzyme for some enzymes and as an antioxidant in the protection of sulfhydryl groups in enzymes and other proteins; it has a specific role in the reduction of hydrogen peroxide (H2O2) and oxidized ascorbate, and it participates in the gamma-glutamyl cycle.",5200.71376324963,0.0283597264067297,-30.9654794506446
"GO:0006750","glutathione biosynthetic process",0.217994160223766,1.18507020682061e-09,3.60131565732662e-09,"The chemical reactions and pathways resulting in the formation of glutathione, the tripeptide glutamylcysteinylglycine, which acts as a coenzyme for some enzymes and as an antioxidant in the protection of sulfhydryl groups in enzymes and other proteins.",2076.38388860188,0.0358410345709218,6.08225077299045
"GO:0006779","porphyrin-containing compound biosynthetic process",0.640208892164778,1.60748734585867e-08,4.65685551156034e-08,"The chemical reactions and pathways resulting in the formation of any member of a large group of derivatives or analogs of porphyrin. Porphyrin consists of a ring of four pyrrole nuclei linked each to the next at their alpha positions through a methine group.",187.827765329686,0.113317768098743,5.64967791817882
"GO:0006783","heme biosynthetic process",-0.294368245335074,2.78637745686581e-10,8.83679707748872e-10,"The chemical reactions and pathways resulting in the formation of heme, any compound of iron complexed in a porphyrin (tetrapyrrole) ring, from less complex precursors.",1269.98404706898,0.0466494370078992,-6.31022074897128
"GO:0006784","heme A biosynthetic process",0.0784694158354006,0.17695125347987,0.235451226239146,"The chemical reactions and pathways resulting in the formation of heme A, a derivative of heme found in cytochrome aa3.",931.526542330087,0.0581168048183619,1.35020182339082
"GO:0006790","sulfur compound metabolic process",0.225065552574657,0.00358619049853612,0.00643683043524483,"The chemical reactions and pathways involving the nonmetallic element sulfur or compounds that contain sulfur, such as the amino acids methionine and cysteine or the tripeptide glutathione.",422.683278128918,0.0772773635081865,2.91243829185263
"GO:0006807","nitrogen compound metabolic process",0.104813144998855,0.034314436348807,0.0533695768876357,"The chemical reactions and pathways involving organic or inorganic compounds that contain nitrogen.",1169.71686733523,0.0495252612757923,2.116357234648
"GO:0006809","nitric oxide biosynthetic process",2.54599792024836,1.28572444979495e-126,2.79545656146139e-125,"The chemical reactions and pathways resulting in the formation of nitric oxide, nitrogen monoxide (NO), a colorless gas only slightly soluble in water.",324.912109545108,0.106365883798575,23.9362268175171
"GO:0006811","ion transport",0.601053216864624,4.69422585834458e-89,7.85723994861009e-88,"The directed movement of charged atoms or small charged molecules into, out of or within a cell, or between cells, by means of some agent such as a transporter or pore.",8270.87221773898,0.0300406968400972,20.0079651968113
"GO:0006812","cation transport",-1.43205408342489,0.184946200206937,0.244853443965116,"The directed movement of cations, atoms or small molecules with a net positive charge, into, out of or within a cell, or between cells, by means of some agent such as a transporter or pore.",2.39370337144739,1.08024234027744,-1.32567853529708
"GO:0006813","potassium ion transport",-0.505177237826081,2.5432046628103e-37,2.04718268468203e-36,"The directed movement of potassium ions (K+) into, out of or within a cell, or between cells, by means of some agent such as a transporter or pore.",2107.57281904654,0.0395725136917541,-12.7658617231421
"GO:0006814","sodium ion transport",-0.256797430047507,0.0046635305515006,0.008223566833708,"The directed movement of sodium ions (Na+) into, out of or within a cell, or between cells, by means of some agent such as a transporter or pore.",583.958449837617,0.090760369307699,-2.82940045315267
"GO:0006816","calcium ion transport",-0.564049711344734,1.40733018111222e-139,3.41156247352377e-138,"The directed movement of calcium (Ca) ions into, out of or within a cell, or between cells, by means of some agent such as a transporter or pore.",11797.9057292502,0.0224272766604971,-25.1501651263008
"GO:0006817","phosphate ion transport",-0.112810114169768,0.0028172847354722,0.00516216638324141,"The directed movement of phosphate into, out of or within a cell, or between cells, by means of some agent such as a transporter or pore.",1753.11054873636,0.0377670113781607,-2.9870013552357
"GO:0006820","anion transport",0.026615116914785,0.986361834078891,0.998402578166606,"The directed movement of anions, atoms or small molecules with a net negative charge, into, out of or within a cell, or between cells, by means of some agent such as a transporter or pore.",0.999494060449645,1.55700970863166,0.0170937385728796
"GO:0006821","chloride transport",0.369551168573809,1.43052911820748e-12,5.15724087230695e-12,"The directed movement of chloride into, out of or within a cell, or between cells, by means of some agent such as a transporter or pore.",932.528901942494,0.052188657544111,7.08106293520689
"GO:0006836","neurotransmitter transport",-0.973087889994334,0.517117638758813,0.598573600517199,"The directed movement of a neurotransmitter into, out of or within a cell, or between cells, by means of some agent such as a transporter or pore. Neurotransmitters are any chemical substance that is capable of transmitting (or inhibiting the transmission of) a nerve impulse from a neuron to another cell.",0.864372483012691,1.50215438016842,-0.647794862393062
"GO:0006851","mitochondrial calcium ion transmembrane transport",0.00834949161114216,0.852916321449433,0.888612215716412,"The process in which a calcium ion (Ca2+) is transported across a mitochondrial membrane, into or out of the mitochondrion.",3175.88718380366,0.045035327837917,0.185398708347192
"GO:0006857","oligopeptide transport",0.309764819718198,0.259328919259789,0.329870139154943,"The directed movement of oligopeptides into, out of or within a cell, or between cells, by means of some agent such as a transporter or pore. Oligopeptides are molecules that contain a small number (2 to 20) of amino-acid residues connected by peptide linkages.",51.5781261097789,0.274619390114142,1.12797868930321
"GO:0006869","lipid transport",-0.345956084715503,3.35104931098729e-07,8.79025248367189e-07,"The directed movement of lipids into, out of or within a cell, or between cells, by means of some agent such as a transporter or pore. Lipids are compounds soluble in an organic solvent but not, or sparingly, in an aqueous solvent.",518.329709978547,0.0678006092995457,-5.10255126450347
"GO:0006874","cellular calcium ion homeostasis",0.172450490933355,7.01536740183317e-11,2.29386199232033e-10,"Any process involved in the maintenance of an internal steady state of calcium ions at the level of a cell.",5089.69247488222,0.0264481300845283,6.52032829474912
"GO:0006875","cellular metal ion homeostasis",0.0406107641600462,0.741663257881487,0.800905177097827,"Any process involved in the maintenance of an internal steady state of metal ions at the level of a cell.",208.179896758925,0.123192998024829,0.329651561461807
"GO:0006879","cellular iron ion homeostasis",-0.130302935598472,2.44533772660664e-08,6.96921252082893e-08,"Any process involved in the maintenance of an internal steady state of iron ions at the level of a cell.",6030.79236814579,0.0233638410647922,-5.57711958565025
"GO:0006885","regulation of pH",0.0760281697917555,0.10073808667604,0.142111454715564,"Any process involved in the maintenance of an internal equilibrium of hydrogen ions, thereby modulating the internal pH, within an organism or cell.",2652.96870203797,0.0463223201544822,1.64128587553918
"GO:0006886","intracellular protein transport",-0.0157720805337857,0.509705279581871,0.590641997053938,"The directed movement of proteins in a cell, including the movement of proteins between specific compartments or structures within a cell, such as organelles of a eukaryotic cell.",9605.44451457508,0.0239225848128571,-0.659296671207079
"GO:0006887","exocytosis",-0.147052935920563,0.0857964359950151,0.12284092567107,"A process of secretion by a cell that results in the release of intracellular molecules (e.g. hormones, matrix proteins) contained within a membrane-bounded vesicle. Exocytosis can occur either by full fusion, when the vesicle collapses into the plasma membrane, or by a kiss-and-run mechanism that involves the formation of a transient contact, a pore, between a granule (for exemple of chromaffin cells) and the plasma membrane. The latter process most of the time leads to only partial secretion of the granule content. Exocytosis begins with steps that prepare vesicles for fusion with the membrane (tethering and docking) and ends when molecules are secreted from the cell.",379.712588297458,0.0855953735674499,-1.7180009828999
"GO:0006888","endoplasmic reticulum to Golgi vesicle-mediated transport",-0.00366652393821026,0.878513977508207,0.910012759609435,"The directed movement of substances from the endoplasmic reticulum (ER) to the Golgi, mediated by COP II vesicles. Small COP II coated vesicles form from the ER and then fuse directly with the cis-Golgi. Larger structures are transported along microtubules to the cis-Golgi.",8184.76567438439,0.0239872108880169,-0.152853283165235
"GO:0006890","retrograde vesicle-mediated transport, Golgi to endoplasmic reticulum",-0.0788380194954446,0.000101443803202247,0.00021720302634877,"The directed movement of substances from the Golgi back to the endoplasmic reticulum, mediated by vesicles bearing specific protein coats such as COPI or COG.",11233.8661916454,0.0202818987767626,-3.88711236374825
"GO:0006891","intra-Golgi vesicle-mediated transport",0.15471308141987,6.05343868896567e-11,1.99168520983285e-10,"The directed movement of substances within the Golgi, mediated by small transport vesicles. These either fuse with the cis-Golgi or with each other to form the membrane stacks known as the cis-Golgi reticulum (network).",5581.55039945342,0.0236477123910729,6.54241217337685
"GO:0006895","Golgi to endosome transport",0.240517420178165,3.74240697056453e-10,1.1762647244293e-09,"The directed movement of substances from the Golgi to early sorting endosomes. Clathrin vesicles transport substances from the trans-Golgi to endosomes.",3722.07665428075,0.0383942681399399,6.26440955461175
"GO:0006897","endocytosis",0.25578144985825,6.149953017788e-21,3.22643057574997e-20,"A vesicle-mediated transport process in which cells take up external materials or membrane constituents by the invagination of a small region of the plasma membrane to form a new membrane-bounded vesicle.",4385.98879421004,0.0272473152583168,9.38740009550763
"GO:0006909","phagocytosis",0.451839342287313,4.47237944775228e-08,1.24765188562296e-07,"A vesicle-mediated transport process that results in the engulfment of external particulate material by phagocytes and their delivery to the lysosome. The particles are initially contained within phagocytic vacuoles (phagosomes), which then fuse with primary lysosomes to effect digestion of the particles.",374.350840757124,0.0825864854648247,5.47110510568658
"GO:0006913","nucleocytoplasmic transport",-0.176093995282396,0.000109169700400765,0.000232564543581023,"The directed movement of molecules between the nucleus and the cytoplasm.",1554.47503910169,0.0455111192039766,-3.86925213799202
"GO:0006914","autophagy",-0.346611541212959,9.19529623246088e-37,7.31806783179622e-36,"The cellular catabolic process in which cells digest parts of their own cytoplasm; allows for both recycling of macromolecular constituents under conditions of cellular stress and remodeling the intracellular structure for cell differentiation.",7519.85790772873,0.0273668103141359,-12.6653978755399
"GO:0006915","apoptotic process",0.0390992077445116,0.0403068657288696,0.0617336091664386,"A programmed cell death process which begins when a cell receives an internal (e.g. DNA damage) or external signal (e.g. an extracellular death ligand), and proceeds through a series of biochemical events (signaling pathway phase) which trigger an execution phase. The execution phase is the last step of an apoptotic process, and is typically characterized by rounding-up of the cell, retraction of pseudopodes, reduction of cellular volume (pyknosis), chromatin condensation, nuclear fragmentation (karyorrhexis), plasma membrane blebbing and fragmentation of the cell into apoptotic bodies. When the execution phase is completed, the cell has died.",10857.4644610638,0.0190672941901966,2.0505902596612
"GO:0006919","activation of cysteine-type endopeptidase activity involved in apoptotic process",9.09439727710658,2.15212674937506e-14,8.58002894977696e-14,"Any process that initiates the activity of the inactive enzyme cysteine-type endopeptidase in the context of an apoptotic process.",49.2535510388986,1.1901797751484,7.64119628563897
"GO:0006935","chemotaxis",5.34073710799507,0,0,"The directed movement of a motile cell or organism, or the directed growth of a cell guided by a specific chemical concentration gradient. Movement may be towards a higher concentration (positive chemotaxis) or towards a lower concentration (negative chemotaxis).",3659.90166388052,0.0625800546715155,85.3424806997812
"GO:0006939","smooth muscle contraction",-0.55676549672911,0.802751771888601,0.852898482072071,"A process in which force is generated within smooth muscle tissue, resulting in a change in muscle geometry. Force generation involves a chemo-mechanical energy conversion step that is carried out by the actin/myosin complex activity, which generates force through ATP hydrolysis. Smooth muscle differs from striated muscle in the much higher actin/myosin ratio, the absence of conspicuous sarcomeres and the ability to contract to a much smaller fraction of its resting length.",0.599450095330002,2.22895758009458,-0.249787390168944
"GO:0006952","defense response",2.04781712560092,6.94417486197225e-16,2.92320654369251e-15,"Reactions, triggered in response to the presence of a foreign body or the occurrence of an injury, which result in restriction of damage to the organism attacked or prevention/recovery from the infection caused by the attack.",41.2844974469766,0.253709723011222,8.07149643811774
"GO:0006955","immune response",2.47440463811253,0,0,"Any immune system process that functions in the calibrated response of an organism to a potential internal or invasive threat.",978.357685748084,0.0622132848624301,39.7729302283923
"GO:0006956","complement activation",1.14003556227168,2.6701180482482e-12,9.44845463717359e-12,"Any process involved in the activation of any of the steps of the complement cascade, which allows for the direct killing of microbes, the disposal of immune complexes, and the regulation of other immune processes; the initial steps of complement activation involve one of three pathways, the classical pathway, the alternative pathway, and the lectin pathway, all of which lead to the terminal complement pathway.",99.1158309440581,0.163000155780126,6.99407651983776
"GO:0006958","complement activation, classical pathway",2.42595821239411,0,0,"Any process involved in the activation of any of the steps of the classical pathway of the complement cascade which allows for the direct killing of microbes, the disposal of immune complexes, and the regulation of other immune processes.",1458.21062769859,0.0520940077228808,46.5688534715783
"GO:0006959","humoral immune response",-1.7096929262339,0.106312353289994,0.149176815095541,"An immune response mediated through a body fluid.",4.13616672359268,1.05863841075936,-1.61499234191545
"GO:0006970","response to osmotic stress",-0.242776740387283,1.18926716356491e-08,3.47391197778172e-08,"Any process that results in a change in state or activity of a cell or an organism (in terms of movement, secretion, enzyme production, gene expression, etc.) as a result of a stimulus indicating an increase or decrease in the concentration of solutes outside the organism or cell.",3226.49707223003,0.0425830149852175,-5.70125766039728
"GO:0006974","cellular response to DNA damage stimulus",-0.0959603059586992,0.000582547182964346,0.00116343940234072,"Any process that results in a change in state or activity of a cell (in terms of movement, secretion, enzyme production, gene expression, etc.) as a result of a stimulus indicating damage to its DNA from environmental insults or errors during metabolism.",4148.01003675971,0.0278985788005103,-3.43961270016177
"GO:0006979","response to oxidative stress",-1.9375915659792,0,0,"Any process that results in a change in state or activity of a cell or an organism (in terms of movement, secretion, enzyme production, gene expression, etc.) as a result of oxidative stress, a state often resulting from exposure to high levels of reactive oxygen species, e.g. superoxide anions, hydrogen peroxide (H2O2), and hydroxyl radicals.",3347.68643322488,0.0455089278704578,-42.5760758744878
"GO:0006986","response to unfolded protein",0.735817689000395,1.12675660377902e-09,3.429047153492e-09,"Any process that results in a change in state or activity of a cell or an organism (in terms of movement, secretion, enzyme production, gene expression, etc.) as a result of an unfolded protein stimulus.",242.963109310008,0.120817304918178,6.0903335784449
"GO:0006996","organelle organization",-0.464317514096635,4.57401660209095e-45,4.3453157719864e-44,"A process that is carried out at the cellular level which results in the assembly, arrangement of constituent parts, or disassembly of an organelle within a cell. An organelle is an organized structure of distinctive morphology and function. Includes the nucleus, mitochondria, plastids, vacuoles, vesicles, ribosomes and the cytoskeleton. Excludes the plasma membrane.",3874.20267224226,0.0329610181925275,-14.0868680507539
"GO:0006997","nucleus organization",0.445884805004194,3.41631274416059e-08,9.60667143657958e-08,"A process that is carried out at the cellular level which results in the assembly, arrangement of constituent parts, or disassembly of the nucleus.",523.190755476798,0.0807961242500498,5.51864101332706
"GO:0006998","nuclear envelope organization",-0.750412776619966,5.29006421630813e-26,3.27177285401579e-25,"A process that is carried out at the cellular level which results in the assembly, arrangement of constituent parts, or disassembly of the nuclear envelope.",879.573854967195,0.0711548908091564,-10.5461868901273
"GO:0007005","mitochondrion organization",0.411786915851492,3.97297392610422e-65,5.37115513471397e-64,"A process that is carried out at the cellular level which results in the assembly, arrangement of constituent parts, or disassembly of a mitochondrion; includes mitochondrial morphogenesis and distribution, and replication of the mitochondrial genome as well as synthesis of new mitochondrial components.",6411.85970333762,0.0241623374888281,17.0425115550964
"GO:0007009","plasma membrane organization",0.870086139141417,0.000518592676990646,0.00104163043406978,"A process that is carried out at the cellular level which results in the assembly, arrangement of constituent parts, or disassembly of the plasma membrane.",60.6173683365482,0.250675613369414,3.47096443665301
"GO:0007010","cytoskeleton organization",-0.428311459238629,1.08785111466678e-70,1.58226069022913e-69,"A process that is carried out at the cellular level which results in the assembly, arrangement of constituent parts, or disassembly of cytoskeletal structures.",10981.8797243703,0.0240951659696133,-17.7758252331102
"GO:0007015","actin filament organization",0.357808911976771,1.21300208721329e-06,3.04188038279765e-06,"A process that is carried out at the cellular level which results in the assembly, arrangement of constituent parts, or disassembly of cytoskeletal structures comprising actin filaments. Includes processes that control the spatial distribution of actin filaments, such as organizing filaments into meshworks, bundles, or other structures, as by cross-linking.",710.085624731649,0.0737218039477557,4.85350185177697
"GO:0007017","microtubule-based process",0.474230687257997,4.99588488129483e-15,2.0419227160176e-14,"Any cellular process that depends upon or alters the microtubule cytoskeleton, that part of the cytoskeleton comprising microtubules and their associated proteins.",1158.97715488145,0.0605889565519315,7.82701525568489
"GO:0007018","microtubule-based movement",0.138705104335603,1.89057717705412e-06,4.66888438689361e-06,"A microtubule-based process that results in the movement of organelles, other microtubules, or other cellular components.  Examples include motor-driven movement along microtubules and movement driven by polymerization or depolymerization of microtubules.",21534.1548338409,0.0291104813349726,4.76478223563298
"GO:0007023","post-chaperonin tubulin folding pathway",-0.344732820167353,7.10123318205872e-38,5.73812290458308e-37,"Completion of folding of alpha- and beta-tubulin; takes place subsequent to chaperonin-mediated partial folding; mediated by a complex of folding cofactors.",6303.76709548188,0.0267965639179834,-12.8648143553957
"GO:0007029","endoplasmic reticulum organization",3.71757298013127,3.90101677237042e-14,1.54068246684068e-13,"A process that is carried out at the cellular level which results in the assembly, arrangement of constituent parts, or disassembly of the endoplasmic reticulum.",24.6227960060021,0.491466015687297,7.56425238260348
"GO:0007030","Golgi organization",0.155961607218041,2.89669457950156e-11,9.69702994947427e-11,"A process that is carried out at the cellular level which results in the assembly, arrangement of constituent parts, or disassembly of the Golgi apparatus.",8729.17470444237,0.0234467766591492,6.6517291261519
"GO:0007032","endosome organization",0.105377455614326,0.266287604699108,0.337500335523088,"A process that is carried out at the cellular level which results in the assembly, arrangement of constituent parts, or disassembly of endosomes.",297.029107988984,0.0947935247700987,1.11165246645166
"GO:0007034","vacuolar transport",0,1,1,"The directed movement of substances into, out of or within a vacuole.",0.870480829317417,2.11121183255323,0
"GO:0007041","lysosomal transport",-0.476402758422619,4.27658400451988e-35,3.25607063737633e-34,"The directed movement of substances into, out of or within a lysosome.",6573.13819807203,0.0385424523863909,-12.3604682350424
"GO:0007051","spindle organization",0.553390174627003,7.02895960244487e-12,2.43416679828509e-11,"A process that is carried out at the cellular level which results in the assembly, arrangement of constituent parts, or disassembly of the spindle, the array of microtubules and associated molecules that forms between opposite poles of a eukaryotic cell during DNA segregation and serves to move the duplicated chromosomes apart.",735.661623939746,0.0807036487199551,6.85706511916567
"GO:0007059","chromosome segregation",0.12222203300719,0.00131500775982109,0.00252582091572193,"The process in which genetic material, in the form of chromosomes, is organized into specific structures and then physically separated and apportioned to two or more sets. In eukaryotes, chromosome segregation begins with the condensation of chromosomes, includes chromosome separation, and ends when chromosomes have completed movement to the spindle poles.",2067.46351655972,0.0380435871979596,3.21268423955943
"GO:0007080","mitotic metaphase plate congression",-0.123747182702545,1.76380373973264e-08,5.08177880750839e-08,"The cell cycle process in which chromosomes are aligned at the metaphase plate, a plane halfway between the poles of the mitotic spindle, during mitosis.",9662.2827202514,0.0219655129532181,-5.63370329507443
"GO:0007088","regulation of mitotic nuclear division",-0.104507815526211,0.250764373098787,0.321496694750967,"Any process that modulates the frequency, rate or extent of mitosis.",310.930611286712,0.090995465330895,-1.1484947645048
"GO:0007094","mitotic spindle assembly checkpoint signaling",0.436881472730934,3.42004367490486e-13,1.29031701437824e-12,"A signal transduction process that contributes to a mitotic cell cycle spindle assembly checkpoint, that delays the metaphase/anaphase transition of a mitotic nuclear division until the spindle is correctly assembled and chromosomes are attached to the spindle.",764.187417407042,0.0600381446058391,7.27673174444575
"GO:0007095","mitotic G2 DNA damage checkpoint signaling",0.331262139492746,7.40769457603306e-10,2.28403916094353e-09,"A mitotic cell cycle checkpoint that detects and negatively regulates progression through the G2/M transition of the cell cycle in response to DNA damage.",1793.29676630963,0.0538014234739331,6.15712592907961
"GO:0007096","regulation of exit from mitosis",0.147471816298515,0.0815776267069185,0.117358263795969,"Any process involved in the progression from anaphase/telophase to G1 that is associated with a conversion from high to low mitotic CDK activity.",443.464268511373,0.0846758226204365,1.74160476668251
"GO:0007098","centrosome cycle",0.484782314441536,6.19281800532589e-08,1.71624877440635e-07,"The cell cycle process in which centrosome duplication and separation takes place. The centrosome cycle can operate with a considerable degree of independence from other processes of the cell cycle.",414.641496606618,0.0895565409071108,5.4131424631994
"GO:0007099","centriole replication",0.256291982516154,6.24285785894418e-10,1.93620400360489e-09,"The cell cycle process in which a daughter centriole is formed perpendicular to an existing centriole. An immature centriole contains a ninefold radially symmetric array of single microtubules; mature centrioles consist of a radial array of nine microtubule triplets, doublets, or singlets depending upon the species and cell type. Duplicated centrioles also become the ciliary basal body in cells that form cilia during G0.",1769.9849811807,0.0414432053314727,6.18417374974423
"GO:0007129","homologous chromosome pairing at meiosis",0.568502580608651,0.014713431858407,0.0242996302187787,"The meiotic cell cycle process where side by side pairing and physical juxtaposition of homologous chromosomes is created during meiotic prophase. Homologous chromosome pairing begins when the chromosome arms begin to pair from the clustered telomeres and ends when synaptonemal complex or linear element assembly is complete.",56.9555772209513,0.233054293250257,2.43935682402635
"GO:0007130","synaptonemal complex assembly",0.442823110425244,0.602786013582042,0.682747423547007,"The cell cycle process in which the synaptonemal complex is formed. This is a structure that holds paired chromosomes together during prophase I of meiosis and that promotes genetic recombination.",4.32892297586873,0.850931168429335,0.520398272920964
"GO:0007154","cell communication",-1.9751334262697,0,0,"Any process that mediates interactions between a cell and its surroundings. Encompasses interactions such as signaling or attachment between one cell and another cell, between a cell and an extracellular matrix, or between a cell and any other aspect of its environment.",2205.67302545302,0.0471650498977468,-41.8770557977097
"GO:0007155","cell adhesion",-0.647443670074541,1.82419277351132e-180,5.49603222762195e-179,"The attachment of a cell, either to another cell or to an underlying substrate such as the extracellular matrix, via cell adhesion molecules.",32861.0003724663,0.0226019373062591,-28.6454944680891
"GO:0007156","homophilic cell adhesion via plasma membrane adhesion molecules",1.7960301379505,4.20897740771119e-30,2.88205628339705e-29,"The attachment of a plasma membrane adhesion molecule in one cell to an identical molecule in an adjacent cell.",132.251338566814,0.15755447313655,11.3994233371839
"GO:0007157","heterophilic cell-cell adhesion via plasma membrane cell adhesion molecules",0.18943872230833,0.231930757425353,0.300087096570594,"The attachment of an adhesion molecule in one cell to a nonidentical adhesion molecule in an adjacent cell.",115.584355125195,0.158473072479884,1.19540007235221
"GO:0007160","cell-matrix adhesion",-0.716909467469035,4.73469966021788e-152,1.21774165651213e-150,"The binding of a cell to the extracellular matrix via adhesion molecules.",7392.07239303254,0.0272945509322586,-26.2656626682852
"GO:0007162","negative regulation of cell adhesion",2.4688490063933,0.423345793313737,0.504689110407489,"Any process that stops, prevents, or reduces the frequency, rate or extent of cell adhesion.",0.335486242675927,3.08363233515861,0.80063014589783
"GO:0007163","establishment or maintenance of cell polarity",0.193961827936382,0.110865484595832,0.154947188212465,"Any cellular process that results in the specification, formation or maintenance of anisotropic intracellular organization or cell growth patterns.",162.381887805683,0.121658404856326,1.59431506738432
"GO:0007165","signal transduction",0.0129481799343101,0.390321932819397,0.469856710226089,"The cellular process in which a signal is conveyed to trigger a change in the activity or state of a cell. Signal transduction begins with reception of a signal (e.g. a ligand binding to a receptor or receptor activation by a stimulus such as light), or for signal transduction in the absence of ligand, signal-withdrawal or the activity of a constitutively active receptor. Signal transduction ends with regulation of a downstream cellular process, e.g. regulation of transcription or regulation of a metabolic process. Signal transduction covers signaling from receptors located on the surface of the cell and signaling via molecules located within the cell. For signaling between cells, signal transduction is restricted to events at and within the receiving cell.",57951.1138930375,0.0150729595187447,0.859033683345848
"GO:0007166","cell surface receptor signaling pathway",0.279213420030989,9.99606132627203e-16,4.16634255674065e-15,"A series of molecular signals initiated by activation of a receptor on the surface of a cell. The pathway begins with binding of an extracellular ligand to a cell surface receptor, or for receptors that signal in the absence of a ligand, by ligand-withdrawal or the activity of a constitutively active receptor. The pathway ends with regulation of a downstream cellular process, e.g. transcription.",2491.63184716951,0.0347846825634372,8.02690723199169
"GO:0007169","transmembrane receptor protein tyrosine kinase signaling pathway",-0.312612843781458,0.216759492084899,0.282014663051851,"A series of molecular signals initiated by the binding of an extracellular ligand to a receptor on the surface of the target cell where the receptor possesses tyrosine kinase activity, and ending with regulation of a downstream cellular process, e.g. transcription.",43.1544966926978,0.253088702369664,-1.23519082777884
"GO:0007172","signal complex assembly",0.556393618140589,4.78855512159768e-35,3.63275638541349e-34,"The aggregation, arrangement and bonding together of a set of components to form a complex capable of relaying a signal within a cell.",1286.98505008772,0.0450470971927326,12.3513756227194
"GO:0007173","epidermal growth factor receptor signaling pathway",0.0150168758981722,0.874772348058464,0.907407871927342,"A series of molecular signals initiated by binding of a ligand to the tyrosine kinase receptor EGFR (ERBB1) on the surface of a cell. The pathway ends with regulation of a downstream cellular process, e.g. transcription.",315.76384109029,0.095285009844224,0.157599562855925
"GO:0007175","negative regulation of epidermal growth factor-activated receptor activity",0.0315554422266447,0.830248629101252,0.873680412166036,"Any process that stops, prevents, or reduces the frequency, rate or extent of EGF-activated receptor activity.",107.691628328664,0.147192109166865,0.214382703021612
"GO:0007178","transmembrane receptor protein serine/threonine kinase signaling pathway",-0.328794100682145,0.266474026242439,0.337533766573756,"A series of molecular signals initiated by the binding of an extracellular ligand to a receptor on the surface of the target cell where the receptor possesses serine/threonine kinase activity, and ending with regulation of a downstream cellular process, e.g. transcription.",29.2945746919844,0.295885917643811,-1.11121915939896
"GO:0007179","transforming growth factor beta receptor signaling pathway",0.0554298457437768,0.0403776009059141,0.0617970684401834,"A series of molecular signals initiated by the binding of an extracellular ligand to a transforming growth factor beta receptor on the surface of a target cell, and ending with regulation of a downstream cellular process, e.g. transcription.",4854.14217442773,0.0270407291210674,2.04986505709979
"GO:0007186","G protein-coupled receptor signaling pathway",-0.428835704187896,6.99025240591777e-55,7.88365899683453e-54,"A series of molecular signals that proceeds with an activated receptor promoting the exchange of GDP for GTP on the alpha-subunit of an associated heterotrimeric G-protein complex. The GTP-bound activated alpha-G-protein then dissociates from the beta- and gamma-subunits to further transmit the signal within the cell. The pathway begins with receptor-ligand interaction, or for basal GPCR signaling the pathway begins with the receptor activating its G protein in the absence of an agonist, and ends with regulation of a downstream cellular process, e.g. transcription.  The pathway can start from the plasma membrane, Golgi or nuclear membrane.",12767.6164590218,0.0274849093589788,-15.6025875358327
"GO:0007188","adenylate cyclase-modulating G protein-coupled receptor signaling pathway",-0.288099482144856,3.91445438024852e-07,1.01920793678323e-06,"The series of molecular signals generated as a consequence of a G protein-coupled receptor binding to its physiological ligand, where the pathway proceeds through activation or inhibition of adenylyl cyclase activity and a subsequent change in the concentration of cyclic AMP (cAMP).",867.148490717988,0.0567899516222929,-5.07307144864272
"GO:0007194","negative regulation of adenylate cyclase activity",-0.75697851811602,0.00549168792399699,0.00959566680340485,"Any process that stops, prevents, or reduces the frequency, rate or extent of adenylate cyclase activity.",39.8370839866786,0.272619809451581,-2.77668200135128
"GO:0007204","positive regulation of cytosolic calcium ion concentration",-1.83136990564365,0.584629948367335,0.665399115545985,"Any process that increases the concentration of calcium ions in the cytosol.",0.264275631920801,3.35026480505655,-0.546634374357384
"GO:0007205","protein kinase C-activating G protein-coupled receptor signaling pathway",-0.324189694986974,1.02314215882864e-24,6.06125509261125e-24,"The series of molecular signals generated as a consequence of a G protein-coupled receptor binding to its physiological ligand, where the pathway proceeds with activation of protein kinase C (PKC). PKC is activated by second messengers including diacylglycerol (DAG).",3846.10165626413,0.0315849425663668,-10.2640583976299
"GO:0007214","gamma-aminobutyric acid signaling pathway",0.612562251876441,0.614944845352919,0.693539400454175,"The series of molecular signals generated by the binding of gamma-aminobutyric acid (GABA, 4-aminobutyrate), an amino acid which acts as a neurotransmitter in some organisms, to a cell surface receptor.",2.1312549708336,1.21775070296316,0.503027631506097
"GO:0007216","G protein-coupled glutamate receptor signaling pathway",-1.26940655910681,8.85248278782391e-21,4.58719562641785e-20,"A series of molecular signals initiated by glutamate binding to a glutamate receptor on the surface of the target cell, and proceeding with the activated receptor promoting the exchange of GDP for GTP on the alpha-subunit of an associated heterotrimeric G-protein complex. Ends with regulation of a downstream cellular process, e.g. transcription.",163.859042564271,0.135780702445259,-9.34894676670703
"GO:0007218","neuropeptide signaling pathway",1.76422582847945,0.104680174771656,0.146984346600148,"The series of molecular signals generated as a consequence of a peptide neurotransmitter binding to a cell surface receptor.",4.48202011933156,1.0872996633244,1.62257553091239
"GO:0007219","Notch signaling pathway",0.962681598810034,4.59870907439487e-183,1.42627609380864e-181,"A series of molecular signals initiated by the binding of an extracellular ligand to the receptor Notch on the surface of a target cell, and ending with regulation of a downstream cellular process, e.g. transcription.",4809.07799804762,0.0333646315925488,28.8533561696819
"GO:0007224","smoothened signaling pathway",0.281955562446269,0.00201599496363072,0.00375594821404346,"A series of molecular signals generated as a consequence of activation of the transmembrane protein Smoothened.",309.829533330973,0.0913108217312126,3.0878657874337
"GO:0007229","integrin-mediated signaling pathway",0.775770645956747,0.020266007627919,0.0327768482264426,"A series of molecular signals initiated by the binding of extracellular ligand to an integrin on the surface of a target cell, and ending with regulation of a downstream cellular process, e.g. transcription.",19.4737517570048,0.334184218616548,2.32138623771126
"GO:0007249","I-kappaB kinase/NF-kappaB signaling",0.321094667977387,0.000844008055472865,0.00164968766357022,"The process in which a signal is passed on to downstream components within the cell through the I-kappaB-kinase (IKK)-dependent activation of NF-kappaB. The cascade begins with activation of a trimeric IKK complex (consisting of catalytic kinase subunits IKKalpha and/or IKKbeta, and the regulatory scaffold protein NEMO) and ends with the regulation of transcription of target genes by NF-kappaB. In a resting state, NF-kappaB dimers are bound to I-kappaB proteins, sequestering NF-kappaB in the cytoplasm. Phosphorylation of I-kappaB targets I-kappaB for ubiquitination and proteasomal degradation, thus releasing the NF-kappaB dimers, which can translocate to the nucleus to bind DNA and regulate transcription.",274.523773921486,0.0961953475351764,3.33794384245007
"GO:0007264","small GTPase mediated signal transduction",-0.331292340851465,5.17140081738093e-22,2.80372347656976e-21,"Any series of molecular signals in which a small monomeric GTPase relays one or more of the signals.",4442.98954991592,0.0343493369118016,-9.64479581373348
"GO:0007265","Ras protein signal transduction",-0.130355214283015,0.000121673256812263,0.000257898390569912,"A series of molecular signals within the cell that are mediated by a member of the Ras superfamily of proteins switching to a GTP-bound active state.",5698.04116115505,0.0339225528004449,-3.84273008726235
"GO:0007268","chemical synaptic transmission",0.764206217761877,0.607471461969769,0.687316155200774,"The vesicular release of classical neurotransmitter molecules from a presynapse, across a chemical synapse, the subsequent activation of neurotransmitter receptors at the postsynapse of a target cell (neuron, muscle, or secretory cell) and the effects of this activation on the postsynaptic membrane potential and ionic composition of the postsynaptic cytosol. This process encompasses both spontaneous and evoked release of neurotransmitter and all parts of synaptic vesicle exocytosis. Evoked transmission starts with the arrival of an action potential at the presynapse.",0.934715818341182,1.48769101808431,0.5136861138988
"GO:0007269","neurotransmitter secretion",-0.697809884861366,1.02390727747037e-19,5.03361409833337e-19,"The regulated release of neurotransmitter from the presynapse into the synaptic cleft via calcium-regulated exocytosis during synaptic transmission.",391.52485137015,0.0767973417183616,-9.08638071641125
"GO:0007270","neuron-neuron synaptic transmission",1.1315163254186,0.0188700027568064,0.0307074350417475,"The process of synaptic transmission from a neuron to another neuron across a synapse.",14.2954035075339,0.481888139441526,2.34808917839303
"GO:0007275","multicellular organism development",0.380741583770359,1.16145197875194e-24,6.86135076523207e-24,"The biological process whose specific outcome is the progression of a multicellular organism over time from an initial condition (e.g. a zygote or a young adult) to a later condition (e.g. a multicellular animal or an aged adult).",1995.99962202222,0.0371389540749388,10.2518122347253
"GO:0007281","germ cell development",-0.118913775558353,0.0876045182652294,0.125174748659464,"The process whose specific outcome is the progression of an immature germ cell over time, from its formation to the mature structure (gamete). A germ cell is any reproductive cell in a multicellular organism.",841.557088839719,0.0696146569614702,-1.70817153669477
"GO:0007283","spermatogenesis",0.0246882572696019,0.307851476134308,0.383496020772153,"The developmental process by which male germ line stem cells self renew or give rise to successive cell types resulting in the development of a spermatozoa.",47278.2291896837,0.0242103295648218,1.01974065257974
"GO:0007286","spermatid development",0.19991453413804,3.36488985420079e-11,1.12465177535808e-10,"The process whose specific outcome is the progression of a spermatid over time, from its formation to the mature structure.",7163.95288670304,0.0301546240605489,6.62964770300642
"GO:0007288","sperm axoneme assembly",0.560250416018186,3.84085839722434e-08,1.07717690954071e-07,"The assembly and organization of the sperm flagellar axoneme, the bundle of microtubules and associated proteins that forms the core of the eukaryotic sperm flagellum, and is responsible for movement.",245.439539547652,0.101900451144447,5.49801703256462
"GO:0007292","female gamete generation",-0.25346174820363,2.42182650177962e-07,6.39253077879e-07,"Generation of the female gamete; specialised haploid cells produced by meiosis and along with a male gamete takes part in sexual reproduction.",7288.54064298796,0.0490857892763123,-5.16364821551205
"GO:0007339","binding of sperm to zona pellucida",0.0281508144177583,0.981238862357807,0.995877170699044,"The process in which the sperm binds to the zona pellucida glycoprotein layer of the egg. The process begins with the attachment of the sperm plasma membrane to the zona pellucida and includes attachment of the acrosome inner membrane to the zona pellucida after the acrosomal reaction takes place.",1.79623237714863,1.19710385723807,0.0235157661948455
"GO:0007340","acrosome reaction",-0.256979019585042,0.00504045985943473,0.00884386842225278,"The discharge, by sperm, of a single, anterior secretory granule following the sperm's attachment to the zona pellucida of the oocyte. The process begins with the fusion of the outer acrosomal membrane with the sperm plasma membrane and ends with the exocytosis of the acrosomal contents into the zona pellucida.",1179.97076278251,0.0916330285525837,-2.80443660592943
"GO:0007368","determination of left/right symmetry",-0.0616385481537269,0.379290162647733,0.459198021253771,"The establishment of an organism's body plan or part of an organism with respect to the left and right halves. The pattern can either be symmetric, such that the halves are mirror images, or asymmetric where the pattern deviates from this symmetry.",695.451050781092,0.0701071443752586,-0.879204946985113
"GO:0007399","nervous system development",-0.31879658655413,2.43576299401244e-05,5.51774882317103e-05,"The process whose specific outcome is the progression of nervous tissue over time, from its formation to its mature state.",494.669963089171,0.0755322063631083,-4.22067091515333
"GO:0007409","axonogenesis",-1.11960207145522,3.43611945211187e-288,1.64699452829635e-286,"De novo generation of a long process of a neuron, including the terminal branched region. Refers to the morphogenesis or creation of shape or form of the developing axon, which carries efferent (outgoing) action potentials from the cell body towards target cells.",3824.449783467,0.0308606641558776,-36.2792604138426
"GO:0007411","axon guidance",-0.0854238029640213,0.00152528231583383,0.00290589015726608,"The chemotaxis process that directs the migration of an axon growth cone to a specific target site in response to a combination of attractive and repulsive cues.",9780.59263989333,0.0269490184832145,-3.16982984063885
"GO:0007416","synapse assembly",0.0275063830359806,0.979285217058577,0.99533133627785,"The aggregation, arrangement and bonding together of a set of components to form a synapse.  This process ends when the synapse is mature (functional).",2.26424618149801,1.05936193572207,0.0259650475521682
"GO:0007417","central nervous system development",0.247144120432757,1.58184934225144e-24,9.24133036789001e-24,"The process whose specific outcome is the progression of the central nervous system over time, from its formation to the mature structure. The central nervous system is the core nervous system that serves an integrating and coordinating function. In vertebrates it consists of the brain and spinal cord. In those invertebrates with a central nervous system it typically consists of a brain, cerebral ganglia and a nerve cord.",6393.28827480252,0.0241778694379508,10.2219147583296
"GO:0007420","brain development",-0.0855132493108044,0.122996902776897,0.170433947408985,"The process whose specific outcome is the progression of the brain over time, from its formation to the mature structure. Brain development begins with patterning events in the neural tube and ends with the mature structure that is the center of thought and emotion. The brain is responsible for the coordination and control of bodily activities and the interpretation of information from the senses (sight, hearing, smell, etc.).",788.24488282576,0.0554447127460258,-1.54231567043214
"GO:0007492","endoderm development",0.195869327977053,0.00293928832594983,0.00536706413803307,"The process whose specific outcome is the progression of the endoderm over time, from its formation to the mature structure. The endoderm is the innermost germ layer that develops into the gastrointestinal tract, the lungs and associated tissues.",701.516508852087,0.0658601920833864,2.97401695593387
"GO:0007507","heart development",0.07047377009642,0.01258746305301,0.0210356256567339,"The process whose specific outcome is the progression of the heart over time, from its formation to the mature structure. The heart is a hollow, muscular organ, which, by contracting rhythmically, keeps up the circulation of the blood.",4911.78004477657,0.0282433683719335,2.49523247965184
"GO:0007517","muscle organ development",0.015038157250222,0.658430411639,0.731817512754322,"The process whose specific outcome is the progression of the muscle over time, from its formation to the mature structure. The muscle is an organ consisting of a tissue made up of various elongated cells that are specialized to contract and thus to produce movement and mechanical work.",7012.38361189631,0.0340167270967891,0.44208125042228
"GO:0007520","myoblast fusion",-0.336422112889693,3.48651471062122e-14,1.38215404599627e-13,"A process in which non-proliferating myoblasts fuse to existing fibers or to myotubes to form new fibers. A myoblast is a mononucleate cell type that, by fusion with other myoblasts, gives rise to the myotubes that eventually develop into skeletal muscle fibers.",2053.05274399977,0.0443896430526257,-7.57884249014688
"GO:0007586","digestion",-0.656233283449022,0.108051094096254,0.151415121228572,"The whole of the physical, chemical, and biochemical processes carried out by multicellular organisms to break down ingested nutrients into components that may be easily absorbed and directed into metabolism.",12.9719657938648,0.408355437900719,-1.60701492509221
"GO:0007596","blood coagulation",0.29464898329308,1.43390091317367e-15,5.94125152432864e-15,"The sequential process in which the multiple coagulation factors of the blood interact, ultimately resulting in the formation of an insoluble fibrin clot; it may be divided into three stages: stage 1, the formation of intrinsic and extrinsic prothrombin converting principle; stage 2, the formation of thrombin; stage 3, the formation of stable fibrin polymers.",2093.51543989982,0.0369118329376674,7.98250750079656
"GO:0007600","sensory perception",-0.142682091103258,0.28288853284809,0.355973696764094,"The series of events required for an organism to receive a sensory stimulus, convert it to a molecular signal, and recognize and characterize the signal. This is a neurological process.",151.468594451143,0.13286928445488,-1.07385308567467
"GO:0007601","visual perception",0.291448133831947,4.57351878545639e-06,1.09484121663196e-05,"The series of events required for an organism to receive a visual stimulus, convert it to a molecular signal, and recognize and characterize the signal. Visual stimuli are detected in the form of photons and are processed to form an image.",2833.65244659522,0.0635869738194771,4.58345658435272
"GO:0007602","phototransduction",-0.173237099127767,0.0346156130174741,0.0537498350658743,"The sequence of reactions within a cell required to convert absorbed photons into a molecular signal.",413.878212852845,0.0819930514108192,-2.11282658892371
"GO:0007605","sensory perception of sound",-0.298118070817018,3.04466788047511e-17,1.37205225639359e-16,"The series of events required for an organism to receive an auditory stimulus, convert it to a molecular signal, and recognize and characterize the signal. Sonic stimuli are detected in the form of vibrations and are processed to form a sound.",4150.69019453761,0.0353018095488657,-8.44483822860001
"GO:0007608","sensory perception of smell",-1.08920368642344,3.94795750265212e-34,2.93177548348356e-33,"The series of events required for an organism to receive an olfactory stimulus, convert it to a molecular signal, and recognize and characterize the signal. Olfaction involves the detection of chemical composition of an organism's ambient medium by chemoreceptors. This is a neurological process.",477.173011858723,0.0894218312553797,-12.1805119748977
"GO:0007611","learning or memory",1.24978572320745,0.313579080647033,0.389940024224406,"The acquisition and processing of information and/or the storage and retrieval of this information over time.",2.39872989681607,1.24018612438376,1.00774045011063
"GO:0007612","learning",-0.235863064672176,0.828635521886166,0.872923234594368,"Any process in an organism in which a relatively long-lasting adaptive behavioral change occurs as the result of experience.",2.20233758111831,1.08967893017985,-0.21645189068054
"GO:0007616","long-term memory",0.0703747715080368,0.0256209251675266,0.0407807782477838,"The memory process that deals with the storage, retrieval and modification of information a long time (typically weeks, months or years) after receiving that information. This type of memory is typically dependent on gene transcription regulated by second messenger activation.",3017.94818505024,0.0315311898182148,2.23190979832239
"GO:0007626","locomotory behavior",-1.93550795725637,0,0,"The specific movement from place to place of an organism in response to external or internal stimuli. Locomotion of a whole organism in a manner dependent upon some combination of that organism's internal state and external conditions.",6965.09264672092,0.0288063537054634,-67.1903142288112
"GO:0008009","chemokine activity",9.90078895672341,0,0,"The function of a family of small chemotactic cytokines; their name is derived from their ability to induce directed chemotaxis in nearby responsive cells. All chemokines possess a number of conserved cysteine residues involved in intramolecular disulfide bond formation. Some chemokines are considered pro-inflammatory and can be induced during an immune response to recruit cells of the immune system to a site of infection, while others are considered homeostatic and are involved in controlling the migration of cells during normal processes of tissue maintenance or development. Chemokines are found in all vertebrates, some viruses and some bacteria.",4872.7828391953,0.242447633289691,40.8368142117245
"GO:0008013","beta-catenin binding",-0.117683857174538,0.0195345098875799,0.0317153821038538,"Binding to a catenin beta subunit.",1123.19760089135,0.0503962565887273,-2.33517060870075
"GO:0008017","microtubule binding",-0.0397373530601293,0.0657054047370877,0.0964319405640348,"Binding to a microtubule, a filament composed of tubulin monomers.",23504.6378879472,0.0215913635069791,-1.8404281437476
"GO:0008021","synaptic vesicle",-0.106423552771104,0.0822805432159294,0.118288797302246,"A secretory organelle, typically 50 nm in diameter, of presynaptic nerve terminals; accumulates in high concentrations of neurotransmitters and secretes these into the synaptic cleft by fusion with the 'active zone' of the presynaptic plasma membrane.",877.134710301441,0.061247285340089,-1.73760440450811
"GO:0008022","protein C-terminus binding",0.0157727163742928,0.627239313940761,0.705142704211655,"Binding to a protein C-terminus, the end of a peptide chain at which the 1-carboxyl function of a constituent amino acid is not attached in peptide linkage to another amino-acid residue.",2950.6332227419,0.0324797991306252,0.485616192109412
"GO:0008023","transcription elongation factor complex",-0.648136601202596,1.17759554192901e-96,2.06962416494023e-95,"Any protein complex that interacts with RNA polymerase II to increase (positive transcription elongation factor) or reduce (negative transcription elongation factor) the rate of transcription elongation.",5110.83008818804,0.0310672971317074,-20.8623427540178
"GO:0008047","enzyme activator activity",0.0235111304393799,0.76130682502287,0.817929747311886,"Binds to and increases the activity of an enzyme.",468.556982933202,0.0773990401396355,0.303765142267443
"GO:0008053","mitochondrial fusion",-0.171456668365545,6.6235762417444e-10,2.04825840085615e-09,"Merging of two or more mitochondria within a cell to form a single compartment.",4712.13575756106,0.0277670379191144,-6.17482746503244
"GO:0008061","chitin binding",-0.0357460058916521,0.673008288268415,0.743295767254586,"Binding to chitin, a linear polysaccharide consisting of beta-(1->4)-linked N-acetyl-D-glucosamine residues.",445.711269466829,0.0847015747983275,-0.422022919606424
"GO:0008073","ornithine decarboxylase inhibitor activity",0.225341429660777,2.20950928583147e-10,7.0497051192414e-10,"Binds to and stops, prevents or reduces the activity of ornithine decarboxylase.",15400.1422254385,0.0355090736062673,6.34602389686126
"GO:0008076","voltage-gated potassium channel complex",-0.0495218104424572,0.559062394430345,0.639751812183178,"A protein complex that forms a transmembrane channel through which potassium ions may cross a cell membrane in response to changes in membrane potential.",324.225242726651,0.084763550322885,-0.584234735966304
"GO:0008080","N-acetyltransferase activity",-0.473074027673021,0.0255583822700376,0.0407119548395085,"Catalysis of the transfer of an acetyl group to a nitrogen atom on the acceptor molecule.",62.9727338453263,0.211869388782101,-2.23285690487151
"GO:0008083","growth factor activity",0.982795976701428,0,0,"The function that stimulates a cell to grow or proliferate. Most growth factors have other actions besides the induction of cell growth or proliferation.",10306.6357256809,0.0211481775637384,46.4718992328952
"GO:0008089","anterograde axonal transport",-0.368912309895299,3.64727521605735e-43,3.34439279594128e-42,"The directed movement of organelles or molecules along microtubules from the cell body toward the cell periphery in nerve cell axons.",4155.41715156448,0.0267829755649739,-13.7741345803919
"GO:0008092","cytoskeletal protein binding",-0.240876489811682,1.0942333314413e-08,3.21411991087701e-08,"Binding to a protein component of a cytoskeleton (actin, microtubule, or intermediate filament cytoskeleton).",6968.98463143342,0.0421449046305645,-5.71543563624515
"GO:0008093","cytoskeletal anchor activity",-0.0927589212013479,0.40664388553894,0.486726421453817,"The binding activity of a protein that brings together a cytoskeletal protein (either a microtubule or actin filament, spindle pole body, or protein directly bound to them) and one or more other molecules, permitting them to function in a coordinated way.",475.476681920791,0.11178277016797,-0.829814121281517
"GO:0008113","peptide-methionine (S)-S-oxide reductase activity",0.0271282220155415,0.987514356593428,0.998402578166606,"Catalysis of the reactions: peptide-L-methionine + thioredoxin disulfide + H2O = peptide-L-methionine (S)-S-oxide + thioredoxin, and L-methionine + thioredoxin disulfide + H2O = L-methionine (S)-S-oxide + thioredoxin. Can act on oxidized methionine in peptide linkage with specificity for the S enantiomer. Thioredoxin disulfide is the oxidized form of thioredoxin.",1.13277086626502,1.73353549953301,0.0156490720973695
"GO:0008134","transcription factor binding",0.557702461780354,8.66441539218341e-14,3.36523979044472e-13,"Binding to a transcription factor, a protein required to initiate or regulate transcription.",972.419526682473,0.0747608987331599,7.45981483945146
"GO:0008135","translation factor activity, RNA binding",0.396328338918795,0.0126253391887492,0.0210822172201678,"Functions during translation by binding to RNA during polypeptide synthesis at the ribosome.",88.4858465553251,0.158902133072437,2.49416625979542
"GO:0008137","NADH dehydrogenase (ubiquinone) activity",-0.00255026587303967,0.965437395635203,0.98553120396643,"Catalysis of the reaction: NADH + ubiquinone + 5 H(+)(in) <=> NAD(+) + ubiquinol + 4 H(+)(out).",1032.14650321821,0.0588549739876993,-0.043331356727346
"GO:0008138","protein tyrosine/serine/threonine phosphatase activity",-0.160545005984688,4.95715388760473e-06,1.18399066239619e-05,"Catalysis of the reactions: protein serine + H2O = protein serine + phosphate; protein threonine phosphate + H2O = protein threonine + phosphate; and protein tyrosine phosphate + H2O = protein tyrosine + phosphate.",3063.5424553414,0.0351564085841757,-4.5665929044001
"GO:0008146","sulfotransferase activity",-0.433590152696334,5.24972327140799e-06,1.25103574908468e-05,"Catalysis of the transfer of a sulfate group from 3'-phosphoadenosine 5'-phosphosulfate to the hydroxyl group of an acceptor, producing the sulfated derivative and 3'-phosphoadenosine 5'-phosphate.",365.01814830074,0.0951992891028113,-4.55455242137443
"GO:0008154","actin polymerization or depolymerization",-0.334831844392986,0.000108507892536211,0.000231388417956388,"Assembly or disassembly of actin filaments by the addition or removal of actin monomers from a filament.",384.232466888462,0.0865034372596964,-3.87073456269455
"GO:0008156","negative regulation of DNA replication",0.173543232749347,0.0419542842655746,0.0640706629370723,"Any process that stops, prevents, or reduces the frequency, rate or extent of DNA replication.",389.001999646762,0.0853222753555859,2.03397333259216
"GO:0008157","protein phosphatase 1 binding",0.235629171728259,9.34957459254171e-07,2.38143149947711e-06,"Binding to a protein phosphatase 1.",1273.76244595285,0.0480399742038263,4.90485633336355
"GO:0008158","hedgehog receptor activity",-0.418948671574711,7.10032552275075e-23,3.95107823944098e-22,"Combining with a member of the hedgehog protein family and transmitting the signal across the membrane to initiate a change in cell activity.",1598.34820516743,0.042548166711131,-9.84645647411901
"GO:0008168","methyltransferase activity",-0.0208510401746311,0.577085171159612,0.657877095121957,"Catalysis of the transfer of a methyl group to an acceptor molecule.",4358.69950403594,0.0373910818205695,-0.557647416426465
"GO:0008170","N-methyltransferase activity",0.0273180178585931,0.977146104521525,0.993732427397565,"Catalysis of the transfer of a methyl group to the nitrogen atom of an acceptor molecule.",2.92944992197094,0.953607398230986,0.0286470280214584
"GO:0008171","O-methyltransferase activity",0.101110601716284,0.229553875861401,0.297559387948184,"Catalysis of the transfer of a methyl group to the oxygen atom of an acceptor molecule.",385.653964843204,0.0841530229046452,1.20150884931196
"GO:0008173","RNA methyltransferase activity",-0.0490638387960862,0.238244120803433,0.307125214409805,"Catalysis of the transfer of a methyl group from a donor to a nucleoside residue in an RNA molecule.",2539.52567082927,0.041601136862396,-1.17938697104299
"GO:0008180","COP9 signalosome",-0.102507520361601,2.24913024662305e-06,5.52845651530071e-06,"A protein complex that catalyzes the deneddylation of proteins, including the cullin component of SCF ubiquitin E3 ligase; deneddylation increases the activity of cullin family ubiquitin ligases. The signalosome is involved in many regulatory process, including some which control development, in many species; also regulates photomorphogenesis in plants; in many species its subunits are highly similar to those of the proteasome.",8693.72674658165,0.021673407903417,-4.72964477106714
"GO:0008184","glycogen phosphorylase activity",-0.389369783931587,1.14351117924672e-08,3.35419343119797e-08,"Catalysis of the reaction: glycogen + phosphate = maltodextrin + alpha-D-glucose 1-phosphate.",627.7532989147,0.0682154548589442,-5.70794088724799
"GO:0008194","UDP-glycosyltransferase activity",0.725567761210051,0.0329630456268892,0.0514194254638382,"Catalysis of the transfer of a glycosyl group from a UDP-sugar to a small hydrophobic molecule.",26.082491498504,0.340237512843851,2.13253310943125
"GO:0008195","phosphatidate phosphatase activity",-0.277465025501011,0.0290183507450826,0.0456373614626244,"Catalysis of the reaction: a 1,2-diacylglycerol 3-phosphate + H2O = a 1,2-diacyl-sn-glycerol + phosphate.",225.765516394311,0.127088816864969,-2.1832371434838
"GO:0008199","ferric iron binding",-0.0555149679474693,0.463286995613631,0.544937129809899,"Binding to a ferric iron ion, Fe(III).",573.021060766196,0.0756906922313908,-0.73344510812184
"GO:0008201","heparin binding",-0.0584023473141202,0.00852763719152499,0.0145980412637388,"Binding to heparin, a member of a group of glycosaminoglycans found mainly as an intracellular component of mast cells and which consist predominantly of alternating alpha-(1->4)-linked D-galactose and N-acetyl-D-glucosamine-6-sulfate residues.",17952.0462922963,0.0222025668693567,-2.63043222244385
"GO:0008202","steroid metabolic process",0.0102897403950332,0.941181618942603,0.964036927804735,"The chemical reactions and pathways involving steroids, compounds with a 1,2,cyclopentanoperhydrophenanthrene nucleus.",151.277903076986,0.139456092273941,0.073784803713132
"GO:0008203","cholesterol metabolic process",1.09444004703519,1.02577900919966e-68,1.45192478550475e-67,"The chemical reactions and pathways involving cholesterol, cholest-5-en-3 beta-ol, the principal sterol of vertebrates and the precursor of many steroids, including bile acids and steroid hormones. It is a component of the plasma membrane lipid bilayer and of plasma lipoproteins and can be found in all animal tissues.",1400.28973430431,0.0624715351456,17.5190195740256
"GO:0008217","regulation of blood pressure",1.612197398368,0.0842746418694263,0.120908312722871,"Any process that modulates the force with which blood travels through the circulatory system. The process is controlled by a balance of processes that increase pressure and decrease pressure.",2.80473510357035,0.93384677168185,1.72640463859445
"GO:0008233","peptidase activity",0.0679069816099078,0.0870746983511361,0.124502060218675,"Catalysis of the hydrolysis of a peptide bond. A peptide bond is a covalent bond formed when the carbon atom from the carboxyl group of one amino acid shares electrons with the nitrogen atom from the amino group of a second amino acid.",1839.48140025091,0.0396876695029261,1.71103474858611
"GO:0008234","cysteine-type peptidase activity",0.114317433355859,7.75318144234537e-05,0.000168224893641012,"Catalysis of the hydrolysis of peptide bonds in a polypeptide chain by a mechanism in which the sulfhydryl group of a cysteine residue at the active center acts as a nucleophile.",4595.5101267461,0.0289271780435929,3.95190409460555
"GO:0008236","serine-type peptidase activity",0.0450985080690115,0.0580238354686559,0.0857549187129609,"Catalysis of the hydrolysis of peptide bonds in a polypeptide chain by a catalytic mechanism that involves a catalytic triad consisting of a serine nucleophile that is activated by a proton relay involving an acidic residue (e.g. aspartate or glutamate) and a basic residue (usually histidine).",9416.76254301468,0.0237921838590534,1.89551780266067
"GO:0008237","metallopeptidase activity",0.0277356872199979,0.986767432414471,0.998402578166606,"Catalysis of the hydrolysis of peptide bonds by a mechanism in which water acts as a nucleophile, one or two metal ions hold the water molecule in place, and charged amino acid side chains are ligands for the metal ions.",1.73739056969405,1.6723029721725,0.0165853243589984
"GO:0008241","peptidyl-dipeptidase activity",-2.86873718024116,0.124395854593918,0.172259262861834,"Catalysis of the release of C-terminal dipeptides from a polypeptide chain.",0.862509247186965,1.86696078271516,-1.53658138231972
"GO:0008250","oligosaccharyltransferase complex",-0.262168229490835,2.77994170523589e-10,8.82966424147965e-10,"A protein complex that is found in the endoplasmic reticulum membrane of eukaryotes and transfers lipid-linked oligosaccharide precursor to asparagine residues on nascent proteins. In yeast, the complex includes at least nine different subunits, whereas in mammalian cells at least three different forms of the complex have been detected.",3558.28962814219,0.0415442459115245,-6.31057860694275
"GO:0008253","5'-nucleotidase activity",1.37227131524359,1.10580322605657e-132,2.53493369973186e-131,"Catalysis of the reaction: a 5'-ribonucleotide + H2O = a ribonucleoside + phosphate.",2323.5177433441,0.0559841208094446,24.5117954056015
"GO:0008265","Mo-molybdopterin cofactor sulfurase activity",-0.0189937124691694,0.917620473082471,0.943109930668095,"Catalysis of the sulfurylation of the desulfo form of molybdenum cofactor (MoCo), a cofactor required for the activity of some enzymes, such as aldehyde oxidase.",83.9343776377249,0.183635577880916,-0.103431550075151
"GO:0008270","zinc ion binding",0.15040442919932,6.52711292603997e-19,3.11440750249283e-18,"Binding to a zinc ion (Zn).",44321.452954923,0.0169323340046922,8.882675545949
"GO:0008271","secondary active sulfate transmembrane transporter activity",0.349252293970474,0.48239832554066,0.564269588777178,"Enables the secondary active transfer of sulfate from one side of a membrane to the other. Secondary active transport is the transfer of a solute across a membrane, up its concentration gradient. The transporter binds the solute and undergoes a series of conformational changes. Transport works equally well in either direction and is driven by a chemiosmotic source of energy. Secondary active transporters include symporters and antiporters.",13.6850672163359,0.497191396753271,0.702450396871587
"GO:0008272","sulfate transport",-1.38842720825485,0.301752471930368,0.377235307232452,"The directed movement of sulfate into, out of or within a cell, or between cells, by means of some agent such as a transporter or pore.",2.13166853226879,1.34448594905698,-1.03268257227135
"GO:0008276","protein methyltransferase activity",0.144934560002962,0.0360611565152251,0.0556756801541799,"Catalysis of the transfer of a methyl group (CH3-) to a protein.",518.791366490046,0.0691403442146158,2.09623717742967
"GO:0008277","regulation of G protein-coupled receptor signaling pathway",0.719599138801609,0.345760556208006,0.423639234432918,"Any process that modulates the frequency, rate or extent of G protein-coupled receptor signaling pathway.",4.13374753784015,0.76322161575135,0.942844285264645
"GO:0008281","sulfonylurea receptor activity",2.1661758036459,9.60041319202028e-14,3.72192489374463e-13,"Combining with sulfonylurea, and transmitting the signal from one side of the membrane to the other to initiate a change in cell activity.",33.7479032567249,0.290906853540755,7.44628659407788
"GO:0008283","cell population proliferation",0.00308973033690402,0.938568064739697,0.961827040104967,"The multiplication or reproduction of cells, resulting in the expansion of a cell population.",5872.43191990914,0.0400900574663018,0.077069740783014
"GO:0008284","positive regulation of cell population proliferation",0.305552005912643,5.37469463188434e-54,5.99747670827729e-53,"Any process that activates or increases the rate or extent of cell proliferation.",46196.1312962997,0.0197489095640235,15.4718418716781
"GO:0008285","negative regulation of cell population proliferation",-0.198107622655883,0.000713929387468919,0.00140980999828834,"Any process that stops, prevents or reduces the rate or extent of cell proliferation.",789.386588043669,0.0585394446514693,-3.38417324994063
"GO:0008286","insulin receptor signaling pathway",-0.408003164560561,3.47187154274395e-61,4.43768308099818e-60,"The series of molecular signals generated as a consequence of the insulin receptor binding to insulin.",9612.15772130807,0.0247224701634831,-16.5033332778863
"GO:0008289","lipid binding",-0.185843432336912,3.81277755304479e-40,3.26875929242743e-39,"Binding to a lipid.",39630.794364233,0.0140125609290362,-13.262631525963
"GO:0008290","F-actin capping protein complex",-0.145307577840005,5.03246345305683e-07,1.30226569601189e-06,"A heterodimer consisting of alpha and beta subunits that binds to and caps the barbed ends of actin filaments, thereby regulating the polymerization of actin monomers but not severing actin filaments.",5070.10536729955,0.0289165223967452,-5.02507099043002
"GO:0008299","isoprenoid biosynthetic process",-0.396301059740031,1.55953567523769e-23,8.79428005100612e-23,"The chemical reactions and pathways resulting in the formation of an isoprenoid compound, isoprene (2-methylbuta-1,3-diene) or compounds containing or derived from linked isoprene (3-methyl-2-butenylene) residues.",1796.27113711938,0.0396391625045006,-9.99771525685072
"GO:0008305","integrin complex",-0.49357684881775,6.83703702199584e-29,4.53437455326706e-28,"A protein complex that is composed of one alpha subunit and one beta subunit, both of which are members of the integrin superfamily of cell adhesion receptors; the complex spans the plasma membrane and binds to extracellular matrix ligands, cell-surface ligands, and soluble ligands.",3443.52691179028,0.0442506542491409,-11.1541141525005
"GO:0008324","cation transmembrane transporter activity",-0.423845797735745,8.45232697320014e-13,3.09478430320818e-12,"Enables the transfer of cation from one side of a membrane to the other.",1301.67857511679,0.0592491947622373,-7.15361279485075
"GO:0008327","methyl-CpG binding",-0.145920954830111,0.0306239635326065,0.0480550142040679,"Binding to a methylated cytosine/guanine dinucleotide.",633.215124466503,0.0674958474417401,-2.16192492369348
"GO:0008333","endosome to lysosome transport",0.0414626661572126,0.141050801996279,0.192790759177027,"The directed movement of substances from endosomes to lysosomes.",4837.810226364,0.028169692605257,1.47188919446976
"GO:0008349","MAP kinase kinase kinase kinase activity",0.0326620543639386,0.386423655343101,0.466495414492616,"Catalysis of the phosphorylation of serine and threonine residues in a mitogen-activated protein kinase kinase kinase (MAPKKK), resulting in activation of MAPKKK. MAPKKK signaling pathways relay, amplify and integrate signals from the plasma membrane to the nucleus in response to a diverse range of extracellular stimuli.",2982.25045158998,0.0377107167692471,0.866121282281602
"GO:0008352","katanin complex",0.118498300733078,0.0277014987931387,0.0437293869421629,"A complex possessing an activity that couples ATP hydrolysis to the severing of microtubules; usually a heterodimer comprising a catalytic subunit (often 60kDa) and a regulatory subunit (often 80 kDa).",870.160262710027,0.0538264589220891,2.20148795046314
"GO:0008353","RNA polymerase II CTD heptapeptide repeat kinase activity",0.386888667158297,8.71294523188888e-12,2.99765114095492e-11,"Catalysis of the reaction: ATP + (DNA-directed RNA polymerase II) = ADP + phospho-(DNA-directed RNA polymerase II); phosphorylation occurs on residues in the carboxy-terminal domain (CTD) repeats.",2007.34977335255,0.0566761453482409,6.82630522561297
"GO:0008360","regulation of cell shape",-0.282549394766471,4.83193369032322e-07,1.25191009249283e-06,"Any process that modulates the surface configuration of a cell.",1170.75575650565,0.0561408206120973,-5.03286898349302
"GO:0008373","sialyltransferase activity",-0.389401060049721,4.35941743348111e-11,1.44332988496258e-10,"Catalysis of the transfer of sialic acid to an acceptor molecule, typically the terminal portions of the sialylated glycolipids (gangliosides) or to the N- or O-linked sugar chains of glycoproteins.",1353.51002311301,0.0590778832357509,-6.59131706692692
"GO:0008374","O-acyltransferase activity",0.989032921367564,0.746792258874954,0.805438767078732,"Catalysis of the transfer of an acyl group to an oxygen atom on the acceptor molecule.",0.400443412003425,3.06323630082833,0.322871898945609
"GO:0008375","acetylglucosaminyltransferase activity",2.39918104266907,7.68171254901164e-13,2.82242713691038e-12,"Catalysis of the transfer of an N-acetylglucosaminyl residue from UDP-N-acetyl-glucosamine to a sugar.",27.8035545059587,0.334767057413125,7.16671784018557
"GO:0008376","acetylgalactosaminyltransferase activity",0.839125442160675,4.48665225713496e-56,5.11478357313386e-55,"Catalysis of the transfer of an N-acetylgalactosaminyl residue from UDP-N-acetyl-galactosamine to an oligosaccharide.",1228.49282967221,0.0531869540897704,15.7769035005159
"GO:0008380","RNA splicing",0.185949085747628,9.69634392475959e-12,3.33055200933518e-11,"The process of removing sections of the primary RNA transcript to remove sequences not present in the mature form of the RNA and joining the remaining sections to form the mature form of the RNA.",7944.29247411604,0.0273015326447877,6.81093945043151
"GO:0008381","mechanosensitive ion channel activity",0.722493319141964,0.193443501524249,0.254664384965444,"Enables the transmembrane transfer of an ion by a channel that opens in response to a mechanical stress.",7.66151424444528,0.555567686221081,1.30045957866322
"GO:0008384","IkappaB kinase activity",0.14035599754442,0.000368415631756122,0.000747104391705444,"Catalysis of the reaction: ATP + IkappaB protein = ADP + IkappaB phosphoprotein.",1992.91501792401,0.0394066643125712,3.56173251384905
"GO:0008406","gonad development",-0.027326978617546,0.931084577226177,0.954621960802142,"The process whose specific outcome is the progression of the gonad over time, from its formation to the mature structure. The gonad is an animal organ that produces gametes; in some species it also produces hormones.",29.7900943041742,0.315990616549335,-0.0864803484228761
"GO:0008408","3'-5' exonuclease activity",0.381864904263884,1.08870376712667e-12,3.9724502506404e-12,"Catalysis of the hydrolysis of ester linkages within nucleic acids by removing nucleotide residues from the 3' end.",854.455989838718,0.0536417484361063,7.11880047531879
"GO:0008417","fucosyltransferase activity",0.187621847066204,0.785439697820368,0.839155178674345,"Catalysis of the transfer of a fucosyl group to an acceptor molecule, typically another carbohydrate or a lipid.",4.99661300173426,0.689185382330491,0.272237124983351
"GO:0008430","selenium binding",1.09644903503598,1.04216696405288e-06,2.64492193404033e-06,"Binding to a selenium (Se) ion.",52.92396910765,0.22452093648311,4.88350463974862
"GO:0008437","thyrotropin-releasing hormone activity",-2.41541405066757,0.196514170968219,0.258404861375725,"The action characteristic of thyrotropin-releasing hormone (TRH), a hormone released by the mammalian hypothalamus into the hypophyseal-portal circulation in response to neural and/or chemical stimuli. Upon receptor binding, TRH increases the secretion of thyroid-stimulating hormone by the anterior pituitary.",1.13084402518534,1.87017166498562,-1.2915467044498
"GO:0008442","3-hydroxyisobutyrate dehydrogenase activity",0.118972011054032,0.024095477728896,0.0384529937586025,"Catalysis of the reaction: 3-hydroxy-2-methylpropanoate + NAD+ = 2-methyl-3-oxopropanoate + NADH + H+.",1029.69422257701,0.0527450920931583,2.25560343783083
"GO:0008444","CDP-diacylglycerol-glycerol-3-phosphate 3-phosphatidyltransferase activity",0.955412019430579,7.16723923735268e-120,1.51157075515768e-118,"Catalysis of the reaction: sn-glycerol 3-phosphate + CDP-diacylglycerol = 3-(3-sn-phosphatidyl)-sn-glycerol 1-phosphate + CMP + H(+).",2376.28769604645,0.0410410731976175,23.2794112091114
"GO:0008448","N-acetylglucosamine-6-phosphate deacetylase activity",-0.262748164538219,0.112093563521762,0.15645620480966,"Catalysis of the reaction: N-acetyl-D-glucosamine 6-phosphate + H2O = D-glucosamine 6-phosphate + acetate.",91.1665975802947,0.165369703363737,-1.58885309215494
"GO:0008483","transaminase activity",-0.24799188412907,0.000142380281959174,0.000299381869044764,"Catalysis of the transfer of an amino group to an acceptor, usually a 2-oxo acid.",700.630591694402,0.0651924612198684,-3.80399634388233
"GO:0008484","sulfuric ester hydrolase activity",0.0639131722298904,0.0102024359903902,0.0172411358202988,"Catalysis of the reaction: RSO-R' + H2O = RSOOH + R'H. This reaction is the hydrolysis of a sulfuric ester bond, an ester formed from sulfuric acid, O=SO(OH)2.",5382.94591976772,0.0248796686070844,2.56889162147809
"GO:0008494","translation activator activity",-0.0763040770431291,0.0489532826396153,0.0737973360164036,"Any of a group of soluble proteins functioning in the activation of ribosome-mediated translation of mRNA into a polypeptide.",2102.7128698836,0.0387527382873681,-1.96899833186759
"GO:0008527","taste receptor activity",-0.32812548007086,0.000378988205651134,0.00076706921853958,"Combining with soluble compounds to initiate a change in cell activity. These receptors are responsible for the sense of taste.",396.106202477774,0.0923179192659337,-3.55429891271327
"GO:0008532","N-acetyllactosaminide beta-1,3-N-acetylglucosaminyltransferase activity",1.41173361596401,9.342071587057e-156,2.49397835153205e-154,"Catalysis of the reaction: UDP-N-acetyl-D-glucosamine + beta-D-galactosyl-1,4-N-acetyl-D-glucosaminyl-R = UDP + N-acetyl-beta-D-glucosaminyl-1,3-beta-D-galactosyl-1,4-N-acetyl-D-glucosaminyl-R.",1517.0534654936,0.0530966296880913,26.5880080196623
"GO:0008541","proteasome regulatory particle, lid subcomplex",-0.0723677339729278,0.528304438103266,0.609112292237461,"The subcomplex of the proteasome regulatory particle that forms the peripheral lid, which is added on top of the base subcomplex.",224.289909149645,0.114760774561937,-0.630596423291571
"GO:0008543","fibroblast growth factor receptor signaling pathway",0.914382724314386,4.18447314170824e-36,3.28068916574821e-35,"The series of molecular signals generated as a consequence of a fibroblast growth factor receptor binding to one of its physiological ligands.",546.596936355081,0.0728827898248422,12.5459347331778
"GO:0008544","epidermis development",0.0592922705039621,0.0218790012563617,0.0352504305956201,"The process whose specific outcome is the progression of the epidermis over time, from its formation to the mature structure. The epidermis is the outer epithelial layer of an animal, it may be a single layer that produces an extracellular material (e.g. the cuticle of arthropods) or a complex stratified squamous epithelium, as in the case of many vertebrate species.",5839.81494641089,0.0258640151992494,2.29246194170513
"GO:0008556","P-type potassium transmembrane transporter activity",-0.335922427264245,1.06561909107696e-07,2.89612198850684e-07,"Enables the transfer of a solute or solutes from one side of a membrane to the other according to the reaction: ATP + H2O + K+(out) = ADP + phosphate + K+(in).",1083.28384341234,0.0632007765142922,-5.31516297411757
"GO:0008568","microtubule-severing ATPase activity",-0.532529666842309,1.16189772188873e-20,5.96214670429033e-20,"Catalysis of the reaction: ATP + H2O = ADP + phosphate. Catalysis of the severing of a microtubule at a specific spot along its length, coupled to the hydrolysis of ATP.",1103.05031331705,0.057137534109343,-9.32013736930293
"GO:0008569","minus-end-directed microtubule motor activity",-1.03292031130599,2.30608552272829e-48,2.34953351083766e-47,"A motor activity that generates movement along a microtubule toward the minus end, driven by ATP hydrolysis.",1255.99277437271,0.0706829467940035,-14.6134302283167
"GO:0008584","male gonad development",0.893979320037201,0.0163411848866203,0.0268407779796591,"The process whose specific outcome is the progression of the male gonad over time, from its formation to the mature structure.",24.9884886270808,0.372304475886278,2.40120486843212
"GO:0008594","photoreceptor cell morphogenesis",6.61281046551848,6.04614737075594e-07,1.56266235354464e-06,"The process in which the structures of a photoreceptor cell are generated and organized. This process occurs while the initially relatively unspecialized cell is acquiring the specialized features of a photoreceptor cell, a sensory cell that reacts to the presence of light. An example of this is found in Drosophila melanogaster.",4.6266634546483,1.32528230016583,4.98973725423712
"GO:0008608","attachment of spindle microtubules to kinetochore",0.357097922643202,4.5546862635665e-13,1.69116783976439e-12,"The process in which spindle microtubules become physically associated with the proteins making up the kinetochore complex.",5058.16153427933,0.0493367883780483,7.23796449632883
"GO:0008610","lipid biosynthetic process",-0.49617345722251,9.32111003938315e-53,1.01856067736057e-51,"The chemical reactions and pathways resulting in the formation of lipids, compounds soluble in an organic solvent but not, or sparingly, in an aqueous solvent.",3996.23324965521,0.0324570061912941,-15.2870987021471
"GO:0008622","epsilon DNA polymerase complex",-0.177222907207337,0.000237876628072703,0.000491844910397383,"A heterotetrameric DNA polymerase complex that catalyzes processive DNA synthesis in the absence of PCNA, but is further stimulated in the presence of PCNA. The complex contains a large catalytic subunit and three small subunits, and is best characterized in Saccharomyces, in which the subunits are named Pol2p, Dpb2p, Dpb3p, and Dpb4p. Some evidence suggests that DNA polymerase epsilon is the leading strand polymerase; it is also involved in nucleotide-excision repair and mismatch repair.",1398.12150967642,0.0482243036274223,-3.67497079017562
"GO:0008625","extrinsic apoptotic signaling pathway via death domain receptors",1.78238007089289,1.32683323900858e-06,3.32338634331247e-06,"A series of molecular signals in which a signal is conveyed from the cell surface to trigger the apoptotic death of a cell. The pathway starts with a ligand binding to a death domain receptor on the cell surface, and ends when the execution phase of apoptosis is triggered.",20.9023755495683,0.368588429764974,4.83569186376631
"GO:0008641","ubiquitin-like modifier activating enzyme activity",-0.306150232953536,3.2640643191881e-22,1.77878853983662e-21,"Catalysis of the activation of small proteins, such as ubiquitin or ubiquitin-like proteins, through the formation of an ATP-dependent high-energy thiolester bond.",3844.66172000919,0.0315882648787811,-9.69189773887161
"GO:0008643","carbohydrate transport",0.161387269888726,0.208016877871592,0.271813875731839,"The directed movement of carbohydrate into, out of or within a cell, or between cells, by means of some agent such as a transporter or pore. Carbohydrates are a group of organic compounds based of the general formula Cx(H2O)y.",195.896139767626,0.128183077970845,1.25903724924934
"GO:0008654","phospholipid biosynthetic process",0.116523753395654,0.000865664362170937,0.00169045012946158,"The chemical reactions and pathways resulting in the formation of a phospholipid, a lipid containing phosphoric acid as a mono- or diester.",2672.93985329117,0.0349826884328645,3.3308976129515
"GO:0008670","2,4-dienoyl-CoA reductase (NADPH) activity",0.23992393405136,0.00275640339237385,0.00505940361576715,"Catalysis of the reaction: trans-2,3-didehydroacyl-CoA + NADP+ = trans,trans-2,3,4,5-tetradehydroacyl-CoA + NADPH + H+.",785.888624615335,0.0801436424361688,2.99367394291381
"GO:0008887","glycerate kinase activity",-0.0425139783071757,0.857377156634816,0.892501689705245,"Catalysis of the reaction: D-glycerate + ATP = 3-phospho-D-glycerate + ADP + 2 H(+).",43.0550324397407,0.23656473493829,-0.179713930388931
"GO:0008942","nitrite reductase [NAD(P)H] activity",0.135305973098031,0.440779324997919,0.521370497151212,"Catalysis of the reaction: ammonium hydroxide + 3 NAD(P)+ + H2O = nitrite + 3 NAD(P)H + 3 H+.",87.5999550135577,0.175521931856312,0.770877870742652
"GO:0009055","electron transfer activity",-0.0531518232723283,0.136188444834885,0.186507422179722,"Any molecular entity that serves as an electron acceptor and electron donor in an electron transport chain. An electron transport chain is a process in which a series of electron carriers operate together to transfer electrons from donors to any of several different terminal electron acceptors to generate a transmembrane electrochemical gradient.",2495.73488206409,0.0356691056933781,-1.49013613431289
"GO:0009056","catabolic process",0.221183320653095,0.0923990354514493,0.131668625518315,"The chemical reactions and pathways resulting in the breakdown of substances, including the breakdown of carbon compounds with the liberation of energy for use by the cell or organism.",158.013021774401,0.131431714418107,1.68287632579662
"GO:0009058","biosynthetic process",0.213455707122439,3.86320407397095e-06,9.30079610959444e-06,"The chemical reactions and pathways resulting in the formation of substances; typically the energy-requiring part of metabolism in which simpler substances are transformed into more complex ones.",1251.98202511881,0.0462164456129044,4.61860933465724
"GO:0009081","branched-chain amino acid metabolic process",0.25310372170998,8.34768423522312e-12,2.88138560590598e-11,"The chemical reactions and pathways involving amino acids containing a branched carbon skeleton, comprising isoleucine, leucine and valine.",2201.29774046149,0.0370443608267554,6.83244942175315
"GO:0009086","methionine biosynthetic process",0.027583963577362,0.987174520513532,0.998402578166606,"The chemical reactions and pathways resulting in the formation of methionine (2-amino-4-(methylthio)butanoic acid), a sulfur-containing, essential amino acid found in peptide linkage in proteins.",0.995322595212084,1.71594916598994,0.0160750470492223
"GO:0009117","nucleotide metabolic process",0.506350080809912,1.55213263957123e-07,4.15412149347172e-07,"The chemical reactions and pathways involving a nucleotide, a nucleoside that is esterified with (ortho)phosphate or an oligophosphate at any hydroxyl group on the glycose moiety; may be mono-, di- or triphosphate; this definition includes cyclic nucleotides (nucleoside cyclic phosphates).",256.905603051985,0.096516291422524,5.24626540604673
"GO:0009143","nucleoside triphosphate catabolic process",-0.142889126984816,0.0050914242148343,0.00892586339907359,"The chemical reactions and pathways resulting in the breakdown of a nucleoside triphosphate, a compound consisting of a nucleobase linked to a deoxyribose or ribose sugar esterified with triphosphate on the sugar.",1139.58190782071,0.0510101182512942,-2.8011918396443
"GO:0009156","ribonucleoside monophosphate biosynthetic process",-0.291162957633922,6.04102980815814e-14,2.35935775285287e-13,"The chemical reactions and pathways resulting in the formation of a ribonucleoside monophosphate, a compound consisting of a nucleobase linked to a ribose sugar esterified with phosphate on the sugar.",2723.43530296805,0.038784549355814,-7.50718939551828
"GO:0009225","nucleotide-sugar metabolic process",0.613644034961247,2.79724935774695e-05,6.30951753528163e-05,"The cellular chemical reactions and pathways involving nucleotide-sugars, any nucleotide-carbohydrate in which the distal phosphoric residue of a nucleoside 5'-diphosphate is in glycosidic linkage with a monosaccharide or monosaccharide derivative.",137.549102787176,0.146476304481924,4.1893740911314
"GO:0009231","riboflavin biosynthetic process",0.189982472028007,0.00172981573774396,0.0032719115613471,"The chemical reactions and pathways resulting in the formation of riboflavin (vitamin B2), the precursor for the coenzymes flavin mononucleotide (FMN) and flavin adenine dinucleotide (FAD).",830.074684544518,0.0606375830196875,3.13308121081153
"GO:0009247","glycolipid biosynthetic process",1.61211082346225,0.126128525392104,0.174201087132906,"The chemical reactions and pathways resulting in the formation of glycolipid, a class of 1,2-di-O-acylglycerols joined at oxygen 3 by a glycosidic linkage to a carbohydrate part (usually a mono-, di- or tri-saccharide).",2.33676138546318,1.05397823195171,1.52954849976078
"GO:0009249","protein lipoylation",0.548991840384917,2.75298050944741e-06,6.69669653336169e-06,"The lipoylation of peptidyl-lysine to form peptidyl-N6-lipoyl-L-lysine.",190.905074317609,0.117094823299562,4.68843818125451
"GO:0009253","peptidoglycan catabolic process",-0.586766921947552,7.65589817796489e-17,3.3920775750689e-16,"The chemical reactions and pathways resulting in the breakdown of peptidoglycans, any of a class of glycoconjugates found in bacterial cell walls.",690.231113001425,0.0703857692041547,-8.33644255908647
"GO:0009263","deoxyribonucleotide biosynthetic process",-0.394991580389624,1.96668854715555e-08,5.65088030783522e-08,"The chemical reactions and pathways resulting in the formation of a deoxyribonucleotide, a compound consisting of deoxyribonucleoside (a base linked to a deoxyribose sugar) esterified with a phosphate group at either the 3' or 5'-hydroxyl group of the sugar.",604.92903120268,0.0703469592139416,-5.61490624190823
"GO:0009266","response to temperature stimulus",1.21434838606377,9.06583631999503e-06,2.13153275349716e-05,"Any process that results in a change in state or activity of a cell or an organism (in terms of movement, secretion, enzyme production, gene expression, etc.) as a result of a temperature stimulus.",40.4016323753227,0.273604625247658,4.4383328131408
"GO:0009267","cellular response to starvation",0.989019991441347,0.798338797322019,0.849065316970317,"Any process that results in a change in state or activity of a cell (in terms of movement, secretion, enzyme production, gene expression, etc.) as a result of deprivation of nourishment.",0.267094249600872,3.87095609846864,0.255497599632454
"GO:0009298","GDP-mannose biosynthetic process",0.0993148291030925,0.181688812026065,0.241146447176193,"The chemical reactions and pathways resulting in the formation of GDP-mannose, a substance composed of mannose in glycosidic linkage with guanosine diphosphate.",1025.31061163079,0.0743612019892211,1.33557320815616
"GO:0009308","amine metabolic process",0.242486244571585,0.352775268711465,0.430557315805834,"The chemical reactions and pathways involving any organic compound that is weakly basic in character and contains an amino or a substituted amino group. Amines are called primary, secondary, or tertiary according to whether one, two, or three carbon atoms are attached to the nitrogen atom.",41.0765815325467,0.26095686413391,0.929219644696346
"GO:0009311","oligosaccharide metabolic process",-0.371707793008247,1.18234755178664e-08,3.45848957935926e-08,"The chemical reactions and pathways involving oligosaccharides, molecules with between two and (about) 20 monosaccharide residues connected by glycosidic linkages.",622.172234471441,0.0651861375625044,-5.70225214911424
"GO:0009312","oligosaccharide biosynthetic process",0.469799721735223,7.43915313684611e-05,0.000161744061501118,"The chemical reactions and pathways resulting in the formation of oligosaccharides, molecules with between two and (about) 20 monosaccharide residues connected by glycosidic linkages.",170.278978658228,0.118582842872717,3.96178494590058
"GO:0009331","glycerol-3-phosphate dehydrogenase complex",0.0199373617417138,0.9252984300576,0.949612841358384,"An enzyme complex that catalyzes the dehydrogenation of sn-glycerol 3-phosphate to form glycerone phosphate.",61.2431826414222,0.212638578892173,0.0937617333862255
"GO:0009374","biotin binding",5.23482661713718,3.38442416963017e-53,3.73704218520944e-52,"Binding to biotin (cis-tetrahydro-2-oxothieno(3,4-d)imidazoline-4-valeric acid), the (+) enantiomer of which is very widely distributed in cells and serves as a carrier in a number of enzymatic beta-carboxylation reactions.",71.2695766457257,0.340965534006416,15.3529494774058
"GO:0009395","phospholipid catabolic process",0.100185974928827,0.0347466476566561,0.0538809422891162,"The chemical reactions and pathways resulting in the breakdown of phospholipids, any lipid containing phosphoric acid as a mono- or diester.",3105.94549580168,0.0474522984346996,2.11129867748546
"GO:0009396","folic acid-containing compound biosynthetic process",-0.104082845343842,0.398056604717603,0.477803858480037,"The chemical reactions and pathways resulting in the formation of folic acid and its derivatives.",241.689057800462,0.123160806432102,-0.845097140551956
"GO:0009408","response to heat",-0.322254082978707,1.05039362797068e-20,5.40312234485408e-20,"Any process that results in a change in state or activity of a cell or an organism (in terms of movement, secretion, enzyme production, gene expression, etc.) as a result of a heat stimulus, a temperature stimulus above the optimal temperature for that organism.",3614.32803896643,0.0345364651448681,-9.33083573049432
"GO:0009410","response to xenobiotic stimulus",-0.563516046009768,6.26690578246155e-18,2.88578696401996e-17,"Any process that results in a change in state or activity of a cell or an organism (in terms of movement, secretion, enzyme production, gene expression, etc.) as a result of a stimulus from a xenobiotic, a compound foreign to the organim exposed to it. It may be synthesized by another organism (like ampicilin) or it can be a synthetic chemical.",704.38583453224,0.0653157298381004,-8.62757022552712
"GO:0009411","response to UV",0.36997530285971,5.37305698849825e-06,1.2789816240116e-05,"Any process that results in a change in state or activity of a cell or an organism (in terms of movement, secretion, enzyme production, gene expression, etc.) as a result of an ultraviolet radiation (UV light) stimulus. Ultraviolet radiation is electromagnetic radiation with a wavelength in the range of 10 to 380 nanometers.",362.30872186148,0.0813191833585695,4.54966820348327
"GO:0009451","RNA modification",0.324865891431264,4.64798018326827e-33,3.38020351948717e-32,"The covalent alteration of one or more nucleotides within an RNA molecule to produce an RNA molecule with a sequence that differs from that coded genetically.",4717.21626311986,0.0271224597593177,11.9777444344685
"GO:0009566","fertilization",1.05970480323422,0.0156703170406628,0.0258192958115295,"The union of gametes of opposite sexes during the process of sexual reproduction to form a zygote. It involves the fusion of the gametic nuclei (karyogamy) and cytoplasm (plasmogamy).",16.6958462729555,0.438527900679743,2.41650485999092
"GO:0009611","response to wounding",-1.26327781974468,1.99448027523809e-192,6.47132138534944e-191,"Any process that results in a change in state or activity of a cell or an organism (in terms of movement, secretion, enzyme production, gene expression, etc.) as a result of a stimulus indicating damage to the organism.",2042.52937421471,0.0426923608265219,-29.5902544457061
"GO:0009617","response to bacterium",0.336513795610716,3.51037354279037e-05,7.85921210376316e-05,"Any process that results in a change in state or activity of a cell or an organism (in terms of movement, secretion, enzyme production, gene expression, etc.) as a result of a stimulus from a bacterium.",449.101488548647,0.0813317000547499,4.13754778744556
"GO:0009791","post-embryonic development",-0.401227000910516,1.35578643010705e-47,1.36159694337893e-46,"The process whose specific outcome is the progression of the organism over time, from the completion of embryonic development to the mature structure. See embryonic development.",8136.04225861314,0.0276855790416952,-14.4922741296563
"GO:0009838","abscission",-0.385267135677641,2.12175655423404e-08,6.0798703435864e-08,"The controlled shedding of a body part.",500.029579705409,0.0687759815852202,-5.60176862325487
"GO:0009887","animal organ morphogenesis",0.415516215069634,2.88549234390154e-18,1.33747326445898e-17,"Morphogenesis of an animal organ. An organ is defined as a tissue or set of tissues that work together to perform a specific function or functions. Morphogenesis is the process in which anatomical structures are generated and organized. Organs are commonly observed as visibly distinct structures, but may also exist as loosely associated clusters of cells that work together to perform a specific function or functions.",1119.7893534492,0.0476735535841736,8.71586411816328
"GO:0009897","external side of plasma membrane",0.107477045578794,0.0169442437315009,0.0277880326825314,"The leaflet of the plasma membrane that faces away from the cytoplasm and any proteins embedded or anchored in it or attached to its surface.",2149.59248333657,0.0450087333490879,2.3879153573419
"GO:0009922","fatty acid elongase activity",-0.782263611019524,6.11246539255553e-36,4.73940790915427e-35,"Catalysis of the reaction: fatty acid (C-16 or longer) + 2-C = fatty acid (C-16 or longer + 2-C).",745.205305375521,0.0625016738453545,-12.5158825818817
"GO:0009952","anterior/posterior pattern specification",1.00077755871124,3.42825491916529e-157,9.26947387758923e-156,"The regionalization process in which specific areas of cell differentiation are determined along the anterior-posterior axis. The anterior-posterior axis is defined by a line that runs from the head or mouth of an organism to the tail or opposite end of the organism.",2299.43072767506,0.0374656750396104,26.7118517857526
"GO:0009966","regulation of signal transduction",-0.268682034793731,7.31018854639532e-26,4.50794960361045e-25,"Any process that modulates the frequency, rate or extent of signal transduction.",5706.11803037418,0.0255504552333612,-10.5157435489804
"GO:0009982","pseudouridine synthase activity",0.382812472056224,2.50783853748174e-11,8.46245036087839e-11,"Catalysis of the reaction: RNA uridine = RNA pseudouridine. Conversion of uridine in an RNA molecule to pseudouridine by rotation of the C1'-N-1 glycosidic bond of uridine in RNA to a C1'-C5.",797.708456466635,0.0573681639143408,6.672907862762
"GO:0009986","cell surface",-1.05422155024999,0,0,"The external part of the cell wall and/or plasma membrane.",42673.9049437002,0.0211834656005232,-49.7662455299077
"GO:0010008","endosome membrane",0.218362450634022,2.46507542862569e-10,7.84139378427085e-10,"The lipid bilayer surrounding an endosome.",3082.05446988311,0.0345010437997138,6.32915490620122
"GO:0010038","response to metal ion",-1.88451181655227,2.14477151942303e-33,1.57059831057749e-32,"Any process that results in a change in state or activity of a cell or an organism (in terms of movement, secretion, enzyme production, gene expression, etc.) as a result of a metal ion stimulus.",133.326010740105,0.1564987566373,-12.0417047205033
"GO:0010133","proline catabolic process to glutamate",0.190178921579578,0.000644842862937009,0.00127817067475014,"The chemical reactions and pathways resulting in the breakdown of proline into other compounds, including glutamate.",2919.28739974066,0.0557379894221889,3.41201617695721
"GO:0010142","farnesyl diphosphate biosynthetic process, mevalonate pathway",-0.455258210737966,2.65010889787845e-88,4.36646848877004e-87,"The pathway that converts acetate, in the form of acetyl-CoA, to farnesyl diphosphate (FPP) through a series of mevalonate intermediates. Farnesyl diphosphate is an important substrate for other essential pathways, such as biosynthesis of sterols.",7457.05962046564,0.0228526235985368,-19.9214855473801
"GO:0010165","response to X-ray",-0.69697291061635,0.128545028340492,0.177306386376781,"Any process that results in a change in state or activity of a cell or an organism (in terms of movement, secretion, enzyme production, gene expression, etc.) as a result of X-ray radiation. An X-ray is a form of electromagnetic radiation with a wavelength in the range of 10 nanometers to 100 picometers (corresponding to frequencies in the range 30 PHz to 3 EHz).",12.9211823190273,0.458575682118348,-1.51986452355421
"GO:0010181","FMN binding",0.177007116551752,3.88045848124853e-07,1.01160530741077e-06,"Binding to flavin mono nucleotide. Flavin mono nucleotide (FMN) is the coenzyme or the prosthetic group of various flavoprotein oxidoreductase enzymes.",2569.38308047601,0.0348801027097484,5.07473037062706
"GO:0010314","phosphatidylinositol-5-phosphate binding",0.204722190013504,6.39220530457823e-06,1.5164410559455e-05,"Binding to phosphatidylinositol-5-phosphate, a derivative of phosphatidylinositol in which the inositol ring is phosphorylated at the 5' position.",1587.85787585194,0.0453629397220122,4.51298331342849
"GO:0010389","regulation of G2/M transition of mitotic cell cycle",-0.354116141785223,1.99162567556448e-07,5.29009892917567e-07,"Any signalling pathway that modulates the activity of a cell cycle cyclin-dependent protein kinase to modulate the switch from G2 phase to M phase of the mitotic cell cycle.",620.332270255896,0.0680977191310329,-5.20011751206874
"GO:0010466","negative regulation of peptidase activity",0.0327319869213247,0.488318233601912,0.57056130452434,"Any process that stops or reduces the rate of peptidase activity, the hydrolysis of peptide bonds within proteins.",2511.97324565191,0.0472332472947729,0.692986165381583
"GO:0010467","gene expression",-0.703082955062661,3.98467332883268e-34,2.94865826333618e-33,"The process in which a gene's sequence is converted into a mature gene product or products (proteins or RNA). This includes the production of an RNA transcript as well as any processing to produce a mature RNA product or an mRNA or circRNA (for protein-coding genes) and the translation of that mRNA or circRNA into protein. Protein maturation is included when required to form an active form of a product from an inactive precursor form.",891.717499328675,0.057725532254746,-12.179756991411
"GO:0010468","regulation of gene expression",0.609635425132147,0.00175934388904466,0.00331883386582754,"Any process that modulates the frequency, rate or extent of gene expression. Gene expression is the process in which a gene's coding sequence is converted into a mature gene product or products (proteins or RNA). This includes the production of an RNA transcript as well as any processing to produce a mature RNA product or an mRNA or circRNA (for protein-coding genes) and the translation of that mRNA or circRNA into protein. Protein maturation is included when required to form an active form of a product from an inactive precursor form.",65.8002807154731,0.194889388917749,3.12810989103894
"GO:0010494","cytoplasmic stress granule",0.551182511158098,0.00400655587410331,0.00714875324744828,"A dense aggregation in the cytosol composed of proteins and RNAs that appear when the cell is under stress.",73.570521092085,0.19153943215967,2.87764511434191
"GO:0010595","positive regulation of endothelial cell migration",-0.399240474691317,1.06724654894618e-77,1.60773069409107e-76,"Any process that increases the rate, frequency, or extent of the orderly movement of an endothelial cell into the extracellular matrix to form an endothelium.",12251.436631832,0.0213966792069152,-18.6589923992638
"GO:0010628","positive regulation of gene expression",0.250353825034933,1.49721093273665e-14,5.99168473840909e-14,"Any process that increases the frequency, rate or extent of gene expression. Gene expression is the process in which a gene's coding sequence is converted into a mature gene product or products (proteins or RNA). This includes the production of an RNA transcript as well as any processing to produce a mature RNA product or an mRNA or circRNA (for protein-coding genes) and the translation of that mRNA or circRNA into protein. Protein maturation is included when required to form an active form of a product from an inactive precursor form.",4927.46288982338,0.0325652054637048,7.68777047373344
"GO:0010629","negative regulation of gene expression",-1.14199780359287,0.180251675260182,0.239389661916703,"Any process that decreases the frequency, rate or extent of gene expression. Gene expression is the process in which a gene's coding sequence is converted into a mature gene product or products (proteins or RNA). This includes the production of an RNA transcript as well as any processing to produce a mature RNA product or an mRNA or circRNA (for protein-coding genes) and the translation of that mRNA or circRNA into protein. Protein maturation is included when required to form an active form of a product from an inactive precursor form.",5.32320479963471,0.852249550613297,-1.33998052890854
"GO:0010632","regulation of epithelial cell migration",-0.104961634585333,0.0503797164600173,0.0757311632317723,"Any process that modulates the frequency, rate or extent of epithelial cell migration.",924.631156255786,0.0536414633600583,-1.95672578655801
"GO:0010637","negative regulation of mitochondrial fusion",-0.189279023969245,0.0141099824424996,0.0233946171157482,"Any process that decreases the frequency, rate or extent of merging of two or more mitochondria within a cell to form a single compartment.",420.62011282864,0.0771166385094272,-2.45445117458155
"GO:0010719","negative regulation of epithelial to mesenchymal transition",0.121862687773898,0.0274223100070538,0.0433210874942895,"Any process that decreases the rate, frequency, or extent of epithelial to mesenchymal transition. Epithelial to mesenchymal transition where an epithelial cell loses apical/basolateral polarity, severs intercellular adhesive junctions, degrades basement membrane components and becomes a migratory mesenchymal cell.",1007.54343213524,0.0552551688870425,2.20545317711399
"GO:0010738","regulation of protein kinase A signaling",0.3588756401273,4.42124058813654e-09,1.31700514129661e-08,"Any process that modulates the rate, frequency, or extent of protein kinase A signaling. PKA signaling is the series of reactions, mediated by the intracellular serine/threonine kinase protein kinase A, which occurs as a result of a single trigger reaction or compound.",783.967516666544,0.0611621587929088,5.86760911011055
"GO:0010750","positive regulation of nitric oxide mediated signal transduction",-0.309732422466816,0.610680026416147,0.689836194810742,"Any process that increases the rate, frequency or extent of nitric oxide mediated signal transduction. Nitric oxide mediated signal transduction is a series of molecular signals mediated by the detection of nitric oxide (NO).",7.45821797738537,0.608388518890268,-0.509103003836732
"GO:0010811","positive regulation of cell-substrate adhesion",-0.684636095609676,4.26654730080394e-166,1.21596598072912e-164,"Any process that increases the frequency, rate or extent of cell-substrate adhesion. Cell-substrate adhesion is the attachment of a cell to the underlying substrate via adhesion molecules.",5880.84611528489,0.0249251031832241,-27.4677336569853
"GO:0010825","positive regulation of centrosome duplication",0.198264810541708,0.000823622172671042,0.00161133502983602,"Any process that increases the frequency, rate or extent of centrosome duplication. Centrosome duplication is the replication of a centrosome, a structure comprised of a pair of centrioles and peri-centriolar material from which a microtubule spindle apparatus is organized.",3107.68416361867,0.0592767466026736,3.34473165119298
"GO:0010842","retina layer formation",-1.72299788484195,3.33206079693939e-118,6.88952570661291e-117,"The process in which the vertebrate retina is organized into three laminae: the outer nuclear layer (ONL), which contains photoreceptor nuclei; the inner nuclear layer (INL), which contains amacrine, bipolar and horizontal cells; and the retinal ganglion cell (RGC) layer. Between the inner and outer nuclear layers, the outer plexiform layer (OPL) contains connections between the photoreceptors and bipolar and horizontal cells. The inner plexiform layer (IPL) is positioned between the INL and the ganglion cell layer and contains the dendrites of RGCs and processes of bipolar and amacrine cells. Spanning all layers of the retina are the radially oriented Mueller glia.",1950.2287793265,0.074542798456751,-23.1142098299625
"GO:0010898","positive regulation of triglyceride catabolic process",-0.063745612934013,0.38720509940784,0.466904262236211,"Any process that increases the frequency, rate, or extent of the chemical reactions and pathways resulting in the breakdown of triglyceride.",507.352713355579,0.0737201709264069,-0.864697031123934
"GO:0010921","regulation of phosphatase activity",2.8850344635755,0.334682769684094,0.412293201672754,"Any process that modulates the rate or frequency of phosphatase activity. Phosphatases catalyze the hydrolysis of phosphoric monoesters, releasing inorganic phosphate.",0.335559451028892,2.99052647712554,0.964724601384757
"GO:0010923","negative regulation of phosphatase activity",0.268106919253961,1.62707977429551e-07,4.349190423307e-07,"Any process that decreases the rate or frequency of phosphatase activity. Phosphatases catalyze the hydrolysis of phosphoric monoesters, releasing inorganic phosphate.",1223.9045959702,0.0511892185790965,5.23756616522066
"GO:0010951","negative regulation of endopeptidase activity",-0.376148434473196,2.66372864645987e-13,1.01221688565475e-12,"Any process that decreases the frequency, rate or extent of endopeptidase activity, the endohydrolysis of peptide bonds within proteins.",3560.99845605966,0.0514539658418337,-7.31038761189861
"GO:0010961","cellular magnesium ion homeostasis",0.305538537470251,7.46155067671611e-13,2.75112069531368e-12,"Any process involved in the maintenance of an internal steady state of magnesium ions at the level of a cell.",4807.50083614397,0.0426093069537613,7.17069953289347
"GO:0010976","positive regulation of neuron projection development",0.0141857695290268,0.766194953053567,0.822343590834592,"Any process that increases the rate, frequency or extent of neuron projection development. Neuron projection development is the process whose specific outcome is the progression of a neuron projection over time, from its formation to the mature structure. A neuron projection is any process extending from a neural cell, such as axons or dendrites (collectively called neurites).",1326.97500407796,0.0477063968338835,0.297355710564822
"GO:0014032","neural crest cell development",0.105926854316042,0.00168593733713167,0.00319464676011743,"The process aimed at the progression of a neural crest cell over time, from initial commitment of the cell to its specific fate, to the fully functional differentiated cell.",5705.56122756713,0.0337280653249529,3.14061459782796
"GO:0014059","regulation of dopamine secretion",0,1,1,"Any process that modulates the frequency, rate or extent of the regulated release of dopamine.",0.398638845292594,2.71306298415163,0
"GO:0014065","phosphatidylinositol 3-kinase signaling",-0.183169269722318,0.330744704106115,0.40830478812073,"A series of reactions within the signal-receiving cell, mediated by the intracellular phosphatidylinositol 3-kinase (PI3K). Many cell surface receptor linked signaling pathways signal through PI3K to regulate numerous cellular functions.",73.674966260392,0.18832660102815,-0.972614961042801
"GO:0014069","postsynaptic density",-0.203058535785495,2.20725413146626e-10,7.0497051192414e-10,"An electron dense network of proteins within and adjacent to the postsynaptic membrane of an asymmetric, neuron-neuron synapse. Its major components include neurotransmitter receptors and the proteins that spatially and functionally organize them such as anchoring and scaffolding molecules, signaling enzymes and cytoskeletal components.",35574.3343425939,0.0319969652884224,-6.34618108170928
"GO:0014706","striated muscle tissue development",-1.26869431682631,0,0,"The process whose specific outcome is the progression of a striated muscle over time, from its formation to the mature structure. Striated muscle contain fibers that are divided by transverse bands into striations, and cardiac and skeletal muscle are types of striated muscle. Skeletal muscle myoblasts fuse to form myotubes and eventually multinucleated muscle fibers. The fusion of cardiac cells is very rare and can only form binucleate cells.",4782.99734655869,0.0301404975154007,-42.0926799956786
"GO:0015016","[heparan sulfate]-glucosamine N-sulfotransferase activity",-1.34236471205659,6.0241161187624e-119,1.25790701925445e-117,"Catalysis of the reaction: 3'-phosphoadenylyl sulfate + [heparan sulfate]-glucosamine = adenosine 3',5'-bisphosphate + [heparan sulfate]-N-sulfoglucosamine.",985.749235178558,0.0578906088841115,-23.1879528982639
"GO:0015018","galactosylgalactosylxylosylprotein 3-beta-glucuronosyltransferase activity",-0.141156998532087,0.590466460654633,0.670233458299581,"Catalysis of the reaction: UDP-glucuronate + 3-beta-D-galactosyl-4-beta-D-galactosyl-O-beta-D-xylosylprotein = UDP + 3-beta-D-glucuronosyl-3-beta-D-galactosyl-4-beta-D-galactosyl-O-beta-D-xylosylprotein.",32.75400634608,0.262295503954064,-0.538160191098085
"GO:0015026","coreceptor activity",0.512590772489828,0.648392837773159,0.724290516347241,"Combining with an extracellular or intracellular messenger, and in cooperation with a nearby primary receptor, initiating a change in cell activity.",1.86282845547166,1.12411237418241,0.455996023407042
"GO:0015031","protein transport",-0.384400682388508,1.2749516740996e-38,1.06279568406168e-37,"The directed movement of proteins into, out of or within a cell, or between cells, by means of some agent such as a transporter or pore.",6916.76041344499,0.0295764608188178,-12.9968451852067
"GO:0015035","protein-disulfide reductase activity",-0.337971239609281,2.88199950630756e-34,2.16303806363083e-33,"Catalysis of the reaction: a protein with reduced sulfide groups = a protein with oxidized disulfide bonds.",11122.0942420079,0.0276885980710492,-12.2061521042721
"GO:0015074","DNA integration",-0.123949559817324,0.200165199191945,0.262276769218518,"The process in which a DNA segment is incorporated into another, usually larger, DNA molecule such as a chromosome.",253.480352719714,0.0967538781562988,-1.28108104997189
"GO:0015075","ion transmembrane transporter activity",0.414228697351424,4.31006738069941e-13,1.60883754086638e-12,"Enables the transfer of an ion from one side of a membrane to the other.",2055.25143136864,0.0571708748112871,7.24544969302522
"GO:0015171","amino acid transmembrane transporter activity",0.875126863159782,0.379767004562926,0.459511539083885,"Enables the transfer of amino acids from one side of a membrane to the other. Amino acids are organic molecules that contain an amino group and a carboxyl group.",3.13246738645142,0.996358053584298,0.878325678215377
"GO:0015267","channel activity",-0.622586427154716,8.00440444924505e-11,2.60916367595947e-10,"Enables the energy-independent facilitated diffusion, mediated by passage of a solute through a transmembrane aqueous pore or channel. Stereospecificity is not exhibited but this transport may be specific for a particular molecular species or class of molecules.",348.676021726367,0.0957748984366495,-6.50051774856778
"GO:0015269","calcium-activated potassium channel activity",-2.86849876292973,0.110806658533813,0.154947188212465,"Enables the calcium concentration-regulatable energy-independent passage of potassium ions across a lipid bilayer down a concentration gradient.",0.794374678599009,1.79890789170778,-1.59457789704093
"GO:0015276","ligand-gated ion channel activity",-1.43833967738149,0.00163421406568799,0.00310221193927631,"Enables the transmembrane transfer of an ion by a channel that opens when a specific ligand has been bound by the channel complex or one of its constituent parts.",11.8880578863679,0.456654909820216,-3.14973001811754
"GO:0015278","calcium-release channel activity",0.626840520950644,8.86962737026453e-37,7.08562277419996e-36,"Enables the transmembrane transfer of a calcium ion from intracellular stores by a channel that opens when a specific intracellular ligand has been bound by the channel complex or one of its constituent parts.",2931.34556818056,0.0494813134195107,12.6682272080409
"GO:0015293","symporter activity",0.981763319672709,0.10337811754426,0.145420635300562,"Enables the active transport of a solute across a membrane by a mechanism whereby two or more species are transported together in the same direction in a tightly coupled process not directly linked to a form of energy other than chemiosmotic energy.",10.21039244118,0.602792289290271,1.62869256477822
"GO:0015297","antiporter activity",0.027382663812826,0.910086121348192,0.937255369567616,"Enables the active transport of a solute across a membrane by a mechanism whereby two or more species are transported in opposite directions in a tightly coupled process not directly linked to a form of energy other than chemiosmotic energy. The reaction is: solute A(out) + solute B(in) = solute A(in) + solute B(out).",40.7116668224672,0.242474852140148,0.112929912405923
"GO:0015299","solute:proton antiporter activity",-0.0409065190348782,0.625589362842655,0.703662915325419,"Enables the transfer of a solute or solutes from one side of a membrane to the other according to the reaction: solute(out) + H+(in) = solute(in) + H+(out).",409.969697805987,0.0838344193783227,-0.487944204041992
"GO:0015377","cation:chloride symporter activity",0.679337836730552,1.91538560119688e-05,4.36236310250996e-05,"Enables the transfer of a solute or solutes from one side of a membrane to the other according to the reaction: cation(out) + Cl-(out) = cation(in) + Cl-(in).",104.250002537998,0.158926806315302,4.27453273919558
"GO:0015379","potassium:chloride symporter activity",-0.295146578960274,9.49882799395341e-20,4.68061407459059e-19,"Enables the transfer of a solute or solutes from one side of a membrane to the other according to the reaction: K+(out) + Cl-(out) = K+(in) + Cl-(in).",5604.86893087331,0.0324531642391782,-9.09453934245235
"GO:0015385","sodium:proton antiporter activity",0.40585226795121,1.03901474548111e-07,2.82746077189634e-07,"Enables the transfer of a solute or solutes from one side of a membrane to the other according to the reaction: Na+(out) + H+(in) = Na+(in) + H+(out).",448.747168960265,0.0762913928973005,5.31976481930992
"GO:0015440","ABC-type peptide transporter activity",3.2688212371666,0,0,"Catalysis of the reaction: ATP + H2O + peptide(in) = ADP + phosphate + peptide(out). Peptides exported include alpha-hemolysin, cyclolysin, colicin V and siderophores from Gram-negative bacteria, and bacteriocin, subtilin, competence factor and pediocin from Gram-positive bacteria.",873.411836280786,0.0818852419659207,39.9195405507507
"GO:0015467","G-protein activated inward rectifier potassium channel activity",0.0839416567454474,0.831236489877357,0.87391712719409,"Enables the transmembrane transfer of a potassium ion by an inwardly-rectifying voltage-gated channel, where the inward rectification is due to a voltage-dependent block of the channel pore by a G protein. An inwardly rectifying current-voltage relation is one where at any given driving force the inward flow of K+ ions exceeds the outward flow for the opposite driving force.",19.1427799822542,0.393877790273875,0.213115993890085
"GO:0015485","cholesterol binding",0.043349907006248,0.576443867312174,0.65782370259151,"Binding to cholesterol (cholest-5-en-3-beta-ol); the principal sterol of vertebrates and the precursor of many steroids, including bile acids and steroid hormones.",446.424544618919,0.0776064172326443,0.558586629199696
"GO:0015616","DNA translocase activity",-0.221278684631054,9.61273798592794e-07,2.44550837301834e-06,"Generation of movement along a single- or double-stranded DNA molecule, driven by ATP hydrolysis.",1828.68557976712,0.0451644006989752,-4.89940486769428
"GO:0015629","actin cytoskeleton",-0.200391132289429,1.48168546230114e-29,1.00156238461317e-28,"The part of the cytoskeleton (the internal framework of a cell) composed of actin and associated proteins. Includes actin cytoskeleton-associated complexes.",12929.9409150773,0.0177504957239282,-11.2893259662205
"GO:0015630","microtubule cytoskeleton",-0.116004774339334,7.51620312673045e-06,1.77709331774378e-05,"The part of the cytoskeleton (the internal framework of a cell) composed of microtubules and associated proteins.",12026.5911949216,0.0259024750130859,-4.47852084716726
"GO:0015631","tubulin binding",-0.565817045659662,1.00046499046974e-30,6.96363255742803e-30,"Binding to monomeric or multimeric forms of tubulin, including microtubules.",2932.73817209537,0.0490996813698,-11.5238435336911
"GO:0015643","toxic substance binding",0.0613263583788121,0.20679267736791,0.270381746167962,"Binding to a toxic substance, a poisonous substance that causes damage to biological systems.",1701.62136337637,0.0485778746024861,1.2624339553891
"GO:0015658","branched-chain amino acid transmembrane transporter activity",-0.135705087091514,0.0741128787323022,0.107573338779371,"Enables the transfer of branched-chain amino acids from one side of a membrane to the other. Branched-chain amino acids are amino acids with a branched carbon skeleton without rings.",909.539958097595,0.0759862702999833,-1.78591588395863
"GO:0015671","oxygen transport",-0.363572917945406,0.338533740865992,0.416307673169899,"The directed movement of oxygen (O2) into, out of or within a cell, or between cells, by means of some agent such as a transporter or pore.",16.1150798930745,0.379882647108723,-0.95706640119666
"GO:0015693","magnesium ion transport",-0.269011758422667,4.43026783190327e-13,1.65078354372509e-12,"The directed movement of magnesium (Mg) ions into, out of or within a cell, or between cells, by means of some agent such as a transporter or pore.",1953.15488664693,0.0371474904266206,-7.24172091662721
"GO:0015696","GO_0015696",0.576387784569075,1.48344434243428e-09,4.49509212384181e-09,"Go 0015696",306.615216361642,0.095331312681307,6.04615386442797
"GO:0015701","bicarbonate transport",0.764273530610376,0.153071083323519,0.207339058914131,"The directed movement of bicarbonate into, out of or within a cell, or between cells, by means of some agent such as a transporter or pore.",11.3362905065736,0.534918071779077,1.42876745231001
"GO:0015718","monocarboxylic acid transport",0.435529372914583,0.068762836121902,0.100429931704357,"The directed movement of monocarboxylic acids into, out of or within a cell, or between cells, by means of some agent such as a transporter or pore.",40.3464548185719,0.23930516111215,1.81997484254204
"GO:0015732","prostaglandin transport",-0.0217071411506501,0.96470370214029,0.985259132113255,"The directed movement of prostaglandins into, out of or within a cell, or between cells, by means of some agent such as a transporter or pore.",10.8628602831776,0.490537048654215,-0.044251787322086
"GO:0015770","sucrose transport",0.161390518487501,0.00147350935887683,0.00281233596187442,"The directed movement of sucrose into, out of or within a cell, or between cells by means of some agent such as a transporter or pore. Sucrose is the disaccharide fructofuranosyl-glucopyranoside.",1105.32615651384,0.0507541178496513,3.17985072591721
"GO:0015858","nucleoside transport",-0.964347600930525,1.24309783351951e-64,1.6385583318079e-63,"The directed movement of a nucleoside, a nucleobase linked to either beta-D-ribofuranose (ribonucleoside) or 2-deoxy-beta-D-ribofuranose, (a deoxyribonucleotide), into, out of or within a cell, or between cells, by means of some agent such as a transporter or pore.",860.70443694303,0.0568076036231044,-16.9756782442115
"GO:0015860","purine nucleoside transmembrane transport",0,1,1,"The process in which a purine nucleoside is transported across a membrane. A purine nucleoside is a purine base covalently bonded to a ribose or deoxyribose sugar.",0.335385259542322,3.13282402116836,0
"GO:0015886","heme transport",0.112510253243397,0.0994029813273369,0.140793074291037,"The directed movement of heme, any compound of iron complexed in a porphyrin (tetrapyrrole) ring, into, out of or within a cell, or between cells, by means of some agent such as a transporter or pore.",584.715234009638,0.068280940698474,1.64775487994868
"GO:0015888","thiamine transport",-0.86577290425775,0.344036123268002,0.422089693991982,"The directed movement of thiamine into, out of or within a cell, or between cells, by means of some agent such as a transporter or pore. Thiamine is vitamin B1, a water soluble vitamin present in fresh vegetables and meats, especially liver.",2.86290521313664,0.914980058179089,-0.946220517615142
"GO:0015889","cobalamin transport",0.855974612533683,1.68265863920958e-06,4.17497302363883e-06,"The directed movement of cobalamin (vitamin B12), a water-soluble vitamin characterized by possession of a corrin nucleus containing a cobalt atom, into, out of or within a cell, or between cells, by means of some agent such as a transporter or pore.",76.0244084399739,0.178766711438202,4.78822150750132
"GO:0015908","fatty acid transport",-0.0839537583903687,0.0867870210750192,0.124174916856998,"The directed movement of fatty acids into, out of or within a cell, or between cells, by means of some agent such as a transporter or pore. Fatty acids are aliphatic monocarboxylic acids liberated from naturally occurring fats and oils by hydrolysis.",1967.90914954438,0.0490213648601654,-1.71259528635828
"GO:0015914","phospholipid transport",-0.301574440250708,2.46533284808461e-26,1.53828017059481e-25,"The directed movement of phospholipids into, out of or within a cell, or between cells, by means of some agent such as a transporter or pore. Phospholipids are any lipids containing phosphoric acid as a mono- or diester.",6733.32463625144,0.0284029629168469,-10.6177105935604
"GO:0015923","mannosidase activity",-0.113182564660867,0.151877107444551,0.205853997172595,"Catalysis of the hydrolysis of mannosyl compounds, substances containing a group derived from a cyclic form of mannose or a mannose derivative.",680.539558912633,0.078986664677604,-1.43293257314813
"GO:0015929","hexosaminidase activity",-0.43313733891042,0.0523815249030317,0.0783493872485772,"Catalysis of the cleavage of hexosamine or N-acetylhexosamine residues (e.g. N-acetylglucosamine) residues from gangliosides or other glycoside oligosaccharides.",56.3452416389611,0.223268407245384,-1.93998490092859
"GO:0015935","small ribosomal subunit",0.0434130806704721,0.544095228711108,0.624223968220582,"The smaller of the two subunits of a ribosome.",1885.92378078506,0.0715641248797646,0.606631894729527
"GO:0015937","coenzyme A biosynthetic process",0.498965431587723,4.12329347559485e-10,1.29212866865223e-09,"The chemical reactions and pathways resulting in the formation of coenzyme A, 3'-phosphoadenosine-(5')diphospho(4')pantatheine, an acyl carrier in many acylation and acyl-transfer reactions in which the intermediate is a thiol ester.",414.92660462082,0.0798435713893737,6.24928748683366
"GO:0016010","dystrophin-associated glycoprotein complex",0.207757787621008,0.598381892301835,0.678123272898748,"A multiprotein complex that forms a strong mechanical link between the cytoskeleton and extracellular matrix; typical of, but not confined to, muscle cells. The complex is composed of transmembrane, cytoplasmic, and extracellular proteins, including dystrophin, sarcoglycans, dystroglycan, dystrobrevins, syntrophins, sarcospan, caveolin-3, and NO synthase.",16.195218599848,0.394430235415277,0.52672885840577
"GO:0016012","sarcoglycan complex",-0.0494547890178147,0.277526060692784,0.349852039450736,"A protein complex formed of four sarcoglycans plus sarcospan; there are six known sarcoglycans: alpha-, beta-, gamma-, delta-, epsilon- and zeta-sarcoglycan; all are N-glycosylated single-pass transmembrane proteins. The sarcoglycan-sarcospan complex is a subcomplex of the dystrophin glycoprotein complex, and is fixed to the dystrophin axis by a lateral association with the dystroglycan complex.",1238.79591698786,0.045542941029103,-1.08589361820555
"GO:0016020","membrane",-0.0183514389878723,0.0508348885834874,0.0762808301881311,"A lipid bilayer along with all the proteins and protein complexes embedded in it an attached to it.",371323.383412252,0.00939715907835958,-1.95287095119345
"GO:0016021","integral component of membrane",-0.205553413474414,6.67663533926472e-78,1.01302330435319e-76,"The component of a membrane consisting of the gene products and protein complexes having at least some part of their peptide sequence embedded in the hydrophobic region of the membrane.",105322.159328379,0.0110015493761528,-18.6840422604453
"GO:0016032","viral process",-0.100564176133187,0.779754202605253,0.834348865192531,"A multi-organism process in which a virus is a participant. The other participant is the host. Includes infection of a host cell, replication of the viral genome, and assembly of progeny virus particles. In some cases the viral genetic material may integrate into the host genome and only subsequently, under particular circumstances, 'complete' its life cycle.",24.5971491583533,0.35962095734677,-0.27963936494451
"GO:0016042","lipid catabolic process",-1.03685128684926,0.107934219023601,0.151351906862216,"The chemical reactions and pathways resulting in the breakdown of lipids, compounds soluble in an organic solvent but not, or sparingly, in an aqueous solvent.",7.25975170139125,0.644989336040452,-1.60754795298543
"GO:0016043","cellular component organization",0.678020237933251,7.0034279877586e-83,1.10225594225245e-81,"A process that results in the assembly, arrangement of constituent parts, or disassembly of a cellular component.",4744.20416319838,0.035155572858875,19.2862804612807
"GO:0016051","carbohydrate biosynthetic process",-0.464363358955929,3.40305147212901e-56,3.90056280147831e-55,"The chemical reactions and pathways resulting in the formation of carbohydrates, any of a group of organic compounds based of the general formula Cx(H2O)y.",3514.52448529419,0.0294006072798365,-15.7943458288496
"GO:0016055","Wnt signaling pathway",-1.13905673061564,1.03370548786496e-316,5.58996121590675e-315,"The series of molecular signals initiated by binding of a Wnt protein to a frizzled family receptor on the surface of the target cell and ending with a change in cell state.",3707.49440154436,0.0299395676505534,-38.0451963739224
"GO:0016075","rRNA catabolic process",0.267605901140159,5.26931777731429e-08,1.46609382484905e-07,"The chemical reactions and pathways resulting in the breakdown of rRNA, ribosomal RNA, a structural constituent of ribosomes.",1390.20841371574,0.0491744116303483,5.44197464225488
"GO:0016079","synaptic vesicle exocytosis",0.980820802668471,0.00124960563872832,0.00241117867527725,"Fusion of intracellular membrane-bounded vesicles with the pre-synaptic membrane of the neuronal cell resulting in release of neurotransmitter into the synaptic cleft.",28.144694406066,0.30391291690961,3.22730870619819
"GO:0016180","snRNA processing",0.116323361745359,4.83828350227308e-05,0.000106735773078388,"Any process involved in the conversion of a primary small nuclear RNA (snRNA) transcript into a mature snRNA molecule.",3913.64006884064,0.0286277733113342,4.06330455674332
"GO:0016192","vesicle-mediated transport",-0.227447944605764,1.66925769456504e-26,1.05088491875751e-25,"A cellular transport process in which transported substances are moved in membrane-bounded vesicles; transported substances are enclosed in the vesicle lumen or located in the vesicle membrane. The process begins with a step that directs a substance to the forming vesicle, and includes vesicle budding and coating. Vesicles are then targeted to, and fuse with, an acceptor membrane.",8523.70047325045,0.0213484797719198,-10.6540581360239
"GO:0016197","endosomal transport",-0.14835365742478,0.0131344887819865,0.0218115250718186,"The directed movement of substances mediated by an endosome, a membrane-bounded organelle that carries materials enclosed in the lumen or located in the endosomal membrane.",1461.45701709286,0.0598175684105939,-2.48010177221623
"GO:0016206","catechol O-methyltransferase activity",-0.266103760528433,0.100250745508395,0.141578609853379,"Catalysis of the reaction: S-adenosyl-L-methionine + a catechol = S-adenosyl-L-homocysteine + a guaiacol.",110.230456257919,0.161899129490374,-1.64363922997038
"GO:0016208","AMP binding",0.0273874049654929,0.967709697686576,0.986912220290175,"Binding to AMP, adenosine monophosphate.",5.33768102894431,0.67655052187853,0.040480945738462
"GO:0016209","antioxidant activity",0.743556899313651,0.00177979687183774,0.00335142107384445,"Inhibition of the reactions brought about by dioxygen (O2) or peroxides. Usually the antioxidant is effective because it can itself be more easily oxidized than the substance protected. The term is often applied to components that can trap free radicals, thereby breaking the chain reaction that normally leads to extensive biological damage.",42.4210477650913,0.237960196963193,3.12471122819192
"GO:0016226","iron-sulfur cluster assembly",-0.123541855700842,0.00268385188724652,0.00493913056736728,"The incorporation of iron and exogenous sulfur into a metallo-sulfur cluster.",1934.20177791907,0.041155874420917,-3.00180368997465
"GO:0016236","macroautophagy",-0.00566529890253224,0.980865913144829,0.995877170699044,"The major inducible pathway for the general turnover of cytoplasmic constituents in eukaryotic cells, it is also responsible for the degradation of active cytoplasmic enzymes and organelles during nutrient starvation. Macroautophagy involves the formation of double-membrane-bounded autophagosomes which enclose the cytoplasmic constituent targeted for degradation in a membrane-bounded structure.  Autophagosomes then fuse with a lysosome (or vacuole) releasing single-membrane-bounded autophagic bodies that are then degraded within the lysosome (or vacuole). Some types of macroautophagy, e.g. pexophagy, mitophagy, involve selective targeting of the targets to be degraded.",40.7015192462171,0.236218287121803,-0.0239833205615068
"GO:0016242","negative regulation of macroautophagy",-2.42085039657478,6.04474065126822e-63,7.8693568108177e-62,"Any process that stops, prevents, or reduces the frequency, rate or extent of macroautophagy.",226.301814357392,0.144561913590483,-16.7461147715062
"GO:0016255","attachment of GPI anchor to protein",0.629199822994053,6.44377828549437e-31,4.49997629275087e-30,"A transamidation reaction that results in the cleavage of the polypeptide chain and the concomitant transfer of the GPI anchor to the newly formed carboxy-terminal amino acid of the anchored protein. The cleaved C-terminal contains the C-terminal GPI signal sequence of the newly synthesized polypeptide chain.",2374.49009792096,0.0544211547681288,11.5616771763641
"GO:0016272","prefoldin complex",0.000727665466178567,0.987199083586123,0.998402578166606,"A multisubunit chaperone that is capable of delivering unfolded proteins to cytosolic chaperonin, which it acts as a cofactor for. In humans, the complex is a heterohexamer of two PFD-alpha and four PFD-beta type subunits. In Saccharomyces cerevisiae, it also acts in the nucleus to regulate the rate of elongation by RNA polymerase II via a direct effect on histone dynamics.",1617.26583726191,0.0453536382771936,0.0160442578328822
"GO:0016279","protein-lysine N-methyltransferase activity",0.152812166915511,0.0225226391791502,0.0362044558146552,"Catalysis of the transfer of a methyl group from S-adenosyl-L-methionine to the epsilon-amino group of a lysine residue in a protein substrate.",784.443228823813,0.0669806838937022,2.28143634899314
"GO:0016286","small conductance calcium-activated potassium channel activity",-0.410568329003779,0.0176959765616126,0.0289308640065434,"Enables the transmembrane transfer of potassium by a channel with a unit conductance of 2 to 20 picoSiemens that opens in response to stimulus by internal calcium ions. Small conductance calcium-activated potassium channels are more sensitive to calcium than are large conductance calcium-activated potassium channels. Transport by a channel involves catalysis of facilitated diffusion of a solute (by an energy-independent process) involving passage through a transmembrane aqueous pore or channel, without evidence for a carrier-mediated mechanism.",88.0461619742852,0.173095436213341,-2.37191885577937
"GO:0016290","palmitoyl-CoA hydrolase activity",-0.274089907420488,3.86774758392341e-05,8.6136004799308e-05,"Catalysis of the reaction: palmitoyl-CoA + H2O = CoA + palmitate.",747.454658179695,0.0666036070692375,-4.11524119310174
"GO:0016295","myristoyl-[acyl-carrier-protein] hydrolase activity",-0.10597664727452,0.818387213609315,0.865926026177257,"Catalysis of the reaction: myristoyl-[acyl-carrier protein] + H2O = [acyl-carrier protein] + myristate.",9.98835349996416,0.461530946459861,-0.229619807918421
"GO:0016300","tRNA (uracil) methyltransferase activity",0.285147931157375,0.445155068945941,0.525367677899826,"Catalysis of the transfer of a methyl group from a donor to a uracil residue in a tRNA molecule.",18.8006847359448,0.373466333153936,0.763517098714873
"GO:0016301","kinase activity",0.157880060802292,9.16408545252359e-08,2.50350469162853e-07,"Catalysis of the transfer of a phosphate group, usually from ATP, to a substrate molecule.",4956.44551527528,0.0295513637842822,5.34256428754957
"GO:0016310","phosphorylation",0.534566773344965,2.27216593948821e-06,5.57857737646173e-06,"The process of introducing a phosphate group into a molecule, usually with the formation of a phosphoric ester, a phosphoric anhydride or a phosphoric amide.",214.133890510865,0.113074190754931,4.72757549513263
"GO:0016316","phosphatidylinositol-3,4-bisphosphate 4-phosphatase activity",-0.47782301873259,1.05633734610929e-05,2.46439763600055e-05,"Catalysis of the reaction: 1-phosphatidyl-myo-inositol 3,4-bisphosphate + H2O = 1-phosphatidyl-1D-myo-inositol 3-phosphate + phosphate.",203.459331058292,0.108465294829953,-4.4053078865613
"GO:0016323","basolateral plasma membrane",0.013108445683228,0.802138381292715,0.852676333743113,"The region of the plasma membrane that includes the basal end and sides of the cell. Often used in reference to animal polarized epithelial membranes, where the basal membrane is the part attached to the extracellular matrix, or in plant cells, where the basal membrane is defined with respect to the zygotic axis.",1637.13377395909,0.0523122924122675,0.250580601207873
"GO:0016324","apical plasma membrane",0.284412284217937,3.83315732576993e-07,1.00175078067519e-06,"The region of the plasma membrane located at the apical end of the cell.",1013.73903589982,0.0560190680718143,5.07706204346939
"GO:0016358","dendrite development",0.103702446389554,0.535227858755441,0.615482853934146,"The process whose specific outcome is the progression of the dendrite over time, from its formation to the mature structure.",90.3199575105422,0.167249747451009,0.620045458782716
"GO:0016407","acetyltransferase activity",0.705668338059915,1.6782275861063e-11,5.71790303569981e-11,"Catalysis of the transfer of an acetyl group to an acceptor molecule.",212.160434296922,0.104829420954691,6.73158672091601
"GO:0016409","palmitoyltransferase activity",0.0235062276834982,0.502496509553873,0.583760118024045,"Catalysis of the transfer of a palmitoyl (CH3-[CH2]14-CO-) group to an acceptor molecule.",2579.36180384298,0.0350542646867287,0.67056684524886
"GO:0016442","RISC complex",0.111632667270214,0.0346353844734581,0.0537498350658743,"A ribonucleoprotein complex that contains members of the Argonaute family of proteins, small interfering RNAs (siRNAs) or microRNAs (miRNAs), and miRNA or siRNA-complementary mRNAs, in addition to a number of accessory factors. The RISC complex is involved in posttranscriptional repression of gene expression through downregulation of translation or induction of mRNA degradation.",1145.13146960026,0.0528414715892414,2.11259573045165
"GO:0016459","myosin complex",-0.358992756309801,0.0235284439656529,0.0377062981182082,"A protein complex, formed of one or more myosin heavy chains plus associated light chains and other proteins, that functions as a molecular motor; uses the energy of ATP hydrolysis to move actin filaments or to move vesicles or other cargo on fixed actin filaments; has magnesium-ATPase activity and binds actin. Myosin classes are distinguished based on sequence features of the motor, or head, domain, but also have distinct tail regions that are believed to bind specific cargoes.",122.381429105598,0.158513671340156,-2.26474318129592
"GO:0016462","pyrophosphatase activity",-0.425368064782223,4.16176776931621e-42,3.71913907859656e-41,"Catalysis of the hydrolysis of a pyrophosphate bond between two phosphate groups, leaving one phosphate on each of the two fragments.",3702.67268097969,0.0312835518931498,-13.5971793175878
"GO:0016477","cell migration",0.164882192957472,3.60096049230719e-07,9.43406916556008e-07,"The controlled self-propelled movement of a cell from one site to a destination guided by molecular cues. Cell migration is a central process in the development and maintenance of multicellular organisms.",2803.22366800968,0.0324001911731049,5.08892654603655
"GO:0016485","protein processing",-0.261316372661787,0.00392140814948088,0.00700275172502555,"Any protein maturation process achieved by the cleavage of a peptide bond or bonds within a protein. Protein maturation is the process leading to the attainment of the full functional capacity of a protein.",619.708154062041,0.0905959493471293,-2.88441563386595
"GO:0016491","oxidoreductase activity",-0.300137327803054,4.85916439482019e-24,2.78477655127059e-23,"Catalysis of an oxidation-reduction (redox) reaction, a reversible chemical reaction in which the oxidation state of an atom or atoms within a molecule is altered. One substrate acts as a hydrogen or electron donor and becomes oxidized, while the other acts as hydrogen or electron acceptor and becomes reduced.",44753.2851235101,0.0296796237783807,-10.1125718453911
"GO:0016494","C-X-C chemokine receptor activity",0.0274405777794771,0.963498878725042,0.984505394976315,"Combining with a C-X-C chemokine and transmitting the signal from one side of the membrane to the other to initiate a change in cell activity. A C-X-C chemokine has a single amino acid between the first two cysteines of the characteristic four cysteine motif.",7.06365092517056,0.599619211724154,0.0457633398712728
"GO:0016500","protein-hormone receptor activity",0.624497077190555,0.0757484490818072,0.10979620557631,"Combining with a protein hormone to initiate a change in cell activity.",30.1838011044591,0.351649893964622,1.77590577420559
"GO:0016514","SWI/SNF complex",-0.00950207086650579,0.693602730305878,0.761086450684233,"A SWI/SNF-type complex that contains 8 to 14 proteins, including both conserved (core) and nonconserved components; contains the ATPase product of the yeast SNF2 or mammalian SMARCA4/BAF190A/BRG1 gene, or an ortholog thereof.",7344.67994715259,0.0241187296136067,-0.393970620291093
"GO:0016525","negative regulation of angiogenesis",-0.214935354571053,0.244609142132386,0.314369701863011,"Any process that stops, prevents, or reduces the frequency, rate or extent of angiogenesis.",66.6682312590941,0.184724844505962,-1.163543296766
"GO:0016529","sarcoplasmic reticulum",-1.54832171262007,3.33043595486719e-46,3.20725544694744e-45,"A fine reticular network of membrane-limited elements that pervades the sarcoplasm of a muscle cell; continuous over large portions of the cell and with the nuclear envelope; that part of the endoplasmic reticulum specialized for calcium release, uptake and storage.",283.567542002925,0.108496273784719,-14.2707362991312
"GO:0016538","cyclin-dependent protein serine/threonine kinase regulator activity",0.116813588353382,0.000811080605967564,0.0015882720501259,"Modulates the activity of a cyclin-dependent protein serine/threonine kinase, enzymes of the protein kinase family that are regulated through association with cyclins and other proteins.",2889.18969197039,0.0348802915895575,3.34898543073974
"GO:0016540","protein autoprocessing",0.339242535152466,0.00125179610213708,0.00241319742176151,"Processing which a protein carries out itself. This involves actions such as the autolytic removal of residues to generate the mature form of the protein.",238.711215663608,0.105132558005174,3.22680758072841
"GO:0016554","cytidine to uridine editing",0.197300515608906,0.766076811174552,0.822343590834592,"The conversion of a cytosine residue to uridine in an RNA molecule by deamination.",4.93068853851274,0.663171657824388,0.297510476029952
"GO:0016559","peroxisome fission",0.0712049438592689,0.528666665360947,0.609112292237461,"The division of a mature peroxisome within a cell to form two or more separate peroxisome compartments.",318.26228980481,0.113016065344595,0.63004267262499
"GO:0016567","protein ubiquitination",0.64449602256725,3.85768066079389e-296,1.8920577938638e-294,"The process in which one or more ubiquitin groups are added to a protein.",15955.7130072527,0.0175230095199717,36.7799847299455
"GO:0016570","histone modification",0.229752094618975,7.26864031437554e-08,2.00386436902196e-07,"The covalent alteration of one or more amino acid residues within a histone protein.",1969.87131277706,0.0426699471135164,5.38440073543464
"GO:0016571","histone methylation",0.534634013204544,1.16582395776621e-06,2.93754208713135e-06,"The modification of histones by addition of methyl groups.",196.622623103412,0.109976237912145,4.8613593568425
"GO:0016575","histone deacetylation",-0.136739400676779,0.00155064727926431,0.00294888648509326,"The modification of histones by removal of acetyl groups.",6227.2328079258,0.0432031353833064,-3.1650341916993
"GO:0016579","protein deubiquitination",0.337526403206278,6.40235102648278e-21,3.35051074810228e-20,"The removal of one or more ubiquitin groups from a protein.",14093.1848420059,0.0359715003917609,9.38316165659818
"GO:0016589","NURF complex",0.415807749305829,4.75916329063655e-21,2.50301131669638e-20,"An ISWI complex that contains an ATPase subunit of the ISWI family (SNF2L in mammals), a NURF301 homolog (BPTF in humans), and additional subunits, though the composition of these additional subunits varies slightly with species. NURF is involved in regulation of transcription from TRNA polymerase II promoters.",5286.6273020453,0.044167335334732,9.41437254827661
"GO:0016591","RNA polymerase II, holoenzyme",0.349702851576654,1.54828341516411e-24,9.07036034050311e-24,"A nuclear DNA-directed RNA polymerase complex containing an RNA polymerase II core enzyme as well as additional proteins and transcription factor complexes, that are capable of promoter recognition and transcription initiation from an RNA polymerase II promoter in vivo. These additional components may include general transcription factor complexes TFIIA, TFIID, TFIIE, TFIIF, or TFIIH, as well as Mediator, SWI/SNF, GCN5, or SRBs and confer the ability to recognize promoters.",3705.18425154531,0.034204135651556,10.2239932369332
"GO:0016592","mediator complex",0.412156478486535,2.8783295199418e-131,6.52730855651318e-130,"A protein complex that interacts with the carboxy-terminal domain of the largest subunit of RNA polymerase II and plays an active role in transducing the signal from a transcription factor to the transcriptional machinery. The mediator complex is required for activation of transcription of most protein-coding genes, but can also act as a transcriptional corepressor. The Saccharomyces complex contains several identifiable subcomplexes: a head domain comprising Srb2, -4, and -5, Med6, -8, and -11, and Rox3 proteins; a middle domain comprising Med1, -4, and -7, Nut1 and -2, Cse2, Rgr1, Soh1, and Srb7 proteins; a tail consisting of Gal11p, Med2p, Pgd1p, and Sin4p; and a regulatory subcomplex comprising Ssn2, -3, and -8, and Srb8 proteins. Metazoan mediator complexes have similar modular structures and include homologs of yeast Srb and Med proteins.",18520.0890122216,0.0169064244252819,24.378689906199
"GO:0016601","Rac protein signal transduction",-0.303643988224949,7.20897842295157e-25,4.3070072220977e-24,"A series of molecular signals within the cell that are mediated by a member of the Rac family of proteins switching to a GTP-bound active state.",8193.26658278644,0.029486291764062,-10.297801793952
"GO:0016602","CCAAT-binding factor complex",0.0214037131789289,0.780881970199931,0.83470860372613,"A heteromeric transcription factor complex that binds to the CCAAT-box upstream of promoters; functions as both an activator and a repressor, depending on its interacting cofactors. Typically trimeric consisting of NFYA, NFYB and NFYC subunits. In Saccharomyces, it activates the transcription of genes in response to growth in a nonfermentable carbon source and consists of four known subunits: HAP2, HAP3, HAP4 and HAP5.",438.158777994078,0.0769447601636096,0.278169860214232
"GO:0016604","nuclear body",0.0546472149549391,0.00747096665697034,0.0128412947673598,"Extra-nucleolar nuclear domains usually visualized by confocal microscopy and fluorescent antibodies to specific proteins.",23858.889479034,0.0204281943855178,2.67508786746617
"GO:0016607","nuclear speck",-0.0143428181605006,0.390124157264813,0.469856710226089,"A discrete extra-nucleolar subnuclear domain, 20-50 in number, in which splicing factors are seen to be localized by immunofluorescence microscopy.",40576.0131704388,0.0166894902311073,-0.859392225999045
"GO:0016614","oxidoreductase activity, acting on CH-OH group of donors",-0.369748157855129,0.00564476416930739,0.00984682186358087,"Catalysis of an oxidation-reduction (redox) reaction in which a CH-OH group act as a hydrogen or electron donor and reduces a hydrogen or electron acceptor.",140.998106958652,0.133592412466305,-2.76773321949246
"GO:0016620","oxidoreductase activity, acting on the aldehyde or oxo group of donors, NAD or NADP as acceptor",-0.227905928516326,5.40842834496243e-10,1.68235625066752e-09,"Catalysis of an oxidation-reduction (redox) reaction in which an aldehyde or ketone (oxo) group acts as a hydrogen or electron donor and reduces NAD or NADP.",2877.2864101439,0.0367189195127019,-6.20677110167928
"GO:0016641","oxidoreductase activity, acting on the CH-NH2 group of donors, oxygen as acceptor",1.76799067115756,2.27622040076708e-19,1.10104330853619e-18,"Catalysis of an oxidation-reduction (redox) reaction in which a CH-NH2 group acts as a hydrogen or electron donor and reduces an oxygen molecule.",59.9799594158656,0.196463543795533,8.99907757440016
"GO:0016651","oxidoreductase activity, acting on NAD(P)H",-0.287630431445691,3.01225049362347e-13,1.14259645522516e-12,"Catalysis of an oxidation-reduction (redox) reaction in which NADH or NADPH acts as a hydrogen or electron donor and reduces a hydrogen or electron acceptor.",2473.71071033191,0.0394346615969724,-7.29384809701965
"GO:0016701","oxidoreductase activity, acting on single donors with incorporation of molecular oxygen",-0.229573140850618,0.180084525677284,0.239318377223309,"Catalysis of an oxidation-reduction (redox) reaction in which hydrogen or electrons are transferred from one donor, and molecular oxygen is incorporated into a donor.",112.548350684764,0.171259997863961,-1.3404948249093
"GO:0016702","oxidoreductase activity, acting on single donors with incorporation of molecular oxygen, incorporation of two atoms of oxygen",1.27258058296869,2.232465331889e-78,3.43669298171817e-77,"Catalysis of an oxidation-reduction (redox) reaction in which hydrogen or electrons are transferred from one donor, and two oxygen atoms is incorporated into a donor.",638.318535193918,0.0678984193691318,18.7424183772271
"GO:0016706","2-oxoglutarate-dependent dioxygenase activity",0.153940209132909,0.0649882393412867,0.0955789377759928,"Catalysis of the reaction: A + 2-oxoglutarate + O2 = B + succinate + CO2. This is an oxidation-reduction (redox) reaction in which hydrogen or electrons are transferred from 2-oxoglutarate and one other donor, and one atom of oxygen is incorporated into each donor.",411.271827172981,0.0834210995400234,1.84533900873666
"GO:0016709","oxidoreductase activity, acting on paired donors, with incorporation or reduction of molecular oxygen, NAD(P)H as one donor, and incorporation of one atom of oxygen",1.50655445564323,0.563755876763494,0.644772854714864,"Catalysis of an oxidation-reduction (redox) reaction in which hydrogen or electrons are transferred from NADH or NADPH and one other donor, and one atom of oxygen is incorporated into one donor.",0.46701225085628,2.60978367275789,0.577271775959566
"GO:0016712","oxidoreductase activity, acting on paired donors, with incorporation or reduction of molecular oxygen, reduced flavin or flavoprotein as one donor, and incorporation of one atom of oxygen",0.154189368065484,0.051149271979699,0.0766693778288451,"Catalysis of an oxidation-reduction (redox) reaction in which hydrogen or electrons are transferred from reduced flavin or flavoprotein and one other donor, and one atom of oxygen is incorporated into one donor.",496.454132466388,0.0790623362026061,1.95022529653509
"GO:0016714","oxidoreductase activity, acting on paired donors, with incorporation or reduction of molecular oxygen, reduced pteridine as one donor, and incorporation of one atom of oxygen",-1.45357028726357,0.357649026550679,0.436253208210169,"Catalysis of an oxidation-reduction (redox) reaction in which hydrogen or electrons are transferred from reduced pteridine and one other donor, and one atom of oxygen is incorporated into one donor.",2.9466402418312,1.58021836755845,-0.919854063909808
"GO:0016717","oxidoreductase activity, acting on paired donors, with oxidation of a pair of donors resulting in the reduction of molecular oxygen to two molecules of water",-0.410154186516698,1.0873095308677e-56,1.25307967245901e-55,"Catalysis of an oxidation-reduction (redox) reaction in which hydrogen or electrons are transferred from each of two donors, and molecular oxygen is reduced to two molecules of water.",18804.9252674152,0.0258509172432365,-15.8661366889799
"GO:0016740","transferase activity",0.0821510696783996,0.242121411333557,0.311362229574677,"Catalysis of the transfer of a group, e.g. a methyl group, glycosyl group, acyl group, phosphorus-containing, or other groups, from one compound (generally regarded as the donor) to another compound (generally regarded as the acceptor). Transferase is the systematic name for any enzyme of EC class 2.",637.057138410901,0.0702325520644135,1.16970076216304
"GO:0016746","acyltransferase activity",-0.0286502686700259,0.401189344106347,0.481016672382198,"Catalysis of the transfer of an acyl group from one compound (donor) to another (acceptor).",3799.44687002293,0.034127817071741,-0.8394990107278
"GO:0016747","acyltransferase activity, transferring groups other than amino-acyl groups",-0.137496457175052,0.0071614194564441,0.0123494960209653,"Catalysis of the transfer of an acyl group, other than amino-acyl, from one compound (donor) to another (acceptor).",1620.05898569924,0.051128306342113,-2.68924333724311
"GO:0016757","glycosyltransferase activity",-0.468438425530269,3.14506824368227e-57,3.68497162551439e-56,"Catalysis of the transfer of a glycosyl group from one compound (donor) to another (acceptor).",9375.43815107335,0.0293805574124004,-15.9438236298594
"GO:0016758","hexosyltransferase activity",0.560016541871463,3.86081856016961e-34,2.87719658777304e-33,"Catalysis of the transfer of a hexosyl group from one compound (donor) to another (acceptor).",1165.56398301695,0.0459695678504175,12.1823320961756
"GO:0016768","spermine synthase activity",0.23652502005611,4.3862285730488e-06,1.05119955233635e-05,"Catalysis of the reaction: S-adenosylmethioninamine + spermidine = 5'-methylthioadenosine + spermine.",1434.73718609834,0.0515059526021448,4.59218805024608
"GO:0016772","transferase activity, transferring phosphorus-containing groups",0.0369126427862298,0.35126743624367,0.428965271012102,"Catalysis of the transfer of a phosphorus-containing group from one compound (donor) to another (acceptor).",4160.43163810413,0.0396001592575055,0.932133695377339
"GO:0016773","phosphotransferase activity, alcohol group as acceptor",-0.244451679996964,0.0023304628287975,0.00430667791808406,"Catalysis of the transfer of a phosphorus-containing group from one compound (donor) to an alcohol group (acceptor).",412.152358866761,0.0802921624218889,-3.04452729411511
"GO:0016776","phosphotransferase activity, phosphate group as acceptor",-0.356618235994311,3.48881526336217e-05,7.81924696113796e-05,"Catalysis of the transfer of a phosphorus-containing group from one compound (donor) to a phosphate group (acceptor).",355.935919759741,0.0861612842542762,-4.13896147301927
"GO:0016779","nucleotidyltransferase activity",1.02089690908282,6.47655609528679e-183,1.97957344999418e-181,"Catalysis of the transfer of a nucleotidyl group to a reactant.",5463.03461258938,0.0353968028209456,28.8415005797846
"GO:0016787","hydrolase activity",0.372118729954198,4.05932724586181e-20,2.02870169704326e-19,"Catalysis of the hydrolysis of various bonds, e.g. C-O, C-N, C-C, phosphoric anhydride bonds, etc. Hydrolase is the systematic name for any enzyme of EC class 3.",1803.74913590529,0.0405072466150965,9.18647306468653
"GO:0016788","hydrolase activity, acting on ester bonds",0.30239890696175,1.3038815234804e-07,3.51647843097208e-07,"Catalysis of the hydrolysis of any ester bond.",1413.9787029976,0.0572909704710668,5.27829960769242
"GO:0016790","thiolester hydrolase activity",1.19697462739776,0.100149286761416,0.141578609853379,"Catalysis of the reaction: RCO-SR' + H2O = RCOOH + HSR'. This reaction is the hydrolysis of a thiolester bond, an ester formed from a carboxylic acid and a thiol (i.e., RCO-SR'), such as that found in acetyl-coenzyme A.",5.750251227002,0.728029046556932,1.64413031740782
"GO:0016791","phosphatase activity",0.645288957869321,2.17815385096905e-128,4.88694305499332e-127,"Catalysis of the hydrolysis of phosphoric monoesters, releasing inorganic phosphate.",10049.5679443048,0.0267691407016999,24.105703095219
"GO:0016798","hydrolase activity, acting on glycosyl bonds",-0.912436570249701,3.45688449845914e-09,1.03559224534806e-08,"Catalysis of the hydrolysis of any glycosyl bond.",119.195036835176,0.154433415679516,-5.9082845913556
"GO:0016811","hydrolase activity, acting on carbon-nitrogen (but not peptide) bonds, in linear amides",-0.0702691666429961,0.0260198482299953,0.0412910909834914,"Catalysis of the hydrolysis of any non-peptide carbon-nitrogen bond in a linear amide.",3288.12047994171,0.0315686599992996,-2.22591540611971
"GO:0016813","hydrolase activity, acting on carbon-nitrogen (but not peptide) bonds, in linear amidines",-0.240409848578567,0.349748745107583,0.427358113228211,"Catalysis of the hydrolysis of any non-peptide carbon-nitrogen bond in a linear amidine, a compound of the form R-C(=NH)-NH2.",39.6565717733545,0.257101727072293,-0.935076754700164
"GO:0016818","hydrolase activity, acting on acid anhydrides, in phosphorus-containing anhydrides",0.277628796765151,0.00339657321619481,0.00613828013106671,"Catalysis of the hydrolysis of any acid anhydride which contains phosphorus.",253.34111462853,0.0947744546904842,2.92936316723568
"GO:0016829","lyase activity",5.8849934693413,7.64155174209072e-06,1.80268821298315e-05,"Catalysis of the cleavage of C-C, C-O, C-N and other bonds by other means than by hydrolysis or oxidation, or conversely adding a group to a double bond. They differ from other enzymes in that two substrates are involved in one reaction direction, but only one in the other direction. When acting on the single substrate, a molecule is eliminated and this generates either a new double bond or a new ring.",4.01730074642236,1.31508579456981,4.47498824307992
"GO:0016831","carboxy-lyase activity",3.55410574184275,1.19098728835635e-18,5.60667899808826e-18,"Catalysis of the nonhydrolytic addition or removal of a carboxyl group to or from a compound.",29.9224567762464,0.403163235878261,8.81555019296439
"GO:0016836","hydro-lyase activity",0.0925622461228223,0.701134909603743,0.766957222175463,"Catalysis of the cleavage of a carbon-oxygen bond by elimination of water.",38.7658304241156,0.24118009698269,0.383788908292319
"GO:0016846","carbon-sulfur lyase activity",-0.984840959945195,1.8724444886096e-15,7.74310867936792e-15,"Catalysis of the elimination of hydrogen sulfide or substituted H2S.",186.470424657215,0.123886937711804,-7.94951411452441
"GO:0016849","phosphorus-oxygen lyase activity",-0.0955544043387291,0.155338982123665,0.210006354678724,"Catalysis of the cleavage of a phosphorus-oxygen bond by other means than by hydrolysis or oxidation, or conversely adding a group to a double bond.",735.053904429949,0.0672480961309489,-1.4209235626933
"GO:0016857","racemase and epimerase activity, acting on carbohydrates and derivatives",0.0680944665395785,0.495869544001674,0.577464863776659,"Catalysis of a reaction that alters the configuration of one or more chiral centers in a carbohydrate molecule.",288.742507790167,0.0999914228395629,0.681003076122206
"GO:0016868","intramolecular transferase activity, phosphotransferases",0.380743507479083,0.000206858951182167,0.00042939520476692,"Catalysis of the transfer of a phosphate group from one position to another within a single molecule.",235.249395473857,0.102612746058976,3.71048940898876
"GO:0016874","ligase activity",-0.359724391863615,1.65663230718805e-19,8.08758688856388e-19,"Catalysis of the joining of two molecules, or two groups within a single molecule, using the energy from the hydrolysis of ATP, a similar triphosphate, or a pH gradient.",2380.98665534655,0.0398193996222398,-9.03389793106533
"GO:0016887","ATP hydrolysis activity",0.0528412578896169,0.00103220679493846,0.00200638168712,"Catalysis of the reaction: ATP + H2O = ADP + H+ Pi. ATP hydrolysis is used in some reactions as an energy source, for example to catalyze a reaction or drive transport against a concentration gradient.",35885.9019340665,0.0161022950547647,3.28159791569471
"GO:0016918","retinal binding",0.523505575518712,0.0023841148847195,0.00439903612587351,"Binding to retinal, one of the forms of vitamin A. Retinal plays an important role in the visual process in most vertebrates, combining with opsins to form visual pigments in the retina.",112.536940694852,0.172337625795439,3.03767429255467
"GO:0016920","pyroglutamyl-peptidase activity",-0.184735791521811,4.82869325682085e-05,0.000106635749514504,"Catalysis of the release of the N-terminal pyroglutamyl group from a peptide or protein.",1126.67276768836,0.0454592427076809,-4.06376746550153
"GO:0016926","protein desumoylation",0.725343907773178,2.75572995666456e-100,4.96737989624407e-99,"The process in which a SUMO protein (small ubiquitin-related modifier) is cleaved from its target protein.",3426.54883395213,0.0341203209695818,21.2584139645058
"GO:0017015","regulation of transforming growth factor beta receptor signaling pathway",-2.33362754101073,2.44573852004601e-189,7.8152462708743e-188,"Any process that modulates the frequency, rate or extent of activity of any TGF-beta receptor signaling pathway.",700.780835117018,0.0795124521983895,-29.3492085389111
"GO:0017017","MAP kinase tyrosine/serine/threonine phosphatase activity",-1.22181252985502,3.43169634850087e-54,3.84970616967465e-53,"Catalysis of the reaction: MAP kinase serine/threonine/tyrosine phosphate + H2O = MAP kinase serine/threonine/tyrosine + phosphate.",571.756373855681,0.0788230897016169,-15.5006931912992
"GO:0017046","peptide hormone binding",-0.934534256123513,0.630677885434717,0.708630612883227,"Binding to a peptide with hormonal activity in animals.",1.26857815394841,1.94381626166155,-0.480772938551653
"GO:0017053","transcription repressor complex",0.448681026912017,6.62987578338632e-12,2.29973816236213e-11,"A protein complex that possesses activity that prevents or downregulates transcription.",824.111833562031,0.0653538207012792,6.86541386712276
"GO:0017056","structural constituent of nuclear pore",-0.104428478221172,9.95182564487838e-05,0.000213296750864314,"The action of a molecule that contributes to the structural integrity of the nuclear pore complex, a protein-lined channel in the nuclear envelope that allows the transfer of macromolecules.",5941.5357790047,0.0268332030073329,-3.891763431769
"GO:0017064","fatty acid amide hydrolase activity",-0.825088562600916,2.4516474548318e-10,7.81045994296112e-10,"Catalysis of the hydrolysis of a fatty acid amide to yield a fatty acid.",154.811418815064,0.130345790448,-6.32999776797608
"GO:0017119","Golgi transport complex",0.30671484577846,5.17827275997541e-25,3.12921984263271e-24,"A  multisubunit tethering complex of the CATCHR family (complexes associated with tethering containing helical rods) that has a role in tethering vesicles to the Golgi prior to fusion. Composed of 8 subunits COG1-8.",4555.06345971774,0.0296928451944999,10.3295876083736
"GO:0017121","plasma membrane phospholipid scrambling",1.61214396039255,0.00614791536419214,0.0106715666692027,"The movement of a population of phospholipid molecules from one leaflet of the plasma membrane bilayer to the opposite leaflet, resulting in loss of lipid asymmetry and surface exposure of phosphatidylserine (PS) and phosphatidylethanolamine (PE).",7.8188098197446,0.588419612133578,2.73978624632683
"GO:0017124","SH3 domain binding",0.459977610883239,4.65849583500259e-50,4.81606260589238e-49,"Binding to a SH3 domain (Src homology 3) of a protein, small protein modules containing approximately 50 amino acid residues found in a great variety of intracellular or membrane-associated proteins.",4310.36698492568,0.0309189965347463,14.8768609086755
"GO:0017147","Wnt-protein binding",-0.961922250072168,8.12530525796893e-137,1.92542345944455e-135,"Binding to a Wnt-protein, a secreted growth factor involved in signaling.",2366.2486980838,0.03863689677927,-24.8964676321591
"GO:0017157","regulation of exocytosis",-0.387937083573522,0.667065263711673,0.739275166141838,"Any process that modulates the frequency, rate or extent of exocytosis.",2.99327727155073,0.901803363387841,-0.430179237873036
"GO:0017183","peptidyl-diphthamide biosynthetic process from peptidyl-histidine",0.109017555990569,0.174998432293293,0.233146995392644,"The modification of peptidyl-histidine to 2'-(3-carboxamido-3-(trimethylammonio)propyl)-L-histidine, known as diphthamide, found in translation elongation factor EF-2. The process occurs in eukaryotes and archaea but not eubacteria.",669.079168251022,0.0803776566552655,1.35631667464676
"GO:0017187","peptidyl-glutamic acid carboxylation",-0.182588711523374,0.0684223164523707,0.100140642191568,"The gamma-carboxylation of peptidyl-glutamic acid; catalyzed by the vitamin K dependent gamma-glutamyl carboxylase.",500.580975910058,0.100201500099856,-1.82221534948495
"GO:0018024","histone-lysine N-methyltransferase activity",0.303182193549126,2.24614878278703e-40,1.94144581266305e-39,"Catalysis of the reaction: S-adenosyl-L-methionine + histone L-lysine = S-adenosyl-L-homocysteine + histone N6-methyl-L-lysine. The methylation of peptidyl-lysine in histones forms N6-methyl-L-lysine, N6,N6-dimethyl-L-lysine and N6,N6,N6-trimethyl-L-lysine derivatives.",13927.5789240347,0.0227918028995535,13.302247079149
"GO:0018094","protein polyglycylation",-2.14288643721458,0.120723582764038,0.167614243613797,"The addition of glycyl units covalently bound to the gamma carboxyl group peptidyl-glutamic acid.",1.99495832399744,1.38095392791567,-1.55174361280027
"GO:0018095","protein polyglutamylation",0.112470685553264,0.0947160053491606,0.134606506254299,"The addition of one or more alpha-linked glutamyl units to the gamma carboxyl group of peptidyl-glutamic acid.",714.14834091054,0.0673062552870575,1.67102871900365
"GO:0018191","peptidyl-serine octanoylation",0.98901672836686,0.780162143132319,0.834362048613621,"The octanoylation of peptidyl-serine to form peptidyl-O3-octanoyl-L-serine, typical of the protein ghrelin.",0.399776965742343,3.54349444788618,0.279107740371046
"GO:0018193","peptidyl-amino acid modification",-1.01333023653985,0.00691165484325762,0.0119480984134675,"The alteration of an amino acid residue in a peptide.",20.6907029857766,0.375158659565338,-2.70107116203555
"GO:0018216","peptidyl-arginine methylation",0.300444325778857,2.54232120930259e-11,8.56510452143637e-11,"The addition of a methyl group to an arginine residue in a protein.",2186.90977399839,0.0450380212571601,6.67090421365022
"GO:0018279","protein N-linked glycosylation via asparagine",-0.225484658144902,3.00880605359728e-21,1.59036891404428e-20,"The glycosylation of protein via the N4 atom of peptidyl-asparagine forming N4-glycosyl-L-asparagine; the most common form is N-acetylglucosaminyl asparagine; N-acetylgalactosaminyl asparagine and N4 glucosyl asparagine also occur. This modification typically occurs in extracellular peptides with an N-X-(ST) motif. Partial modification has been observed to occur with cysteine, rather than serine or threonine, in the third position; secondary structure features are important, and proline in the second or fourth positions inhibits modification.",12629.4203725783,0.0238294770526988,-9.46242578661054
"GO:0018293","protein-FAD linkage",-0.280060108571627,0.00482631508527308,0.00848932319836607,"The formation of a linkage between a protein amino acid and flavin-adenine dinucleotide (FAD).",371.355832578833,0.0993683592530847,-2.81840326917679
"GO:0018342","protein prenylation",0.246384552795064,0.00135102017227514,0.00259263106763265,"The covalent attachment of a prenyl group to a protein; geranyl, farnesyl, or geranylgeranyl groups may be added.",493.978354481868,0.0768770762205332,3.20491575522817
"GO:0019005","SCF ubiquitin ligase complex",0.131904055010656,0.00305831712238483,0.00557183739357341,"A ubiquitin ligase complex in which a cullin from the Cul1 subfamily and a RING domain protein form the catalytic core; substrate specificity is conferred by a Skp1 adaptor and an F-box protein. SCF complexes are involved in targeting proteins for degradation by the proteasome. The best characterized complexes are those from yeast and mammals (with core subunits named Cdc53/Cul1, Rbx1/Hrt1/Roc1).",2342.80216166136,0.0445348765504997,2.96181476692959
"GO:0019135","deoxyhypusine monooxygenase activity",-0.204249080563667,0.0157532558354062,0.0259356881786664,"Catalysis of the reaction: protein N6-(4-aminobutyl)-L-lysine + donor-H2 + O2 = protein N6-((R)-4-amino-2-hydroxybutyl)-L-lysine + acceptor + H2O.",793.558315183862,0.0845898130354763,-2.41458248025689
"GO:0019136","deoxynucleoside kinase activity",-0.265864758080713,3.48972048508611e-12,1.22256154535658e-11,"Catalysis of the reaction: ATP + 2'-deoxynucleoside = ADP + 2'-deoxynucleoside 5'-phosphate.",2113.66855003751,0.0382184930996739,-6.95644271968907
"GO:0019206","nucleoside kinase activity",-0.260850332840601,0.000250109503422508,0.000515118108123114,"Catalysis of the reaction: ATP + nucleoside = ADP + nucleoside monophosphate.",768.332996509066,0.0712287839357152,-3.66214777829173
"GO:0019211","phosphatase activator activity",-0.609264732594874,1.30444105460851e-22,7.18294042864059e-22,"Binds to and increases the activity of a phosphatase, an enzyme which catalyzes of the removal of a phosphate group from a substrate molecule.",675.960728702413,0.0622644289024743,-9.78511717419225
"GO:0019215","intermediate filament binding",-0.264469748672084,1.02228664071405e-09,3.12917637919583e-09,"Binding to an intermediate filament, a distinct elongated structure, characteristically 10 nm in diameter, that occurs in the cytoplasm of higher eukaryotic cells. Intermediate filaments form a fibrous system, composed of chemically heterogeneous subunits and involved in mechanically integrating the various components of the cytoplasmic space.",10975.3470465951,0.043313865609308,-6.10589114944406
"GO:0019221","cytokine-mediated signaling pathway",1.85503032930594,1.98667798714819e-35,1.52360140905292e-34,"A series of molecular signals initiated by the binding of a cytokine to a receptor on the surface of a cell, and ending with regulation of a downstream cellular process, e.g. transcription.",124.504445746292,0.14933491353668,12.4219466524839
"GO:0019226","transmission of nerve impulse",-0.769067618856232,0.171194757529911,0.228657215725512,"The neurological system process in which a signal is transmitted through the nervous system by a combination of action potential propagation and synaptic transmission.",9.38470540199376,0.562029908767319,-1.36837489759753
"GO:0019228","neuronal action potential",1.60366836600212,3.94119972324047e-24,2.2835137956907e-23,"An action potential that occurs in a neuron.",123.081804761341,0.158261019742564,10.1330597301265
"GO:0019233","sensory perception of pain",0.0272635032631325,0.989152682757121,0.999101057440023,"The series of events required for an organism to receive a painful stimulus, convert it to a molecular signal, and recognize and characterize the signal. Pain is medically defined as the physical sensation of discomfort or distress caused by injury or illness, so can hence be described as a harmful stimulus which signals current (or impending) tissue damage. Pain may come from extremes of temperature, mechanical damage, electricity or from noxious chemical substances. This is a neurological process.",0.999534786164586,2.00533069369763,0.0135955148688526
"GO:0019236","response to pheromone",0.301973748911631,0.00150156195583803,0.00286328586334756,"Any process that results in a change in state or activity of a cell or an organism (in terms of movement, secretion, enzyme production, gene expression, etc.) as a result of a pheromone stimulus.",294.931903186728,0.0951283738501763,3.17438148776966
"GO:0019237","centromeric DNA binding",0.0542130989852254,0.281938606603811,0.35499016198653,"Binding to a centromere, a region of chromosome where the spindle fibers attach during mitosis and meiosis.",1327.87159675761,0.0503851093702474,1.07597462152654
"GO:0019243","methylglyoxal catabolic process to D-lactate via S-lactoyl-glutathione",-0.0764074772633342,0.621497171488137,0.700085503822682,"The chemical reactions and pathways resulting in the breakdown of methylglyoxal, CH3-CO-CHO, into D-lactate via the intermediate S-lactoyl-glutathione. Glutathione is used in the first step of the pathway and then regenerated in the second step.",102.213783194858,0.154755721081528,-0.493729580589021
"GO:0019318","hexose metabolic process",-0.673613046197931,3.69409089114195e-05,8.25300602692625e-05,"The chemical reactions and pathways involving a hexose, any monosaccharide with a chain of six carbon atoms in the molecule.",84.3706188256909,0.163267503338576,-4.12582438282913
"GO:0019343","cysteine biosynthetic process via cystathionine",0.349454288465465,2.68604902821385e-08,7.64490877260864e-08,"The chemical reactions and pathways resulting in the formation of cysteine, via the intermediate cystathionine.",601.857372528208,0.062842919329026,5.56075835108536
"GO:0019441","tryptophan catabolic process to kynurenine",0.989038089390518,0.720498396868257,0.783263463399563,"The chemical reactions and pathways resulting in the breakdown of tryptophan into other compounds, including kynurenine.",0.399175794503749,2.76427629300207,0.357792776320633
"GO:0019482","beta-alanine metabolic process",0.318057670659541,1.88552345227064e-07,5.01458885351673e-07,"The chemical reactions and pathways involving beta-alanine (3-aminopropanoic acid), an achiral amino acid and an isomer of alanine. It occurs free (e.g. in brain) and in combination (e.g. in pantothenate) but it is not a constituent of proteins.",902.73595350294,0.0610442164872235,5.21028344636237
"GO:0019532","oxalate transport",-0.0741934722757984,0.575698168447883,0.657361904307843,"The directed movement of oxalate into, out of or within a cell, or between cells, by means of some agent such as a transporter or pore. Oxalate, or ethanedioic acid, occurs in many plants and is highly toxic to animals.",137.957937558525,0.132564247680282,-0.559679352269533
"GO:0019538","protein metabolic process",-0.0662914010444607,0.176724583201947,0.235298071952592,"The chemical reactions and pathways involving a protein. Includes protein modification.",1274.69348329552,0.0490716997154981,-1.35090900516585
"GO:0019556","histidine catabolic process to glutamate and formamide",-0.326830310257769,0.192336788458297,0.253365575801716,"The chemical reactions and pathways resulting in the breakdown of histidine into other compounds, including glutamate and formamide.",52.6233359793086,0.250694922928,-1.30369736427265
"GO:0019673","GDP-mannose metabolic process",-0.587408208254989,1.02585338851694e-15,4.26730729069474e-15,"The chemical reactions and pathways involving GDP-mannose, a substance composed of mannose in glycosidic linkage with guanosine diphosphate.",530.461209096514,0.0732089105721604,-8.02372557744857
"GO:0019722","calcium-mediated signaling",-0.0195942541846933,0.853219410538518,0.888612215716412,"Any intracellular signal transduction in which the signal is passed on within the cell via calcium ions.",212.116548256278,0.105907862408046,-0.185012271413804
"GO:0019752","carboxylic acid metabolic process",0.339681097321994,7.12029746955852e-19,3.38977592850991e-18,"The chemical reactions and pathways involving carboxylic acids, any organic acid containing one or more carboxyl (COOH) groups or anions (COO-).",1819.71307794835,0.03828256458411,8.87299743400644
"GO:0019774","proteasome core complex, beta-subunit complex",-0.315354017297682,8.98870047968079e-08,2.4587768238193e-07,"The proteasome core subcomplex that constitutes the two inner rings of the proteasome core complex. An example of this component is found in Mus musculus.",2034.31076661372,0.0589880641224525,-5.34606486903932
"GO:0019789","SUMO transferase activity",0.186311015736752,3.85256263879216e-07,1.00557606500157e-06,"Catalysis of the transfer of SUMO from one protein to another via the reaction X-SUMO + Y --> Y-SUMO + X, where both X-SUMO and Y-SUMO are covalent linkages.",2114.68429611136,0.0367035593151175,5.07610213323409
"GO:0019797","procollagen-proline 3-dioxygenase activity",0.201325569439666,1.85514718227281e-10,5.95510716501272e-10,"Catalysis of the reaction: procollagen L-proline + 2-oxoglutarate + O2 = procollagen trans-3-hydroxy-L-proline + succinate + CO2.",4100.85084591478,0.0315910021105403,6.37287695829358
"GO:0019825","oxygen binding",-0.680258942243695,0.0131206677821466,0.0218057433826218,"Binding to oxygen (O2).",34.9576973345125,0.274245197462189,-2.48047713702437
"GO:0019829","ATPase-coupled cation transmembrane transporter activity",-0.152000443154221,0.000185122976089855,0.000386558768884657,"Enables the transfer of a solute or solutes from one side of a membrane to the other according to the reaction: ATP + H2O + cation(out) = ADP + phosphate + cation(in).",6264.57180426674,0.0406581583691875,-3.73849798542309
"GO:0019843","rRNA binding",-0.146174881355356,0.000548311237052594,0.0010971452062695,"Binding to a ribosomal RNA.",6527.06211759034,0.0422963090462444,-3.4559725104036
"GO:0019882","antigen processing and presentation",2.34962459515229,0.0331415576012691,0.0516215250968069,"The process in which an antigen-presenting cell expresses antigen (peptide or lipid) on its cell surface in association with an MHC protein complex.",3.14714289010013,1.10292155818121,2.13036419292317
"GO:0019897","extrinsic component of plasma membrane",-0.0549459134758289,0.738342508083073,0.798777091559174,"The component of a plasma membrane consisting of gene products and protein complexes that are loosely bound to one of its surfaces, but not integrated into the hydrophobic region.",122.093250028946,0.164484542704329,-0.334049100130933
"GO:0019898","extrinsic component of membrane",-0.0280230785171485,0.924542728257962,0.949299227797488,"The component of a membrane consisting of gene products and protein complexes that are loosely bound to one of its surfaces, but not integrated into the hydrophobic region.",29.8770845311478,0.295873373389524,-0.0947130801130098
"GO:0019899","enzyme binding",-0.131487383879882,2.75747777646787e-12,9.74124058722067e-12,"Binding to an enzyme, a protein with catalytic activity.",30783.4337830806,0.0188119660997876,-6.98956096254958
"GO:0019900","kinase binding",-0.307931478404501,2.95136651825539e-38,2.42195797159557e-37,"Binding to a kinase, any enzyme that catalyzes the transfer of a phosphate group.",10340.6772426492,0.0238107030881335,-12.9324815510368
"GO:0019901","protein kinase binding",-0.0314413965965353,0.0787832448979935,0.113648333440402,"Binding to a protein kinase, any enzyme that catalyzes the transfer of a phosphate group, usually from ATP, to a protein substrate.",35302.010792316,0.0178868899733056,-1.7577900151149
"GO:0019902","phosphatase binding",0.0403622884803238,0.520238753519234,0.601196455436748,"Binding to a phosphatase.",754.380598565491,0.0627740374897851,0.642977417007656
"GO:0019903","protein phosphatase binding",-0.297485743541789,1.05988451689812e-16,4.64718595870715e-16,"Binding to a protein phosphatase.",9569.14764852655,0.0358508264955646,-8.2978768586714
"GO:0019904","protein domain specific binding",-0.230200881359469,1.94718907176724e-15,8.03644178543465e-15,"Binding to a specific domain of a protein.",7264.99015861532,0.0289755363799319,-7.94466333050881
"GO:0019933","cAMP-mediated signaling",0.266327359070271,0.000255461855433759,0.000525116036169393,"Any intracellular signal transduction in which the signal is passed on within the cell via cyclic AMP (cAMP). Includes production of cAMP, and downstream effectors that further transmit the signal within the cell.",599.751244913021,0.0728322822867832,3.65672131516605
"GO:0019976","interleukin-2 binding",5.62147333331619,5.83098375948477e-235,2.23591722704607e-233,"Binding to interleukin-2.",466.783086151326,0.171752472067525,32.7300868840251
"GO:0019992","diacylglycerol binding",-0.252459780928804,0.00332183620225595,0.00601868775821117,"Binding to a diacylglycerol, a diester of glycerol and two fatty acids.",332.217781394362,0.0859797177531495,-2.9362713384757
"GO:0020037","heme binding",-0.620333827681102,2.48141388562444e-57,2.95666773151522e-56,"Binding to a heme, a compound composed of iron complexed in a porphyrin (tetrapyrrole) ring.",2852.13086525597,0.0388713852742582,-15.9586241474112
"GO:0021549","cerebellum development",0.464015479158154,0.0737000659854276,0.107047823115198,"The process whose specific outcome is the progression of the cerebellum over time, from its formation to the mature structure. The cerebellum is the portion of the brain in the back of the head between the cerebrum and the pons. In mice, the cerebellum controls balance for walking and standing, modulates the force and range of movement and is involved in the learning of motor skills.",33.2801199047302,0.259448156733029,1.78847090301599
"GO:0021895","cerebral cortex neuron differentiation",0.705954199304709,3.88055029240977e-28,2.54163992754416e-27,"The process in which a relatively unspecialized cell acquires specialized features of a neuron residing in the cerebral cortex.",903.137419430655,0.0641857483256591,10.9986128964784
"GO:0021915","neural tube development",-0.454577667628551,3.58641771681327e-36,2.82229662864149e-35,"The process whose specific outcome is the progression of the neural tube over time, from its formation to the mature structure. The mature structure of the neural tube exists when the tube has been segmented into the forebrain, midbrain, hindbrain and spinal cord regions. In addition neural crest has budded away from the epithelium.",2537.30736008924,0.0361978350117618,-12.5581451896459
"GO:0021954","central nervous system neuron development",0.0357914859848384,0.775153484732356,0.830268511579756,"The process whose specific outcome is the progression of a neuron whose cell body is located in the central nervous system, from initial commitment of the cell to a neuronal fate, to the fully functional differentiated neuron.",178.231259205865,0.125302562645298,0.285640494729191
"GO:0022008","neurogenesis",-0.355132627370328,1.79265253484555e-44,1.67287796282711e-43,"Generation of cells within the nervous system.",13247.3027811875,0.0253846426569182,-13.9900581690301
"GO:0022407","regulation of cell-cell adhesion",1.24968307377173,4.28349690671586e-07,1.11392046563055e-06,"Any process that modulates the frequency, rate or extent of attachment of a cell to another cell.",46.1956644598438,0.247172868139125,5.05590715995707
"GO:0022604","regulation of cell morphogenesis",1.23083362793527,2.62259065719889e-128,5.82215125898152e-127,"Any process that modulates the frequency, rate or extent of cell morphogenesis. Cell morphogenesis is the developmental process in which the shape of a cell is generated and organized.",1182.84314895661,0.051076147781685,24.098012113134
"GO:0022624","proteasome accessory complex",0.0975683753414909,0.026402491736821,0.0418668083255305,"A protein complex, that caps one or both ends of the proteasome core complex and regulates entry into, or exit from, the proteasome core complex.",1590.30652498064,0.0439449711259175,2.22023983271997
"GO:0022625","cytosolic large ribosomal subunit",-0.143988512058188,0.0177417277112766,0.0289831942239213,"The large subunit of a ribosome located in the cytosol.",1139.02108420701,0.0607299277404196,-2.37096465310553
"GO:0022627","cytosolic small ribosomal subunit",-0.187120214132755,0.000151674214910514,0.00031828947188684,"The small subunit of a ribosome located in the cytosol.",7497.36523736464,0.0493940855766248,-3.78831214199677
"GO:0022824","transmitter-gated ion channel activity",-0.557808148242311,0.477040794927158,0.558932798056321,"Enables the transmembrane transfer of an ion by a channel that opens when a specific neurotransmitter has been bound by the channel complex or one of its constituent parts.",5.80374355550484,0.784462945673053,-0.711070103845024
"GO:0022848","acetylcholine-gated cation-selective channel activity",-1.23233390904928,3.79351539843748e-13,1.42105221586228e-12,"Selectively enables the transmembrane transfer of a cation by a channel that opens upon binding acetylcholine.",94.862318504382,0.169679131422926,-7.26273112500607
"GO:0022857","transmembrane transporter activity",0.00199278461762856,0.930181918567869,0.954160343511496,"Enables the transfer of a substance, usually a specific substance or a group of related substances, from one side of a membrane to the other.",17546.6106032796,0.0227445395857331,0.0876159576726965
"GO:0022900","electron transport chain",-0.28887398286568,3.44134528456058e-13,1.29603521520326e-12,"A process in which a series of electron carriers operate together to transfer electrons from donors to any of several different terminal electron acceptors.",2039.42504290154,0.0397028867153708,-7.27589368845171
"GO:0023051","regulation of signaling",-0.817024304528864,1.90124153439623e-50,1.97523073696633e-49,"Any process that modulates the frequency, rate or extent of a signaling process.",1250.55462828435,0.0546990688108723,-14.9367132254812
"GO:0030001","metal ion transport",-0.241645542426061,1.94946074815145e-11,6.62063239589599e-11,"The directed movement of metal ions, any metal ion with an electric charge, into, out of or within a cell, or between cells, by means of some agent such as a transporter or pore.",3351.21657168182,0.0360140418462325,-6.70975902837577
"GO:0030008","TRAPP complex",-0.172893939996004,3.78542714214738e-07,9.90504446996133e-07,"A large complex that acts as a tethering factor involved in transporting vesicles from the ER through the Golgi to the plasma membrane. A TRAPP (transport protein particle) complex has a core set of proteins which are joined by specific subunits depending on the cellular component where a given TRAPP complex is active.",3059.3546435625,0.0340379710553383,-5.07944318170187
"GO:0030010","establishment of cell polarity",-2.30078959192393,5.20717622856646e-267,2.28790305542639e-265,"The specification and formation of anisotropic intracellular organization or cell growth patterns.",931.510939822725,0.0659059542216984,-34.9101931546943
"GO:0030014","CCR4-NOT complex",0.319678542676826,5.17819151236607e-17,2.31373006347035e-16,"The Ccr4-Not complex is an eukaryotically conserved deadenylase that can initiate cytoplasmic mRNA decay, and reduce translation by releasing poly(A)-binding protein (Pab1/PABPC1). Ccr4-Not contains seven core subunits, including two poly(A)-specific exonucleases, Ccr4/CNOT6/CNOT6L and Caf1/Pop2/CNOT7/CNOT8.",1910.8228453281,0.0381360763170031,8.38257559638605
"GO:0030015","CCR4-NOT core complex",0.300718845612424,1.18172379819205e-08,3.45848957935926e-08,"The core of the CCR4-NOT complex. In Saccharomyces the CCR4-NOT core complex comprises Ccr4p, Caf1p, Caf40p, Caf130p, Not1p, Not2p, Not3p, Not4p, and Not5p.",1707.68693376212,0.0527360235091875,5.70234207287233
"GO:0030016","myofibril",-0.366787203444516,0.398033847123111,0.477803858480037,"The contractile element of skeletal and cardiac muscle; a long, highly organized bundle of actin, myosin, and other proteins that contracts by a sliding filament mechanism.",15.4614503812059,0.433996867754356,-0.845137904663679
"GO:0030018","Z disc",1.45864567742846,4.05681321365917e-08,1.13623095187346e-07,"Platelike region of a muscle sarcomere to which the plus ends of actin filaments are attached.",36.0513437443583,0.265770745291861,5.48836056363773
"GO:0030027","lamellipodium",0.0121503366043955,0.664096218502076,0.737146802537304,"A thin sheetlike process extended by the leading edge of a migrating cell or extending cell process; contains a dense meshwork of actin filaments.",4208.89605485482,0.0279791011929667,0.434264722108006
"GO:0030036","actin cytoskeleton organization",-0.122111468533142,0.0192756666572405,0.0313433931997842,"A process that is carried out at the cellular level which results in the assembly, arrangement of constituent parts, or disassembly of cytoskeletal structures comprising actin filaments and their associated proteins.",1537.98703199509,0.0521809009238659,-2.34015638617101
"GO:0030041","actin filament polymerization",0.315666118327512,3.30169851659354e-13,1.25014042576226e-12,"Assembly of actin filaments by the addition of actin monomers to a filament.",2182.8687541904,0.0433518983739674,7.28148316838343
"GO:0030042","actin filament depolymerization",0.273936585771581,3.94112852434128e-15,1.61708950541552e-14,"Disassembly of actin filaments by the removal of actin monomers from a filament.",3437.18964049124,0.0348662364130313,7.85678679300175
"GO:0030047","actin modification",-0.0141375730128303,0.715424859759987,0.778516456764645,"Covalent modification of an actin molecule.",2804.21915113038,0.0387776853145445,-0.364580116068135
"GO:0030054","cell junction",0.0260201149188551,0.435652644618385,0.516465108206955,"A cellular component that forms a specialized region of connection between two or more cells, or between a cell and the extracellular matrix, or between two membrane-bound components of a cell, such as flagella.",5176.96044166167,0.0333781492738469,0.779555352376678
"GO:0030060","L-malate dehydrogenase activity",-0.360698923048059,1.22956250844788e-51,1.30967036884675e-50,"Catalysis of the reaction: (S)-malate + NAD+ = oxaloacetate + NADH + H+.",7384.95524364509,0.0238586747612104,-15.1181457754094
"GO:0030091","protein repair",-0.421788206986028,0.00268668280859851,0.00494002968032629,"The process of restoring a protein to its original state after damage by such things as oxidation or spontaneous decomposition of residues.",139.336135163365,0.140526614774514,-3.00148272740235
"GO:0030097","hemopoiesis",0.342944690662708,2.73217841215275e-17,1.23386815229767e-16,"The process whose specific outcome is the progression of the myeloid and lymphoid derived organ/tissue systems of the blood and other parts of the body over time, from formation to the mature structure. The site of hemopoiesis is variable during development, but occurs primarily in bone marrow or kidney in many adult vertebrates.",1706.39611304882,0.0405492769248295,8.45747980410258
"GO:0030117","membrane coat",-0.165223523089279,0.00358501552770714,0.00643683043524483,"Any of several different proteinaceous coats that can associate with membranes. Membrane coats include those formed by clathrin plus an adaptor complex, the COPI and COPII complexes, and possibly others. They are found associated with membranes on many vesicles as well as other membrane features such as pits and perhaps tubules.",1263.75699114207,0.0567283151690416,-2.91254063507683
"GO:0030121","AP-1 adaptor complex",-0.0277036476659992,0.259196388059345,0.329870139154943,"A heterotetrameric AP-type membrane coat adaptor complex that consists of beta1, gamma, mu1 and sigma1 subunits and links clathrin to the membrane surface of a vesicle; vesicles with AP-1-containing coats are normally found primarily in the trans-Golgi network. In at least humans, the AP-1 complex can be heterogeneric due to the existence of multiple subunit isoforms encoded by different genes (gamma1 and gamma2, mu1A and mu1B, and sigma1A, sigma1B and sigma1C).",9105.37909599071,0.0245536032530112,-1.1282925516279
"GO:0030123","AP-3 adaptor complex",0.240144983910883,3.1738606241393e-19,1.52475445474027e-18,"A heterotetrameric AP-type membrane coat adaptor complex that consists of beta3, delta, mu3 and sigma3 subunits and is found associated with endosomal membranes. AP-3 does not appear to associate with clathrin in all organisms. In at least humans, the AP-3 complex can be heterogeneric due to the existence of multiple subunit isoforms encoded by different genes (beta3A and beta3B, mu3A and mu3B, and sigma3A and sigma3B).",5559.9125201057,0.0267944059800269,8.96250449029889
"GO:0030124","AP-4 adaptor complex",0.438165825449469,1.18315853147913e-15,4.91197114742027e-15,"An AP-type membrane coat adaptor complex that consists of beta4, epsilon, mu4 and sigma4 subunits and is found associated with membranes in the trans-Golgi network; it is not clear whether AP-4 forms clathrin coats in vivo.",1368.04943804654,0.0547283747957644,8.00619106788057
"GO:0030125","clathrin vesicle coat",0.35699466248044,0.000330274284853223,0.000672993687686423,"A clathrin coat found on a vesicle.",491.671310854499,0.0994325917300371,3.59031838825737
"GO:0030127","COPII vesicle coat",0.120806114607906,2.18146356323655e-08,6.23401985754186e-08,"One of two multimeric complexes that forms a membrane vesicle coat. COPII is best characterized in S. cerevisiae, where the subunits are called Sar1p, Sec13p, Sec31p, Sec23p, and Sec24p. Vesicles with COPII coats are found associated with endoplasmic reticulum (ER) membranes at steady state.",7793.54311826267,0.0215842478779229,5.59695734088889
"GO:0030128","clathrin coat of endocytic vesicle",0.489252374053588,1.66041748371886e-47,1.65963055600145e-46,"A clathrin coat found on an endocytic vesicle.",3372.94019082492,0.0337920043597086,14.4783472695376
"GO:0030132","clathrin coat of coated pit",0.0285476701398962,0.641667804591071,0.71791904503054,"The coat found on coated pits and the coated vesicles derived from coated pits; comprises clathrin and the AP-2 adaptor complex.",785.444919193529,0.0613442652329797,0.465368197523841
"GO:0030133","transport vesicle",-0.0947868169311056,0.0529001645635739,0.0789737257864717,"Any of the vesicles of the constitutive secretory pathway, which carry cargo from the endoplasmic reticulum to the Golgi, between Golgi cisternae, from the Golgi to the ER (retrograde transport) or to destinations within or outside the cell.",1412.84395976465,0.048966835115477,-1.93573500732838
"GO:0030136","clathrin-coated vesicle",0.323817008461819,3.22199553485964e-12,1.13064701880515e-11,"A vesicle with a coat formed of clathrin connected to the membrane via one of the clathrin adaptor complexes.",1490.99946473575,0.0464741197853212,6.96768459429965
"GO:0030141","secretory granule",0.44023641518121,0.0258455575341629,0.041045392198456,"A small subcellular vesicle, surrounded by a membrane, that is formed from the Golgi apparatus and contains a highly concentrated protein destined for secretion. Secretory granules move towards the periphery of the cell and upon stimulation, their membranes fuse with the cell membrane, and their protein load is exteriorized. Processing of the contained protein may take place in secretory granules.",69.9388109747653,0.197546138510417,2.22852452850145
"GO:0030144","alpha-1,6-mannosylglycoprotein 6-beta-N-acetylglucosaminyltransferase activity",-1.15271418663975,1.62247235091553e-135,3.80199354231205e-134,"Catalysis of the reaction: UDP-N-acetyl-D-glucosamine + N-acetyl-beta-D-glucosaminyl-1,2-alpha-D-mannosyl-1,3(6)-(N-acetyl-beta-D-glucosaminyl-1,2-alpha-D-mannosyl,1,6(3))-beta-D-mannosyl-1,4-N-acetyl-beta-D-glucosaminyl-R = UDP + N-acetyl-beta-D-glucosaminyl-1,2-(N-acetyl-beta-D-glucosaminyl-1,6)-1,2-alpha-D-mannosyl-1,3(6)-(N-acetyl-beta-D-glucosaminyl-1,2-alpha-D-mannosyl-1,6(3))-beta-D-mannosyl-1,4-N-acetyl-beta-D-glucosaminyl-R. Only branched mannose glycopeptides with non-reducing N-acetylglucosamine terminal residues act as acceptors.",2003.41569852759,0.0465252341500122,-24.7761071534435
"GO:0030145","manganese ion binding",-0.394987982082803,3.98383096484809e-12,1.38874371981233e-11,"Binding to a manganese ion (Mn).",1951.0894511556,0.0569331215025225,-6.93775383570533
"GO:0030150","protein import into mitochondrial matrix",-0.0455727215243583,0.404873461892665,0.485158029052063,"The import of proteins across the outer and inner mitochondrial membranes into the matrix. Unfolded proteins enter the mitochondrial matrix with a chaperone protein; the information required to target the precursor protein from the cytosol to the mitochondrial matrix is contained within its N-terminal matrix-targeting sequence. Translocation of precursors to the matrix occurs at the rare sites where the outer and inner membranes are close together.",845.18291856788,0.0547124956240022,-0.832949054957123
"GO:0030154","cell differentiation",0.241453315932217,3.4815975125893e-25,2.12216449539042e-24,"The process in which relatively unspecialized cells, e.g. embryonic or regenerative cells, acquire specialized structural and/or functional features that characterize the cells, tissues, or organs of the mature organism or some other relatively stable phase of the organism's life history. Differentiation includes the processes involved in commitment of a cell to a specific fate and its subsequent development to the mature state.",6847.27120822087,0.0232892203187624,10.3675998005694
"GO:0030157","pancreatic juice secretion",1.02749894550153,0.253603431935661,0.323894412780892,"The regulated release of pancreatic juice by the exocrine pancreas into the upper part of the intestine. Pancreatic juice is slightly alkaline and contains numerous enzymes and inactive enzyme precursors including alpha-amylase, chymotrypsinogen, lipase, procarboxypeptidase, proelastase, prophospholipase A2, ribonuclease, and trypsinogen. Its high concentration of bicarbonate ions helps to neutralize the acid from the stomach.",4.06666221212007,0.900019609123518,1.14164062103287
"GO:0030163","protein catabolic process",0.0308322904273098,0.360942729983596,0.43900127885548,"The chemical reactions and pathways resulting in the breakdown of a protein by the destruction of the native, active configuration, with or without the hydrolysis of peptide bonds.",8151.14687356798,0.0337492295246724,0.913570201795859
"GO:0030165","PDZ domain binding",-0.0051048444467292,0.943881473778833,0.966195006780691,"Binding to a PDZ domain of a protein, a domain found in diverse signaling proteins.",798.5661771783,0.0725199967746652,-0.0703922321258648
"GO:0030166","proteoglycan biosynthetic process",-0.922094742941845,3.88239510843142e-37,3.11329706603873e-36,"The chemical reactions and pathways resulting in the formation of proteoglycans, any glycoprotein in which the carbohydrate units are glycosaminoglycans.",592.613246736262,0.0724183846723324,-12.7328819486101
"GO:0030168","platelet activation",-0.040072742508537,0.4529949700701,0.533724241272537,"A series of progressive, overlapping events triggered by exposure of the platelets to subendothelial tissue. These events include shape change, adhesiveness, aggregation, and release reactions. When carried through to completion, these events lead to the formation of a stable hemostatic plug.",1039.1649788771,0.0533996131681379,-0.750431325829291
"GO:0030170","pyridoxal phosphate binding",0.129020885404687,0.0110539273007399,0.0186203935121888,"Binding to pyridoxal 5' phosphate, 3-hydroxy-5-(hydroxymethyl)-2-methyl4-pyridine carboxaldehyde 5' phosphate, the biologically active form of vitamin B6.",1357.94808481487,0.0507758457278772,2.54098939279413
"GO:0030171","voltage-gated proton channel activity",-0.703364341533632,0.000216550742588977,0.000448189907870611,"Enables the transmembrane transfer of a proton by a voltage-gated channel. A voltage-gated channel is a channel whose open state is dependent on the voltage across the membrane in which it is embedded.",75.9794650590891,0.190155898476705,-3.69888258617335
"GO:0030173","integral component of Golgi membrane",-0.217549922521105,7.88350522628485e-10,2.42366071752693e-09,"The component of the Golgi membrane consisting of the gene products and protein complexes having at least some part of their peptide sequence embedded in the hydrophobic region of the membrane.",2258.13668943594,0.0353897637861347,-6.14725556903373
"GO:0030175","filopodium",0.405829278130362,0.603348999034765,0.683018271049018,"Thin, stiff, actin-based protrusion extended by the leading edge of a motile cell such as a crawling fibroblast or amoeba, or an axonal or dendritic growth cone, or a dendritic shaft.",4.6699489687512,0.781055954055004,0.5195905312845
"GO:0030176","integral component of endoplasmic reticulum membrane",0.171233053448074,0.000447235174761979,0.000900877730251206,"The component of the endoplasmic reticulum membrane consisting of the gene products and protein complexes having at least some part of their peptide sequence embedded in the hydrophobic region of the membrane.",1683.59965357352,0.0487771526060643,3.51051761530634
"GO:0030177","positive regulation of Wnt signaling pathway",1.51296458045657,0.0222181342322807,0.0357695000731908,"Any process that activates or increases the frequency, rate or extent of Wnt signal transduction.",6.47556569345432,0.661660422557952,2.28661792193571
"GO:0030178","negative regulation of Wnt signaling pathway",-0.180503059811356,0.00386728680386443,0.00691195582148313,"Any process that stops, prevents, or reduces the frequency, rate or extent of the Wnt signaling pathway.",771.456454074276,0.0624839924824468,-2.88878883438928
"GO:0030182","neuron differentiation",-0.134022078128832,0.423387901567532,0.504689110407489,"The process in which a relatively unspecialized cell acquires specialized features of a neuron.",86.1178990699621,0.167410947049465,-0.800557433614137
"GO:0030198","extracellular matrix organization",-0.159217977296586,6.08211553476744e-05,0.000133200224951449,"A process that is carried out at the cellular level which results in the assembly, arrangement of constituent parts, or disassembly of an extracellular matrix.",1871.71317960811,0.0397091716518954,-4.00960208116016
"GO:0030199","collagen fibril organization",0.469030246154329,0.0392689487265702,0.060319164504251,"Any process that determines the size and arrangement of collagen fibrils within an extracellular matrix.",50.8763990494684,0.227534647409334,2.06135747454121
"GO:0030204","chondroitin sulfate metabolic process",-0.134701616539243,0.162514241033016,0.218725293132502,"The chemical reactions and pathways involving chondroitin sulfate, any member of a group of 10-60 kDa glycosaminoglycans, widely distributed in cartilage and other mammalian connective tissues, the repeat units of which consist of beta-(1,4)-linked D-glucuronyl beta-(1,3)-N-acetyl-D-galactosamine sulfate. They usually occur linked to a protein to form proteoglycans. Two subgroups exist, one in which the sulfate is on the 4-position (chondroitin sulfate A) and the second in which it is in the 6-position (chondroitin sulfate C). They often are polydisperse and often differ in the degree of sulfation from tissue to tissue. The chains of repeating disaccharide are covalently linked to the side chains of serine residues in the polypeptide backbone of a protein by a glycosidic attachment through the trisaccharide unit galactosyl-galactosyl-xylosyl. Chondroitin sulfate B is more usually known as dermatan sulfate.",300.999560921383,0.0964451652909135,-1.39666530855056
"GO:0030206","chondroitin sulfate biosynthetic process",-0.408654741725771,1.32971371854343e-12,4.80199697330151e-12,"The chemical reactions and pathways resulting in the formation of chondroitin sulfate, any member of a group of 10-60 kDa glycosaminoglycans, widely distributed in cartilage and other mammalian connective tissues, the repeat units of which consist of beta-(1,4)-linked D-glucuronyl beta-(1,3)-N-acetyl-D-galactosamine sulfate.",944.538151432737,0.0576285792927295,-7.09118195765285
"GO:0030212","hyaluronan metabolic process",0.334976255133247,1.71617199143574e-06,4.24812996471593e-06,"The chemical reactions and pathways involving hyaluronan, the naturally occurring anionic form of hyaluronic acid, any member of a group of glycosaminoglycans, the repeat units of which consist of beta-1,4 linked D-glucuronyl-beta-(1,3)-N-acetyl-D-glucosamine.",598.935751790491,0.0700162940875828,4.78426142797886
"GO:0030215","semaphorin receptor binding",-0.570749925128213,2.64553469181339e-57,3.13451273316541e-56,"Binding to a semaphorin receptor.",3188.42518037762,0.0357733188571426,-15.9546260554535
"GO:0030224","monocyte differentiation",-0.898699546280999,0.18715868766139,0.247627146974825,"The process in which a relatively unspecialized myeloid precursor cell acquires the specialized features of a monocyte.",6.32416455628508,0.681333055428701,-1.31903118323759
"GO:0030229","very-low-density lipoprotein particle receptor activity",-0.767626387240178,2.68482740121643e-59,3.31128712816693e-58,"Combining with a very-low-density lipoprotein particle and delivering the very-low-density lipoprotein into the cell via endocytosis.",1393.30106066128,0.047271370574582,-16.2387165404705
"GO:0030234","enzyme regulator activity",-2.29457151180962,0.0649312790066794,0.0955618056002001,"Binds to and modulates the activity of an enzyme.",3.33421583880459,1.24317766636277,-1.84573096339718
"GO:0030246","carbohydrate binding",0.221425450417519,3.76636246445094e-12,1.3151090128356e-11,"Binding to a carbohydrate, which includes monosaccharides, oligosaccharides and polysaccharides as well as substances derived from monosaccharides by reduction of the carbonyl group (alditols), by oxidation of one or more hydroxy groups to afford the corresponding aldehydes, ketones, or carboxylic acids, or by replacement of one or more hydroxy group(s) by a hydrogen atom. Cyclitols are generally not regarded as carbohydrates.",4292.83558323581,0.0318795835519363,6.94568202425812
"GO:0030247","polysaccharide binding",-0.1132595575261,0.271432900830462,0.343196635402545,"Binding to a polysaccharide, a polymer of many (typically more than 10) monosaccharide residues linked glycosidically.",482.186237650015,0.102984886385231,-1.09976872822323
"GO:0030250","guanylate cyclase activator activity",0.989007669832977,0.838633480681628,0.877322215370021,"Binds to and increases the activity of guanylate cyclase.",0.13404695411702,4.85660611208522,0.203641729843382
"GO:0030262","apoptotic nuclear changes",0.172161851032215,0.135746245954755,0.186143584342378,"Alterations undergone by nuclei at the molecular and morphological level as part of the execution phase of apoptosis.",235.361186712908,0.115403875744865,1.49182035630096
"GO:0030274","LIM domain binding",0.0823497581842769,0.0704924546872544,0.102742630915978,"Binding to a LIM domain (for Lin-11 Isl-1 Mec-3) of a protein, a domain with seven conserved cysteine residues and a histidine, that binds two zinc ions and acts as an interface for protein-protein interactions.",17954.5700926214,0.045528967949689,1.80873325034022
"GO:0030277","maintenance of gastrointestinal epithelium",0.399327427672906,0.252694594472167,0.323249218109795,"Protection of epithelial surfaces of the gastrointestinal tract from proteolytic and caustic digestive agents.",20.0791006433215,0.349114645856447,1.14382891812882
"GO:0030282","bone mineralization",-0.558140661823043,0.39449941570515,0.474343938268051,"The deposition of hydroxyapatite, a form of calcium phosphate with the formula Ca10(PO4)6(OH)2, in bone tissue.",7.38858354407704,0.655490092221525,-0.851486038379994
"GO:0030286","dynein complex",-0.749912548247181,2.81392068225701e-70,4.03711477474832e-69,"Any of several large complexes that contain two or three dynein heavy chains and several light chains, and have microtubule motor activity.",3139.41938101916,0.0423142736990206,-17.7224487788984
"GO:0030289","protein phosphatase 4 complex",-0.169422266365725,3.36066686921596e-09,1.00820006076479e-08,"A protein serine/threonine phosphatase complex formed by the catalytic subunit of protein phosphatase 4 plus one or more regulatory subunits.",8410.42415259278,0.0286528251201772,-5.91293408782991
"GO:0030291","protein serine/threonine kinase inhibitor activity",1.50764682424764,0.48052042897813,0.562619254360409,"Binds to and stops, prevents or reduces the activity of a protein serine/threonine kinase.",0.601076341408469,2.13709423813871,0.705465766245626
"GO:0030301","cholesterol transport",-0.060404077522396,0.17898324262187,0.238004828934126,"The directed movement of cholesterol, cholest-5-en-3-beta-ol, into, out of or within a cell, or between cells, by means of some agent such as a transporter or pore.",1150.45840039596,0.0449471145689919,-1.34389221870246
"GO:0030307","positive regulation of cell growth",0.093093773058978,0.00736802806454518,0.0126850377045925,"Any process that activates or increases the frequency, rate, extent or direction of cell growth.",3975.64679001349,0.0347399067504142,2.67973583601712
"GO:0030308","negative regulation of cell growth",0.457396195349995,1.41308522665646e-39,1.20655738583744e-38,"Any process that stops, prevents, or reduces the frequency, rate, extent or direction of cell growth.",3197.56998309823,0.0347458634338786,13.1640474619495
"GO:0030317","flagellated sperm motility",-0.0711170876136119,0.134130012946093,0.184166795119343,"The directed, self-propelled movement of a cilium (aka flagellum) that contributes to the movement of a flagellated sperm.",1155.98035385852,0.0474742964179693,-1.49801246104816
"GO:0030331","estrogen receptor binding",-0.113741461923276,0.110540000984584,0.154697320555068,"Binding to an estrogen receptor.",649.9234365109,0.0712768213709294,-1.59577068302973
"GO:0030332","cyclin binding",0.383311673777608,1.04954604831113e-09,3.20331782328247e-09,"Binding to cyclins, proteins whose levels in a cell varies markedly during the cell cycle, rising steadily until mitosis, then falling abruptly to zero. As cyclins reach a threshold level, they are thought to drive cells into G2 phase and thus to mitosis.",823.743482892984,0.0628206035001245,6.10168722395111
"GO:0030334","regulation of cell migration",-1.81294390421387,1.68497831916809e-16,7.25228423495002e-16,"Any process that modulates the frequency, rate or extent of cell migration.",65.2510334857372,0.219947867065773,-8.24260734327434
"GO:0030335","positive regulation of cell migration",0.53458244010256,6.39096981868093e-100,1.14225045318628e-98,"Any process that activates or increases the frequency, rate or extent of cell migration.",8254.59070901052,0.0251936995565173,21.2188939898774
"GO:0030336","negative regulation of cell migration",0.394109914870693,2.2684741654577e-20,1.141816710012e-19,"Any process that stops, prevents, or reduces the frequency, rate or extent of cell migration.",1477.51661910526,0.0426116154553559,9.2488846212273
"GO:0030368","interleukin-17 receptor activity",1.9774022453866,9.99619982780654e-27,6.31197168767784e-26,"Combining with any member of the interleukin-17 family of cytokines and transmitting the signal from one side of the membrane to the other to initiate a change in cell activity.",114.508498081698,0.184775137966287,10.7016683475424
"GO:0030371","translation repressor activity",-0.475246429834242,0.000570302258343783,0.00114006394582658,"Antagonizes ribosome-mediated translation of mRNA into a polypeptide.",150.953593120418,0.137938161192207,-3.44535859929305
"GO:0030414","peptidase inhibitor activity",-0.344671661284965,0.0416502553121515,0.0636986138167712,"Binds to and stops, prevents or reduces the activity of a peptidase, any enzyme that catalyzes the hydrolysis peptide bonds.",85.7660364701588,0.169205705179138,-2.03699787143738
"GO:0030424","axon",-0.779715669460308,5.88346975616869e-20,2.91958534488465e-19,"The long process of a neuron that conducts nerve impulses, usually away from the cell body to the terminals and varicosities, which are sites of storage and release of neurotransmitter.",415.805307509456,0.0852478930452393,-9.14645091634733
"GO:0030425","dendrite",-0.456952517190223,3.79586784446053e-52,4.10537706870115e-51,"A neuron projection that has a short, tapering, morphology. Dendrites receive and integrate signals from other neurons or from sensory stimuli, and conduct nerve impulses towards the axon or the cell body. In most neurons, the impulse is conveyed from dendrites to axon via the cell body, but in some types of unipolar neuron, the impulse does not travel via the cell body.",4207.48492488957,0.0300718502869637,-15.1953575463334
"GO:0030433","ubiquitin-dependent ERAD pathway",0.424894516572185,6.56486366092995e-15,2.65744672953959e-14,"The series of steps necessary to target endoplasmic reticulum (ER)-resident proteins for degradation by the cytoplasmic proteasome. Begins with recognition of the ER-resident protein, includes retrotranslocation (dislocation) of the protein from the ER to the cytosol, protein ubiquitination necessary for correct substrate transfer, transport of the protein to the proteasome, and ends with degradation of the protein by the cytoplasmic proteasome.",1372.40598164253,0.0545254451801203,7.79259142531677
"GO:0030449","regulation of complement activation",0.915065468648721,0.00434933475789331,0.00770819075999746,"Any process that modulates the frequency, rate or extent of complement activation.",29.8250406877035,0.320890143228701,2.8516471694693
"GO:0030488","tRNA methylation",0.241746985648369,1.63764128322279e-06,4.07286021971328e-06,"The posttranscriptional addition of methyl groups to specific residues in a tRNA molecule.",1246.76053037432,0.0504305450416715,4.79366196515642
"GO:0030490","maturation of SSU-rRNA",0.221093046356666,7.70845190453246e-10,2.37330292943926e-09,"Any process involved in the maturation of a precursor Small SubUnit (SSU) ribosomal RNA (rRNA) molecule into a mature SSU-rRNA molecule.",4997.49005811171,0.0359453100281306,6.15081762220551
"GO:0030496","midbody",-0.305008336014926,1.43883293475796e-19,7.04060013782957e-19,"A thin cytoplasmic bridge formed between daughter cells at the end of cytokinesis. The midbody forms where the contractile ring constricts, and may persist for some time before finally breaking to complete cytokinesis.",3994.97553954175,0.0337051729779461,-9.04930338777665
"GO:0030500","regulation of bone mineralization",-1.78018223379492,0.191213690971217,0.252201172144025,"Any process that modulates the frequency, rate or extent of bone mineralization.",2.19551516243316,1.36203990968195,-1.30699711597336
"GO:0030509","BMP signaling pathway",0.0103741964686182,0.834756504703905,0.876743759173573,"A series of molecular signals initiated by the binding of a member of the BMP (bone morphogenetic protein) family to a receptor on the surface of a target cell, and ending with regulation of a downstream cellular process, e.g. transcription.",1574.1337450185,0.0497312622011069,0.208605131047475
"GO:0030512","negative regulation of transforming growth factor beta receptor signaling pathway",-0.135607247344997,0.424729391623854,0.505790111199722,"Any process that stops, prevents, or reduces the frequency, rate or extent of any TGF-beta receptor signaling pathway.",106.22597171803,0.16988212733647,-0.798243167019047
"GO:0030513","positive regulation of BMP signaling pathway",-0.67842672982115,0.000633981611364594,0.00125900868019579,"Any process that activates or increases the frequency, rate or extent of BMP signaling pathway activity.",60.1288182631182,0.198565247309768,-3.41664384383831
"GO:0030514","negative regulation of BMP signaling pathway",-0.0943236774421161,0.633160758111048,0.709907516669963,"Any process that stops, prevents, or reduces the frequency, rate or extent of the BMP signaling pathway.",73.0044821917299,0.197626391958385,-0.477282798655648
"GO:0030515","snoRNA binding",0.668030707092257,4.58247054601723e-53,5.0335574903908e-52,"Binding to a small nucleolar RNA.",1600.37334786105,0.0435673701156138,15.3332805106096
"GO:0030548","acetylcholine receptor regulator activity",0.513098834196358,0.500216237430098,0.581563420474133,"Interacting (directly or indirectly) with acetylcholine receptors such that the proportion of receptors in the active form is changed.",4.53025836875455,0.76110535264622,0.674149554214026
"GO:0030574","collagen catabolic process",3.20593097588958,0.115810919908084,0.161119104400412,"The proteolytic chemical reactions and pathways resulting in the breakdown of collagen in the extracellular matrix, usually carried out by proteases secreted by nearby cells.",1.00216766103743,2.0386151317336,1.57260236421541
"GO:0030659","cytoplasmic vesicle membrane",-0.259866367373122,0.00566541670737664,0.00986652670178145,"The lipid bilayer surrounding a cytoplasmic vesicle.",416.744475061765,0.0939318119082637,-2.76654268765639
"GO:0030667","secretory granule membrane",0.334754917371132,0.210614004394865,0.274866915389091,"The lipid bilayer surrounding a secretory granule.",33.4446553783173,0.267402002481764,1.25187887250007
"GO:0030677","ribonuclease P complex",-0.371910897951942,3.85528183441822e-05,8.59491478730235e-05,"A ribonucleoprotein complex that catalyzes cleavage of the leader sequence of precursor tRNAs (pre-tRNAs), generating the mature 5' end of tRNAs.",639.918390393456,0.0903576746070018,-4.11598571531989
"GO:0030686","90S preribosome",0.305517033812465,1.76388337511037e-07,4.70294568660905e-07,"A large ribonucleoprotein complex considered to be the earliest preribosomal complex. In S. cerevisiae, it has a size of 90S and consists of the 35S pre-rRNA, early-associating ribosomal proteins most of which are part of the small ribosomal subunit, the U3 snoRNA and associated proteins.",742.179499694159,0.0584985611292191,5.22264185502957
"GO:0030688","preribosome, small subunit precursor",0.156353177600735,0.000105204709753299,0.000224799121448539,"A preribosomal complex consisting of 20S pre-rRNA, ribosomal proteins including late-associating small subunit proteins, and associated proteins; a precursor of the eukaryotic cytoplasmic small ribosomal subunit.",2877.06959705784,0.0403152533255618,3.87826355295652
"GO:0030695","GTPase regulator activity",0.10666835528206,0.0613436599887303,0.0905344848958938,"Binds to and modulates the activity of a GTPase.",946.243714906854,0.0570111014358742,1.87101025231095
"GO:0030729","acetoacetate-CoA ligase activity",-0.792296382286556,2.02648809616473e-113,4.07034609029658e-112,"Catalysis of the reaction: acetoacetate + ATP + CoA = acetoacetyl-CoA + AMP + diphosphate + H(+).",3061.39237291453,0.0350054062271403,-22.6335434345646
"GO:0030731","guanidinoacetate N-methyltransferase activity",1.16265661416017,1.86575933400108e-14,7.45243643069749e-14,"Catalysis of the reaction: S-adenosyl-L-methionine + guanidinoacetate = S-adenosyl-L-homocysteine + creatine + H(+).",106.905202463436,0.151791631869101,7.65955672156417
"GO:0030792","methylarsonite methyltransferase activity",0.0270495725032612,0.971738411331905,0.990046526328013,"Catalysis of the reaction: S-adenosyl-L-methionine + methylarsonite = S-adenosyl-L-homocysteine + dimethylarsinate.",6.26361652463671,0.763507052762573,0.0354280584644092
"GO:0030833","regulation of actin filament polymerization",-0.0115425985334188,0.78785074126947,0.841304918145475,"Any process that modulates the frequency, rate or extent of the assembly of actin filaments by the addition of actin monomers to a filament.",4150.02029252043,0.0428929307191648,-0.269102584968891
"GO:0030835","negative regulation of actin filament depolymerization",-1.55788515417742,0.0497950482668146,0.0749591411810935,"Any process that stops, prevents, or reduces the frequency, rate or extent of actin depolymerization.",5.65922036411978,0.794142311747146,-1.96172037572209
"GO:0030837","negative regulation of actin filament polymerization",0.326558680757129,0.000526979920050063,0.00105646449751481,"Any process that stops, prevents, or reduces the frequency, rate or extent of actin polymerization.",303.759497740238,0.0941999658370813,3.46665391919475
"GO:0030838","positive regulation of actin filament polymerization",0.456407551606686,2.33012073293329e-23,1.31045990020168e-22,"Any process that activates or increases the frequency, rate or extent of actin polymerization.",4497.8437297584,0.0458338748377173,9.95786529554123
"GO:0030855","epithelial cell differentiation",0.0178264070724309,0.688685226171551,0.756871882228141,"The process in which a relatively unspecialized cell acquires specialized features of an epithelial cell, any of the cells making up an epithelium.",8949.80375803452,0.0444948312093254,0.400639952729943
"GO:0030864","cortical actin cytoskeleton",0.197198600994084,0.474748196491509,0.556865376196102,"The portion of the actin cytoskeleton, comprising filamentous actin and associated proteins, that lies just beneath the plasma membrane.",30.0962758743398,0.275889126763511,0.714774820260025
"GO:0030866","cortical actin cytoskeleton organization",-0.547650149177582,3.21216893373873e-41,2.82269345052291e-40,"A process that is carried out at the cellular level which results in the assembly, arrangement of constituent parts, or disassembly of actin-based cytoskeletal structures in the cell cortex, i.e. just beneath the plasma membrane.",1915.47751529644,0.0407269850490788,-13.4468620379737
"GO:0030896","checkpoint clamp complex",0.0489987150751023,0.545277893606796,0.624995150878659,"Conserved heterotrimeric complex of PCNA-like proteins that is loaded onto DNA at sites of DNA damage.",538.566841479092,0.0810095406809655,0.604851165223498
"GO:0030915","Smc5-Smc6 complex",-0.422710003313124,2.56326127326543e-13,9.75797477494007e-13,"A conserved complex that contains a heterodimer of SMC proteins (Smc5p and Smc6p, or homologs thereof) and several other proteins, and is involved in DNA repair and maintaining cell cycle arrest following DNA damage. In S. cerevisiae, this is an octameric complex called Mms21-Smc5-Smc6 complex, with at least five of its subunits conserved in fission yeast and humans.",3480.17588291474,0.0577823823131972,-7.31555166801386
"GO:0030968","endoplasmic reticulum unfolded protein response",0.291220871969161,5.30318693511636e-08,1.47357328671415e-07,"The series of molecular signals generated as a consequence of the presence of unfolded proteins in the endoplasmic reticulum (ER) or other ER-related stress; results in changes in the regulation of transcription and translation.",1617.36529749277,0.0535250478414671,5.44083347354892
"GO:0030971","receptor tyrosine kinase binding",-0.0595704176281772,0.147661497698986,0.200655991396367,"Binding to a receptor that possesses protein tyrosine kinase activity.",2857.98211831826,0.0411443064956376,-1.44784109156131
"GO:0030976","thiamine pyrophosphate binding",-1.0076646932131,0.00111399154337695,0.00216136905702114,"Binding to thiamine pyrophosphate, the diphosphoric ester of thiamine. Acts as a coenzyme of several (de)carboxylases, transketolases, and alpha-oxoacid dehydrogenases.",27.5337687213688,0.309096446759306,-3.26003324780298
"GO:0031005","filamin binding",-1.55769265440916,0.275963199775745,0.348089945171678,"Binding to a filamin, any member of a family of high molecular mass cytoskeletal proteins that crosslink actin filaments to form networks and stress fibers. Filamins contain an amino-terminal alpha-actinin-like actin binding domain, which is followed by a rod-domain composed of 4 to 24 100-residue repetitive segments including a carboxy-terminal dimerization domain.",1.66591245216092,1.42982023595381,-1.08943251413003
"GO:0031012","extracellular matrix",-0.499287867130632,1.69366845521192e-74,2.51545547326897e-73,"A structure lying external to one or more cells, which provides structural support, biochemical or biomechanical cues for cells or tissues.",16636.1542795782,0.0273418571142221,-18.2609346923594
"GO:0031023","microtubule organizing center organization",0.600359423042443,2.0850306491394e-12,7.44049008296953e-12,"A process that is carried out at the cellular level which results in the assembly, arrangement of constituent parts, or disassembly of a microtubule organizing center, a structure from which microtubules grow.",380.158434056027,0.0854157248119046,7.02867562576451
"GO:0031047","gene silencing by RNA",-0.23333872202748,7.29960074284592e-10,2.2540055588085e-09,"Any process in which RNA molecules inactivate expression of target genes.",2172.63058352895,0.0378830181808329,-6.15945437382121
"GO:0031069","hair follicle morphogenesis",1.37351415215807,4.22636505037586e-06,1.01403912300827e-05,"The process in which the anatomical structures of the hair follicle are generated and organized.",31.8617422216605,0.298594691123165,4.59992824049076
"GO:0031083","BLOC-1 complex",-0.337466144399483,8.3787167755655e-16,3.51306434983452e-15,"A protein complex required for the biogenesis of specialized organelles of the endosomal-lysosomal system, such as melanosomes and platelet dense granules. Many of the protein subunits are conserved between mouse and human; the mouse complex contains the Pallidin, Muted, Cappuccino, Dysbindin, Snapin, BLOS1, BLOS2, AND BLOS3 proteins.",4117.08247307774,0.0419288619378198,-8.04854052323059
"GO:0031084","BLOC-2 complex",-0.187561628678295,2.31800017291352e-06,5.67130204718633e-06,"A protein complex required for the biogenesis of specialized organelles of the endosomal-lysosomal system, such as melanosomes and platelet dense granules. The human complex contains the Hps3, Hps5, and Hps6 proteins; the mouse complex contains ru2 and ru.",3021.42036907823,0.0397080415589483,-4.72351748700202
"GO:0031105","septin complex",0.130693400233461,0.0109204894211389,0.0184103214941502,"A protein complex containing septins.  Typically, these complexes contain multiple septins and are oligomeric.",6347.01195119135,0.0513483082446773,2.54523283631274
"GO:0031110","regulation of microtubule polymerization or depolymerization",-0.491527852087615,3.7099766479214e-62,4.77093948199161e-61,"Any process that modulates the frequency, rate or extent of microtubule polymerization or depolymerization by the addition or removal of tubulin heterodimers from a microtubule.",4042.30047445584,0.0295428386050155,-16.6378004043311
"GO:0031122","cytoplasmic microtubule organization",-0.484279515598444,1.15360674090498e-16,5.04762783520459e-16,"A process that is carried out at the cellular level which results in the assembly, arrangement of constituent parts, or disassembly of structures formed of microtubules and associated proteins in the cytoplasm of a cell.",1066.75101130457,0.0584328066297453,-8.28780172527125
"GO:0031123","RNA 3'-end processing",0.897919906761777,1.17606795182377e-06,2.95629000047239e-06,"Any process involved in forming the mature 3' end of an RNA molecule.",81.1780467369148,0.184771342730548,4.85962754555079
"GO:0031146","SCF-dependent proteasomal ubiquitin-dependent protein catabolic process",0.230935166608118,0.0016971564604589,0.00321301882864258,"The chemical reactions and pathways resulting in the breakdown of a protein or peptide by hydrolysis of its peptide bonds, initiated by the covalent attachment of ubiquitin, with ubiquitin-protein ligation catalyzed by an SCF (Skp1/Cul1/F-box protein) complex, and mediated by the proteasome.",486.897366066436,0.0735773634666727,3.13867140282516
"GO:0031175","neuron projection development",0.934450861544057,0.115884808920981,0.161119104400412,"The process whose specific outcome is the progression of a neuron projection over time, from its formation to the mature structure. A neuron projection is any process extending from a neural cell, such as axons or dendrites (collectively called neurites).",7.00452456708343,0.594327192602119,1.57228353872349
"GO:0031177","phosphopantetheine binding",-0.758845932870452,8.69323959188932e-279,3.98566136941187e-277,"Binding to phosphopantetheine, the vitamin pantetheine 4'-(dihydrogen phosphate).",22161.6445528995,0.0212693333974333,-35.6779368065211
"GO:0031225","anchored component of membrane",0.98901496705586,0.815375540000369,0.864035014580499,"The component of a membrane consisting of the gene products that are tethered to the membrane only by a covalently attached anchor, such as a lipid group that is embedded in the membrane. Gene products with peptide sequences that are embedded in the membrane are excluded from this grouping.",0.200144097116722,4.23566551870496,0.233496946982312
"GO:0031226","intrinsic component of plasma membrane",-0.919331398305184,1.85368878468965e-125,3.98921392541884e-124,"The component of the plasma membrane consisting of the gene products and protein complexes having either part of their peptide sequence embedded in the hydrophobic region of the membrane or some other covalently attached group such as a GPI anchor that is similarly embedded in the membrane.",2696.74595403853,0.0385873553549693,-23.824680127678
"GO:0031234","extrinsic component of cytoplasmic side of plasma membrane",1.09170863682944,0.0974331965926539,0.138188709895028,"The component of a plasma membrane consisting of gene products and protein complexes that are loosely bound to its cytoplasmic surface, but not integrated into the hydrophobic region.",6.5383314745011,0.658676793995134,1.65742690008525
"GO:0031251","PAN complex",0.0990120799082742,0.0785243065937095,0.113429974387763,"A complex that possesses poly(A)-specific ribonuclease activity; catalyzes the message-specific shortening of mRNA poly(A) tails. Contains at least two subunits, known as Pan2p and Pan3p in Saccharomyces.",2416.83818009462,0.0562788215004996,1.75931331304433
"GO:0031252","cell leading edge",0.43004963975998,0.00809788663954023,0.0138962106776162,"The area of a motile cell closest to the direction of movement.",79.3645559893562,0.16240784498718,2.64796100086129
"GO:0031267","small GTPase binding",0.24490103330808,0.014549541506672,0.024104464287173,"Binding to a small monomeric GTPase.",263.478462564954,0.100229551040062,2.44340147957156
"GO:0031282","regulation of guanylate cyclase activity",0.027278112086724,0.994856369700607,1,"Any process that modulates the frequency, rate or extent of guanylate cyclase activity.",0.19985470699044,4.23137598584247,0.00644662922368334
"GO:0031295","T cell costimulation",3.31351861988095,5.15455387621692e-36,4.02627930553388e-35,"The process of providing, via surface-bound receptor-ligand pairs, a second, antigen-independent, signal in addition to that provided by the T cell receptor to augment T cell activation.",53.4639766756843,0.264459297158351,12.5294087047993
"GO:0031301","integral component of organelle membrane",-2.24535764601918,0.000122489289773329,0.000259367381658586,"The component of the organelle membrane consisting of the gene products having at least some part of their peptide sequence embedded in the hydrophobic region of the membrane.",12.4912111602699,0.58456265320868,-3.84108980225532
"GO:0031305","integral component of mitochondrial inner membrane",-0.225221966124277,7.53936074254488e-17,3.34747616968993e-16,"The component of the mitochondrial inner membrane consisting of the gene products having at least some part of their peptide sequence embedded in the hydrophobic region of the membrane.",4855.29441788923,0.0270106771169954,-8.33825694738192
"GO:0031334","positive regulation of protein-containing complex assembly",0.342202802948111,3.96730208356679e-22,2.15645363253669e-21,"Any process that activates or increases the frequency, rate or extent of protein complex assembly.",2638.19171443443,0.0353809382648723,9.67195387488817
"GO:0031369","translation initiation factor binding",-0.285824226626961,1.64890056824731e-13,6.32278417897012e-13,"Binding to a translation initiation factor, any polypeptide factor involved in the initiation of ribosome-mediated translation.",3581.32586776122,0.0387581454208158,-7.37455890945322
"GO:0031396","regulation of protein ubiquitination",0.389108309093185,1.18565200025376e-13,4.57974371526588e-13,"Any process that modulates the frequency, rate or extent of the addition of ubiquitin groups to a protein.",1133.46542462195,0.0524519537025523,7.41837589691633
"GO:0031397","negative regulation of protein ubiquitination",-1.4253422630818,3.35685841289055e-10,1.06141145319133e-09,"Any process that stops, prevents, or reduces the frequency, rate or extent of the addition of ubiquitin groups to a protein.",69.9948135209913,0.226917222769864,-6.2813313404922
"GO:0031410","cytoplasmic vesicle",-0.269424986056264,0.0127358924483582,0.021249997763914,"A vesicle found in the cytoplasm of a cell.",197.481445324805,0.10815631665527,-2.49107028038881
"GO:0031418","L-ascorbic acid binding",0.223706777699203,5.86282895364096e-05,0.000128531250137513,"Binding to L-ascorbic acid, (2R)-2-[(1S)-1,2-dihydroxyethyl]-4-hydroxy-5-oxo-2,5-dihydrofuran-3-olate; L-ascorbic acid is vitamin C and has co-factor and anti-oxidant activities in many species.",820.457534133707,0.0556724826966376,4.01826480270682
"GO:0031419","cobalamin binding",-0.230544497089266,0.0419228709788902,0.0640690832568691,"Binding to cobalamin (vitamin B12), a water-soluble vitamin characterized by possession of a corrin nucleus containing a cobalt atom.",211.232929508252,0.113329498909753,-2.03428497705487
"GO:0031461","cullin-RING ubiquitin ligase complex",-0.179942531765366,0.0461105253786848,0.0699116448768126,"Any ubiquitin ligase complex in which the catalytic core consists of a member of the cullin family and a RING domain protein; the core is associated with one or more additional proteins that confer substrate specificity.",508.791366712121,0.0902247904720413,-1.99438015676109
"GO:0031464","Cul4A-RING E3 ubiquitin ligase complex",0.205710140486794,1.23138115075091e-12,4.46984999472234e-12,"A ubiquitin ligase complex in which a cullin from the Cul4A subfamily and a RING domain protein form the catalytic core; substrate specificity is conferred by an adaptor protein.",5104.87926781776,0.0289658963559506,7.10180475545803
"GO:0031490","chromatin DNA binding",-0.0714123137157313,0.00350494645430668,0.00631249536475899,"Binding to DNA that is assembled into chromatin.",12674.3571982637,0.0244597246570547,-2.91958780063923
"GO:0031514","motile cilium",-0.557752984743093,0.0200857261020446,0.0325351738473212,"A cilium which may have a variable arrangement of axonemal microtubules and also contains molecular motors. It may beat with a whip-like pattern that promotes cell motility or transport of fluids and other cells across a cell surface, such as on epithelial cells that line the lumenal ducts of various tissues; or they may display a distinct twirling motion that directs fluid flow asymmetrically across the cellular surface to affect asymmetric body plan organization. Motile cilia can be found in single as well as multiple copies per cell.",45.5358493776292,0.239920314873369,-2.3247426339761
"GO:0031515","tRNA (m1A) methyltransferase complex",0.172172112080122,0.00814368293536219,0.0139634368379503,"A protein complex involved in the catalysis of the formation of the modified nucleotide 1-methyladenosine (m1A) in tRNA. In yeast, it is a heterotetramer of two subunits, Gcd10p and Gcd14p, while in bacteria and archaea it is a homotetramer.",797.822476435772,0.0650674989667014,2.64605394112708
"GO:0031519","PcG protein complex",0.241531350308579,0.00700046117697633,0.0120917056693227,"A chromatin-associated multiprotein complex containing Polycomb Group proteins. In Drosophila, Polycomb group proteins are involved in the long-term maintenance of gene repression, and PcG protein complexes associate with Polycomb group response elements (PREs) in target genes to regulate higher-order chromatin structure.",319.124534437495,0.0895614621559706,2.69682232172532
"GO:0031581","hemidesmosome assembly",0.822848166575518,0.00657575234273881,0.0113954492118621,"Assembly of hemidesmosomes, integrin-containing protein complexes that bind to laminin in the basal lamina. Hemidesmosomes form the contact between the basal surface of epithelial cells and the underlying basal lamina.",34.7104847712678,0.30278500726382,2.71759878076975
"GO:0031588","nucleotide-activated protein kinase complex",-0.49322175247823,3.24210219420481e-07,8.51506043284923e-07,"A protein complex that possesses nucleotide-dependent protein kinase activity. The nucleotide can be AMP (in S. pombe and human) or ADP (in S. cerevisiae).",342.579868466396,0.0965435505476212,-5.10880063640235
"GO:0031623","receptor internalization",-0.221695425930523,1.61133194857145e-24,9.38756651805852e-24,"A receptor-mediated endocytosis process that results in the movement of receptors from the plasma membrane to the inside of the cell. The process begins when cell surface receptors are monoubiquitinated following ligand-induced activation. Receptors are subsequently taken up into endocytic vesicles from where they are either targeted to the lysosome or vacuole for degradation or recycled back to the plasma membrane.",12148.8521811991,0.0216920467180992,-10.2201248601197
"GO:0031625","ubiquitin protein ligase binding",-0.00105234773067673,0.961917078488698,0.983365544611083,"Binding to a ubiquitin protein ligase enzyme, any of the E3 proteins.",12595.310736046,0.0220396186237952,-0.0477480009359397
"GO:0031639","plasminogen activation",0.745408251832741,0.0686981466651814,0.100404983587573,"The process in which inactive plasminogen is processed to active plasmin. This process includes cleavage at an internal Arg-Val site to form an N-terminal A-chain and C-terminal B-chain held together by a disulfide bond, and can include further proteolytic cleavage events to remove the preactivation peptide.",20.6043680804408,0.409475029620211,1.82039977510743
"GO:0031647","regulation of protein stability",-0.790739372375716,1.33946240445759e-179,3.97876931126911e-178,"Any process that affects the structure and integrity of a protein, altering the likelihood of its degradation or aggregation.",5020.06075601921,0.027671552277591,-28.5758950001541
"GO:0031648","protein destabilization",0.499716349872612,2.29813037680838e-22,1.2588979129062e-21,"Any process that decreases the stability of a protein, making it more vulnerable to degradative processes or aggregation.",1310.72666948628,0.0513706503453544,9.72766251766564
"GO:0031663","lipopolysaccharide-mediated signaling pathway",-0.802699053095015,0.0232233321052909,0.0373023666489402,"A series of molecular signals initiated by the binding of a lipopolysaccharide (LPS) to a receptor on the surface of a target cell, and ending with regulation of a downstream cellular process, e.g. transcription. Lipopolysaccharides are major components of the outer membrane of Gram-negative bacteria, making them prime targets for recognition by the immune system.",30.6275786197085,0.353652345025472,-2.26974050755185
"GO:0031681","G-protein beta-subunit binding",-0.934533978126991,0.685703102976204,0.754380722053633,"Binding to a G-protein beta subunit.",0.800068522516578,2.3092411045423,-0.40469311597163
"GO:0031683","G-protein beta/gamma-subunit complex binding",0.0627162250823098,0.770989983055334,0.826228594646188,"Binding to a complex of G-protein beta/gamma subunits.",54.035718853779,0.215460293006959,0.291080199544165
"GO:0031848","protection from non-homologous end joining at telomere",0.418674510339773,3.45258715992285e-31,2.42716877342576e-30,"A process that prevents non-homologous end joining at telomere, thereby ensuring that telomeres do not fuse.",2701.30263112156,0.0360456123594606,11.6151310224554
"GO:0031901","early endosome membrane",0.129858170012279,0.000135619792339591,0.000286022142044196,"The lipid bilayer surrounding an early endosome.",3078.25089689656,0.0340297124254163,3.81602313851143
"GO:0031902","late endosome membrane",0.500416727683452,1.3038026957746e-13,5.02691021094814e-13,"The lipid bilayer surrounding a late endosome.",556.008181091994,0.067571089139656,7.40578158580796
"GO:0031931","TORC1 complex",0.252854685169085,0.000249544759234182,0.000514457377541437,"A protein complex that contains at least TOR (target of rapamycin) and Raptor (regulatory-associated protein of TOR), or orthologs of, in complex with other signaling components. Mediates the phosphorylation and activation of S6K. In Saccharomyces, the complex contains Kog1p, Lst8p, Tco89p, and either Tor1p or Tor2p.",631.932727303365,0.0690345492002213,3.66272667958951
"GO:0031957","very long-chain fatty acid-CoA ligase activity",-0.744320885969014,7.39412087583471e-08,2.03579646568347e-07,"Catalysis of the reaction: ATP + a very-long-chain fatty acid + CoA = AMP + diphosphate + an acyl-CoA; a very long-chain fatty acid is a fatty acid which has a chain length greater than C22.",164.485351087467,0.138315645346284,-5.38132099304855
"GO:0031965","nuclear membrane",-0.0852511949486465,2.78281617885108e-09,8.37226721996708e-09,"Either of the lipid bilayers that surround the nucleus and form the nuclear envelope; excludes the intermembrane space.",36977.4532511153,0.0143425824296519,-5.94392225854654
"GO:0031966","mitochondrial membrane",-0.088387690459446,0.0187131006986877,0.030481842037665,"Either of the lipid bilayers that surround the mitochondrion and form the mitochondrial envelope.",13605.708665974,0.0375926276777003,-2.3511974533208
"GO:0031989","bombesin receptor signaling pathway",0.793035977375389,0.275867645897423,0.348089945171678,"The series of molecular signals generated as a consequence of a bombesin receptor binding to one of its physiological ligands.",6.0086271360065,0.727790086450325,1.0896493262821
"GO:0032007","negative regulation of TOR signaling",-0.0959461403912426,0.221852118262575,0.288462464498009,"Any process that stops, prevents, or reduces the frequency, rate or extent of TOR signaling.",557.878606491158,0.0785402149820372,-1.22161800057698
"GO:0032008","positive regulation of TOR signaling",-0.0192513806324257,0.692302694582336,0.760451241080285,"Any process that activates or increases the frequency, rate or extent of TOR signaling.",1652.41079617925,0.048647512057914,-0.395732069699829
"GO:0032012","regulation of ARF protein signal transduction",-0.211280816515748,6.54955595544847e-27,4.14805210511737e-26,"Any process that modulates the frequency, rate or extent of ARF protein signal transduction.",9980.73254108615,0.0196709182935319,-10.7407703780266
"GO:0032039","integrator complex",0.139815760160128,0.00258785700080146,0.00477079581703695,"A protein complex that stably associates with the C-terminus of RNA polymerase II and mediates 3'-end processing of small nuclear RNAs generated by RNA polymerase II.",1994.0281906257,0.0464060977492756,3.01287475011428
"GO:0032040","small-subunit processome",0.137934328952368,3.26133525539537e-05,7.32497982282091e-05,"A large ribonucleoprotein complex that is an early preribosomal complex. In S. cerevisiae, it has a size of 80S and consists of the 35S pre-rRNA, early-associating ribosomal proteins most of which are part of the small ribosomal subunit, the U3 snoRNA and associated proteins.",6331.48392413249,0.0332019369286589,4.1544060892817
"GO:0032049","cardiolipin biosynthetic process",-0.0546020950169835,0.469082861095443,0.550832825195038,"The chemical reactions and pathways resulting in the formation of cardiolipin, 1,3-bis(3-phosphatidyl)glycerol.",431.806992826353,0.0754201642354473,-0.723972104416615
"GO:0032050","clathrin heavy chain binding",-0.272313630753314,1.80408615062347e-08,5.19074719190301e-08,"Binding to a clathrin heavy chain.",1357.04579553554,0.0483699534871471,-5.62980964671949
"GO:0032088","negative regulation of NF-kappaB transcription factor activity",0.143652788839114,0.262245550700752,0.333178232787883,"Any process that stops, prevents, or reduces the frequency, rate or extent of the activity of the transcription factor NF-kappaB.",148.452412335357,0.1281356388456,1.1210994078877
"GO:0032091","negative regulation of protein binding",-1.26264762559588,6.55742192147529e-11,2.15079359757253e-10,"Any process that stops, prevents, or reduces the frequency, rate or extent of protein binding.",85.7880286388147,0.193347845789933,-6.53044579026607
"GO:0032092","positive regulation of protein binding",-0.138064974339896,0.032477410165433,0.0507369318806654,"Any process that activates or increases the frequency, rate or extent of protein binding.",577.274540526223,0.0645620531436249,-2.13848487799415
"GO:0032212","positive regulation of telomere maintenance via telomerase",0.029555749974716,0.332020470811215,0.409252585003421,"Any process that activates or increases the frequency, rate or extent of the addition of telomeric repeats by telomerase.",3834.62327412728,0.0304682055412216,0.970052205231743
"GO:0032228","regulation of synaptic transmission, GABAergic",0.0751298303343574,0.666664657958509,0.73921964439248,"Any process that modulates the frequency, rate or extent of GABAergic synaptic transmission, the process of communication from a neuron to another neuron across a synapse using the neurotransmitter gamma-aminobutyric acid (GABA).",86.6768351698548,0.174424394861638,0.430730061548754
"GO:0032230","positive regulation of synaptic transmission, GABAergic",-0.835906858352095,0.263241722550274,0.33424250021585,"Any process that activates, maintains or increases the frequency, rate or extent of GABAergic synaptic transmission, the process of communication from a neuron to another neuron across a synapse using the neurotransmitter gamma-aminobutyric acid (GABA).",5.85482276919037,0.747171355900186,-1.1187619168631
"GO:0032259","methylation",-0.18946484166269,0.000126063505002062,0.000266400733516381,"The process in which a methyl group is covalently attached to a molecule.",1252.01281633615,0.0494166990082121,-3.83402464076374
"GO:0032264","IMP salvage",-0.0909718354154536,0.0198111917225901,0.0321151447678266,"Any process which produces inosine monophosphate from derivatives of it, without de novo synthesis.",2311.65605719406,0.0390453041908051,-2.32990464028391
"GO:0032266","phosphatidylinositol-3-phosphate binding",0.158434594442605,0.00018641420918331,0.000388869997198419,"Binding to phosphatidylinositol-3-phosphate, a derivative of phosphatidylinositol in which the inositol ring is phosphorylated at the 3' position.",1491.42055493867,0.0423990367830047,3.73674985244269
"GO:0032300","mismatch repair complex",0.390004510260463,8.46492575522882e-11,2.75501981755827e-10,"Any complex formed of proteins that act in mismatch repair.",794.518028258923,0.0600737266274164,6.49209782971036
"GO:0032367","intracellular cholesterol transport",0.150024593446101,0.000548312492844029,0.0010971452062695,"The directed movement of cholesterol, cholest-5-en-3-beta-ol, within cells.",1473.94296106503,0.0434102469836235,3.45597189305782
"GO:0032391","photoreceptor connecting cilium",-0.201118007449554,1.99246536141537e-05,4.52326097656083e-05,"The portion of the photoreceptor cell cilium linking the photoreceptor inner and outer segments. It's considered to be equivalent to the ciliary transition zone.",1176.8434358245,0.0471473450357977,-4.26573346382177
"GO:0032402","melanosome transport",0.59856784875873,1.06518911961632e-05,2.48230260029926e-05,"The directed movement of melanosomes into, out of or within a cell, or between cells, by means of some agent such as a transporter or pore.",140.680485177209,0.13593006075738,4.40349872150139
"GO:0032418","lysosome localization",-0.0379967474768298,0.661281031464951,0.734408475702781,"Any process in which a lysosome is transported to, and/or maintained in, a specific location.",492.003300797971,0.086721816421652,-0.438145198574774
"GO:0032420","stereocilium",-2.58206889116682,3.21796421221451e-91,5.51763131996781e-90,"An actin-based protrusion from the apical surface of auditory and vestibular hair cells and of neuromast cells. These protrusions are supported by a bundle of cross-linked actin filaments (an actin cable), oriented such that the plus (barbed) ends are at the tip of the protrusion, capped by a tip complex which bridges to the plasma. Bundles of stereocilia act as mechanosensory organelles.",309.711495004762,0.127478915193383,-20.2548702838416
"GO:0032421","stereocilium bundle",0.373368475603706,0.314535068918124,0.390668115635055,"A bundle of cross-linked stereocilia, arranged around a kinocilium on the apical surface of a sensory hair cell (e.g. a neuromast, auditory or vestibular hair cell). Stereocilium bundles act as mechanosensory organelles by responding to fluid motion or fluid pressure changes.",20.0049378579977,0.371233285706852,1.00575161220468
"GO:0032422","purine-rich negative regulatory element binding",-0.417194796631381,0.0182334629161427,0.0297634468189977,"Binding to a 30-bp purine-rich negative regulatory element; the best characterized such element is found in the first intronic region of the rat cardiac alpha-myosin heavy chain gene, and contains two palindromic high-affinity Ets-binding sites (CTTCCCTGGAAG). The presence of this element restricts expression of the gene containing it to cardiac myocytes.",81.172177738711,0.176714355907021,-2.36084269718806
"GO:0032435","negative regulation of proteasomal ubiquitin-dependent protein catabolic process",-0.457774830871822,0.674380179143684,0.744044213295976,"Any process that stops, prevents, or reduces the frequency, rate or extent of the breakdown of a protein or peptide by hydrolysis of its peptide bonds, initiated by the covalent attachment of ubiquitin, and mediated by the proteasome.",1.99964421542086,1.08956621643233,-0.420144112370479
"GO:0032436","positive regulation of proteasomal ubiquitin-dependent protein catabolic process",0.393779870367303,8.79406823943753e-08,2.40866102817841e-07,"Any process that activates or increases the frequency, rate or extent of the breakdown of a protein or peptide by hydrolysis of its peptide bonds, initiated by the covalent attachment of ubiquitin, and mediated by the proteasome.",595.972547989517,0.0736033305075453,5.35002788123746
"GO:0032456","endocytic recycling",0.0740434833325344,0.0387300687188506,0.0595347776443557,"The directed movement of membrane-bounded vesicles from endosomes back to the plasma membrane, a trafficking pathway that promotes the recycling of internalized transmembrane proteins.",2781.43959940416,0.0358209628710556,2.06704335668106
"GO:0032465","regulation of cytokinesis",-0.0587207463820307,0.168013578249803,0.224978181923069,"Any process that modulates the frequency, rate or extent of the division of the cytoplasm of a cell and its separation into two daughter cells.",2173.6198010693,0.0425940227497549,-1.37861471143551
"GO:0032467","positive regulation of cytokinesis",6.75241141668156,2.73361535100039e-24,1.58820792706882e-23,"Any process that activates or increases the frequency, rate or extent of the division of the cytoplasm of a cell, and its separation into two daughter cells.",73.8640463545797,0.664034773557879,10.1687617660478
"GO:0032469","endoplasmic reticulum calcium ion homeostasis",-0.0385271888623973,0.400294614979586,0.480216918652984,"Any process involved in the maintenance of an internal steady state of calcium ions within the endoplasmic reticulum of a cell or between the endoplasmic reticulum and its surroundings.",1481.39729162589,0.0458059798291844,-0.841095180281473
"GO:0032474","otolith morphogenesis",0.0284067088019496,0.586640435230542,0.667327226483934,"The process in which the anatomical structures of an otolith are generated and organized.",1788.82457193515,0.0522459806530844,0.543710893103364
"GO:0032482","Rab protein signal transduction",-0.232274376890287,9.90666638799438e-06,2.31631479071842e-05,"A series of molecular signals within the cell that are mediated by a member of the Rab family of proteins switching to a GTP-bound active state.",2792.55480106578,0.052560270105085,-4.41920059440135
"GO:0032485","regulation of Ral protein signal transduction",-0.807497765452981,5.50267215069367e-65,7.39180609287449e-64,"Any process that modulates the frequency, rate or extent of Ral protein signal transduction.",1474.55791579908,0.047434425891076,-17.023453963736
"GO:0032486","Rap protein signal transduction",0.0601289289071889,0.131687998012606,0.181522867848749,"A series of molecular signals within the cell that are mediated by a member of the Rap family of proteins switching to a GTP-bound active state.",2113.39813071006,0.0398870834292731,1.50747870582737
"GO:0032496","response to lipopolysaccharide",2.13173862645717,0.000519919980909631,0.00104330279708698,"Any process that results in a change in state or activity of an organism (in terms of movement, secretion, enzyme production, gene expression, etc.) as a result of a lipopolysaccharide stimulus; lipopolysaccharide is a major component of the cell wall of gram-negative bacteria.",10.6852017222843,0.61428468850556,3.47027797753398
"GO:0032502","developmental process",1.9185138353291,2.17821168246721e-309,1.09377343769604e-307,"A biological process whose specific outcome is the progression of an integrated living unit: an anatomical structure (which may be a subcellular structure, cell, tissue, or organ), or organism over time from an initial condition to a later condition.",1308.17345582612,0.0510247806369916,37.5996488643055
"GO:0032508","DNA duplex unwinding",0.160449222491517,0.056438306186491,0.0837049140276438,"The process in which interchain hydrogen bonds between two strands of DNA are broken or 'melted', generating a region of unpaired single strands.",411.189681712235,0.0841089391673366,1.90763578853729
"GO:0032526","response to retinoic acid",-0.192919014369954,0.000160416299567527,0.000336300174739477,"Any process that results in a change in state or activity of a cell or an organism (in terms of movement, secretion, enzyme production, gene expression, etc.) as a result of a retinoic acid stimulus.",979.320790447621,0.0511129840798558,-3.77436414333684
"GO:0032527","protein exit from endoplasmic reticulum",0.0881397648917225,0.0382016257742924,0.05880819617371,"The directed movement of proteins from the endoplasmic reticulum.",1629.92335038047,0.0425244427096288,2.07268477316847
"GO:0032543","mitochondrial translation",0.283107524736392,9.48455210668137e-06,2.22501895361413e-05,"The chemical reactions and pathways resulting in the formation of a protein in a mitochondrion. This is a ribosome-mediated process in which the information in messenger RNA (mRNA) is used to specify the sequence of amino acids in the protein; the mitochondrion has its own ribosomes and transfer RNAs, and uses a genetic code that differs from the nuclear code.",898.850437057384,0.0639270531100043,4.42860277399659
"GO:0032580","Golgi cisterna membrane",-0.325552317197241,3.0749411969445e-16,1.31542616315536e-15,"The lipid bilayer surrounding any of the thin, flattened compartments that form the central portion of the Golgi complex.",2465.13900322253,0.0398455741780817,-8.17035075821095
"GO:0032588","trans-Golgi network membrane",2.88547231817298,0.189296818473529,0.250142224411449,"The lipid bilayer surrounding any of the compartments that make up the trans-Golgi network.",0.670567317835629,2.1981835365524,1.31266214590002
"GO:0032655","regulation of interleukin-12 production",0.00687450440735042,0.79560199380351,0.847864883745125,"Any process that modulates the frequency, rate, or extent of interleukin-12 production.",5035.92248197202,0.026538072895294,0.259043090071905
"GO:0032722","positive regulation of chemokine production",10.4529154838235,1.2378126488139e-18,5.81413558206798e-18,"Any process that activates or increases the frequency, rate, or extent of chemokine production.",70.9244958292253,1.18631754343236,8.81122895104476
"GO:0032728","positive regulation of interferon-beta production",0.112641855968039,0.00192984194328995,0.00361601148243413,"Any process that activates or increases the frequency, rate, or extent of interferon-beta production.",3869.9457449287,0.0363264489972349,3.10082210283238
"GO:0032732","positive regulation of interleukin-1 production",0.970358596160149,9.41056731647361e-21,4.86443295844187e-20,"Any process that activates or increases the frequency, rate, or extent of interleukin-1 production.",272.86586430655,0.103865230186125,9.34247769365439
"GO:0032790","ribosome disassembly",0.161297267151227,0.000315115365632276,0.000643971226858983,"The disaggregation of a ribosome into its constituent components; includes the dissociation of ribosomal subunits.",1612.36247033695,0.0447731293252827,3.60254620532287
"GO:0032793","positive regulation of CREB transcription factor activity",-0.152328939856489,0.00986780618003896,0.0167292630495998,"Any process that activates or increases the frequency, rate or extent of activity of the transcription factor CREB.",1126.35096042605,0.0590324422432475,-2.58042754234708
"GO:0032808","lacrimal gland development",0.482697652845021,7.21061349670376e-19,3.42504141093429e-18,"The process whose specific outcome is the progression of the lacrimal gland over time, from its formation to the mature structure. The lacrimal gland produces secretions that lubricate and protect the cornea of the eye.",3246.12785055283,0.0544093478001846,8.87159417197395
"GO:0032869","cellular response to insulin stimulus",-0.114620668966663,0.0119504517529371,0.0200345808799239,"Any process that results in a change in state or activity of a cell (in terms of movement, secretion, enzyme production, gene expression, etc.) as a result of an insulin stimulus. Insulin is a polypeptide hormone produced by the islets of Langerhans of the pancreas in mammals, and by the homologous organs of other organisms.",1485.60286252792,0.0456001288859375,-2.51360405698351
"GO:0032874","positive regulation of stress-activated MAPK cascade",0.0355043947292391,0.674543639555195,0.744044213295976,"Any process that activates or increases the frequency, rate or extent of signal transduction mediated by the stress-activated MAPK cascade.",652.846039614589,0.0845503071248336,0.419920351996107
"GO:0032880","regulation of protein localization",-0.364186910035752,2.04363013721472e-07,5.42140372249791e-07,"Any process that modulates the frequency, rate or extent of any process in which a protein is transported to, or maintained in, a specific location.",546.530068710659,0.070098972210052,-5.19532453264027
"GO:0032886","regulation of microtubule-based process",-0.132985217153161,0.000278329268871004,0.000569899444707716,"Any process that modulates the frequency, rate or extent of any cellular process that depends upon or alters the microtubule cytoskeleton.",2489.1323783628,0.0365879064979493,-3.63467686134528
"GO:0032922","circadian regulation of gene expression",-0.143825250479603,1.08531400796792e-08,3.19236714477593e-08,"Any process that modulates the frequency, rate or extent of gene expression such that an expression pattern recurs with a regularity of approximately 24 hours.",5990.46666436473,0.0251582295874995,-5.7168271709813
"GO:0032958","inositol phosphate biosynthetic process",0.100693871220111,0.240224099067018,0.309299526820721,"The chemical reactions and pathways resulting in the formation of an inositol phosphate, 1,2,3,4,5,6-cyclohexanehexol, with one or more phosphate groups attached.",356.50045492122,0.0857387345208574,1.17442684199654
"GO:0032964","collagen biosynthetic process",-0.529328985897929,2.58059040450637e-47,2.55514796389856e-46,"The chemical reactions and pathways resulting in the formation of collagen, any of a group of fibrous proteins of very high tensile strength that form the main component of connective tissue in animals. Collagen is highly enriched in glycine (some regions are 33% glycine) and proline, occurring predominantly as 3-hydroxyproline (about 20%).",4980.32946998865,0.0366368263043152,-14.4480032604675
"GO:0032977","membrane insertase activity",0.235514465098499,0.0133786705936738,0.0221995407411944,"Binds transmembrane domain-containing proteins and mediates their integration into a membrane.",272.823183181159,0.0952140275930425,2.47352696921004
"GO:0032981","mitochondrial respiratory chain complex I assembly",-0.181514518305676,0.000140461178354963,0.000295936688462154,"The aggregation, arrangement and bonding together of a set of components to form mitochondrial respiratory chain complex I.",2502.42362027108,0.0476747057938198,-3.80735476566289
"GO:0032991","protein-containing complex",-0.0727282640735268,2.46573295354061e-05,5.57366645125095e-05,"A stable assembly of two or more macromolecules, i.e. proteins, nucleic acids, carbohydrates or lipids, in which at least one component is a protein and the constituent parts function together.",30258.2980269328,0.0172427108634887,-4.2179135664525
"GO:0033011","perinuclear theca",0.0121700828304752,0.864727063643045,0.898821772904476,"A condensed cytoplasmic structure that covers the nucleus of mammalian spermatozoa except for a narrow zone around the insertion of the tail. It shows two distinct regions, a subacrosomal layer and, continuing caudally beyond the acrosomic system, the postacrosomal sheath. The perinuclear theca has been considered a cytoskeletal scaffold responsible for maintaining the overall architecture of the mature sperm head; however, recent studies indicate that the bulk of its constituent proteins are not traditional cytoskeletal proteins but rather a variety of cytosolic proteins.",614.882551944769,0.0714374624448135,0.170359954202975
"GO:0033119","negative regulation of RNA splicing",0.0267417029548247,0.645065722438815,0.720955807431617,"Any process that stops, prevents, or reduces the frequency, rate or extent of RNA splicing.",939.034366278704,0.0580549149842914,0.460627717085806
"GO:0033165","interphotoreceptor matrix",-0.194244702314521,0.848881851271535,0.885406441311408,"A specialized extracellularc matrix that surrounds the photoreceptors of the retina and lies between them and the apical surface of the retinal pigment epithelium. The IPM has been implicated in several important activities required for photoreceptor function and maintenance.",3.73430144281395,1.01941483283501,-0.190545297221468
"GO:0033177","proton-transporting two-sector ATPase complex, proton-transporting domain",-0.34132641730249,8.43028795424896e-12,2.90514334893972e-11,"A protein complex that forms part of a proton-transporting two-sector ATPase complex and carries out proton transport across a membrane. The proton-transporting domain (F0, V0, or A0) includes integral and peripheral membrane proteins.",3492.00610011806,0.0499669974534939,-6.83103717849315
"GO:0033178","proton-transporting two-sector ATPase complex, catalytic domain",-0.686608435617588,2.38773069028285e-38,1.96707969758067e-37,"A protein complex that forms part of a proton-transporting two-sector ATPase complex and catalyzes ATP hydrolysis or synthesis. The catalytic domain (F1, V1, or A1) comprises a hexameric catalytic core and a central stalk, and is peripherally associated with the membrane when the two-sector ATPase is assembled.",1191.55575851365,0.0530250248211107,-12.9487621728417
"GO:0033198","response to ATP",0.814380625194813,1.95428245909679e-29,1.31679926716777e-28,"Any process that results in a change in state or activity of a cell or an organism (in terms of movement, secretion, enzyme production, gene expression, etc.) as a result of an ATP (adenosine 5'-triphosphate) stimulus.",638.231818256789,0.072293218995451,11.2649656013527
"GO:0033209","tumor necrosis factor-mediated signaling pathway",0.67899274446293,0.471653028235065,0.553542702586395,"A series of molecular signals initiated by the binding of a tumor necrosis factor to a receptor on the surface of a cell, and ending with regulation of a downstream cellular process, e.g. transcription.",2.87160200917239,0.943317900915683,0.719792069888453
"GO:0033299","secretion of lysosomal enzymes",0.718535209712513,5.93524149941035e-15,2.40719698504931e-14,"The controlled release of lysosomal enzymes by a cell.",340.77410258007,0.0920571525607009,7.80531647705183
"GO:0033557","Slx1-Slx4 complex",-0.278452184421129,0.033098319774759,0.0515922811566642,"A heterodimeric protein complex that possesses an endonuclease activity that specifically cleaves certain types of branched DNA structures; because such structures often form during the replication ribosomal DNA (rDNA) repeats, the complex plays a role in the maintenance of rDNA. The subunits are known as Slx1 and Slx 4 in budding and fission yeasts, and are conserved in eukaryotes.",148.701855316032,0.130674209261625,-2.13088861217929
"GO:0033567","DNA replication, Okazaki fragment processing",0.54543844440515,6.30946672330674e-27,4.00803172272708e-26,"The DNA metabolic process, occurring during lagging strand synthesis, by which RNA primers are removed from Okazaki fragments, the resulting gaps filled by DNA polymerization, and the ends ligated to form a continuous strand.",1199.78416424962,0.050765767268099,10.7442174866507
"GO:0033596","TSC1-TSC2 complex",0.48659140016869,1.8471808190963e-44,1.71616931606788e-43,"A protein complex consisting of at least tumerin and hamartin; its formation may regulate hamartin homomultimer formation. The complex acts as a GTPase activating protein (GAP) for the small GTPase (Rheb), and inhibits the TOR signaling pathway.",2681.18050021513,0.0347865270773476,13.9879269662866
"GO:0033617","mitochondrial cytochrome c oxidase assembly",0.416842059090801,2.29432809471037e-09,6.93228932914638e-09,"The aggregation, arrangement and bonding together of a set of components to form respiratory chain complex IV (also known as cytochrome c oxidase) in the mitochondrial inner membrane.",577.702703683836,0.0697589159346877,5.97546641179276
"GO:0033693","neurofilament bundle assembly",-0.934509945111228,0.825400504796095,0.871537052414545,"The assembly of neurofilaments into bundles, in which the filaments are longitudinally oriented, with numerous crossbridges between them. Neurofilament bundles may be cross-linked to each other, to membrane-bounded organelles or other cytoskeletal structures such as microtubules.",0.199193099514654,4.23613540118228,-0.220604361430565
"GO:0033699","DNA 5'-adenosine monophosphate hydrolase activity",-0.269395164271053,2.07177688844622e-05,4.69825533089579e-05,"Catalysis of the reaction: 5'-AMP-DNA + H2O = AMP + DNA; nucleophilic release of a covalently linked adenylate residue from a DNA strand, leaving a 5' phosphate terminus.",641.072070642546,0.0632826956971266,-4.25701151481266
"GO:0033743","peptide-methionine (R)-S-oxide reductase activity",-0.624354583827518,4.99929934645404e-13,1.84650128225421e-12,"Catalysis of the reaction: peptide-L-methionine + H(2)O + thioredoxin disulfide = peptide-L-methionine (R)-S-oxide + thioredoxin. Can act on oxidized methionine in peptide linkage with specificity for the R enantiomer. Thioredoxin disulfide is the oxidized form of thioredoxin.",389.116776630216,0.0864120538768392,-7.22531817976915
"GO:0033925","mannosyl-glycoprotein endo-beta-N-acetylglucosaminidase activity",0.0514449931933516,0.676178002272453,0.745457086666285,"Catalysis of the endohydrolysis of the N,N'-diacetylchitobiosyl unit in high-mannose glycopeptides and glycoproteins containing the -[Man(GlcNAc)2]Asn-structure. One N-acetyl-D-glucosamine residue remains attached to the protein; the rest of the oligosaccharide is released intact.",189.764312383425,0.123167190032375,0.417684232138683
"GO:0034061","DNA polymerase activity",0.218044662496649,0.164665129363316,0.221337640425261,"Catalysis of the reaction: deoxynucleoside triphosphate + DNA(n) = diphosphate + DNA(n+1); the synthesis of DNA from deoxyribonucleotide triphosphates in the presence of a nucleic acid template and a 3'hydroxyl group.",98.9264723131701,0.156917301332875,1.38955144298653
"GO:0034063","stress granule assembly",0.00818117853361512,0.910477978027669,0.937255369567616,"The aggregation, arrangement and bonding together of proteins and RNA molecules to form a stress granule.",806.022408603477,0.0727631978173227,0.112435664993099
"GO:0034080","CENP-A containing chromatin assembly",0.102751357691968,0.0938281205259745,0.133614791484997,"The formation of chromatin containing the histone H3 variant CENP-A to form centromeric chromatin. This specialised chromatin occurs at centromeric region in point centromeres,  and the central core in modular centromeres.",712.286924048169,0.0613242848451701,1.67554106748071
"GO:0034113","heterotypic cell-cell adhesion",-0.58305113680782,0.000178726650433088,0.000373572354572233,"The attachment of a cell to a cell of a different type via adhesion molecules.",116.492869221085,0.155591070227937,-3.74733033170646
"GO:0034121","regulation of toll-like receptor signaling pathway",1.05190938928223,1.72468265273037e-10,5.57022314641402e-10,"Any process that modulates the frequency, rate, or extent of toll-like receptor signaling pathway.",116.7240201662,0.164771564292272,6.38404686998265
"GO:0034198","cellular response to amino acid starvation",-0.0763666844200079,0.122688729303371,0.170118691716508,"Any process that results in a change in state or activity of a cell (in terms of movement, secretion, enzyme production, gene expression, etc.) as a result of deprivation of amino acids.",2114.0571756322,0.0494735627416897,-1.54358570897212
"GO:0034219","carbohydrate transmembrane transport",-0.342023991244884,4.80741330763047e-05,0.000106277092932837,"The process in which a carbohydrate is transported across a membrane.",579.956596834719,0.0841429298504887,-4.06479774180216
"GO:0034227","tRNA thio-modification",0.171636172577427,0.0355611355789013,0.0550245304005156,"The addition a sulfur atom to a nucleotide in a tRNA molecule.",762.800029696798,0.0816572305400994,2.10191028329257
"GO:0034237","protein kinase A regulatory subunit binding",0.960271912398589,0.0725641044831381,0.105543238865475,"Binding to one or both of the regulatory subunits of protein kinase A.",7.53292419290432,0.534802796076326,1.79556262503448
"GO:0034316","negative regulation of Arp2/3 complex-mediated actin nucleation",-0.137664355764998,0.00110425426673361,0.00214444958429207,"Any process that stops, prevents, or reduces the frequency, rate or extent of actin nucleation mediated by the Arp2/3 complex and interacting proteins.",2338.20083466772,0.0421956807768713,-3.26252244851695
"GO:0034329","cell junction assembly",0.89702865314925,4.33381490437213e-195,1.42812744270638e-193,"A cellular process that results in the aggregation, arrangement and bonding together of a set of components to form a cell junction.",6333.87678452625,0.0301051470464098,29.7965212316152
"GO:0034364","high-density lipoprotein particle",0.717077351636827,2.8812256578691e-15,1.18450388156841e-14,"A lipoprotein particle with a high density (typically 1.063-1.21 g/ml) and a diameter of 5-10 nm that contains APOAs and may contain APOCs and APOE; found in blood and carries lipids from body tissues to the liver as part of the reverse cholesterol transport process.",337.408295082788,0.0908158942076598,7.89594550483814
"GO:0034389","lipid droplet organization",-0.574624769685721,7.12223684175296e-22,3.83183609674923e-21,"A process that is carried out at the cellular level which results in the assembly, arrangement of constituent parts, or disassembly of a lipid particle.",852.22605710985,0.0597826408644883,-9.61190006624575
"GO:0034417","bisphosphoglycerate 3-phosphatase activity",-0.58635346596975,6.6898050071434e-28,4.3411688492509e-27,"Catalysis of the reaction: 2,3-diphosphoglycerate + H2O = 2-phospho-D-glycerate + phosphate.",1103.48141378819,0.0535512545997469,-10.9493880274566
"GO:0034450","ubiquitin-ubiquitin ligase activity",-0.344261373318226,5.34417393898685e-55,6.05960367598025e-54,"Isoenergetic transfer of ubiquitin from one protein to an existing ubiquitin chain via the reaction X-ubiquitin + Y-ubiquitin -> Y-ubiquitin-ubiquitin + X, where both the X-ubiquitin and Y-ubiquitin-ubiquitin linkages are thioester bonds between the C-terminal glycine of ubiquitin and a sulfhydryl side group of a cysteine residue.",6827.57552319383,0.0220401789902614,-15.6197176742685
"GO:0034451","centriolar satellite",1.04914198632575,4.48315912734528e-33,3.27162027666823e-32,"A small (70-100 nm) cytoplasmic granule that contains a number of centrosomal proteins; centriolar satellites traffic toward microtubule minus ends and are enriched near the centrosome.",337.979279814271,0.0875690632395063,11.9807378029875
"GO:0034453","microtubule anchoring",0.729406712391071,1.92016042240079e-19,9.3524672767743e-19,"Any process in which a microtubule is maintained in a specific location in a cell.",381.723224782186,0.0808857895062896,9.01773620364246
"GO:0034454","microtubule anchoring at centrosome",0.133311817978486,0.00503369924003811,0.00883936028079965,"Any process in which a microtubule is maintained in a specific location in a cell by attachment to a centrosome.",6117.78067856681,0.0475287100717696,2.80486926275049
"GO:0034464","BBSome",-0.147298623510957,0.0129764611407015,0.0215830887584697,"A ciliary protein complex involved in cilium biogenesis. It consists of at least seven Bardet-Biedl syndrome (BBS) proteins and BBIP10. It moves in association with IFT trains through cilia (likely as an IFT-A/B adaptor or cargo), and is required for the integrity of IFT-A and IFT-B.",1430.48417744667,0.059289065785325,-2.48441464812921
"GO:0034470","ncRNA processing",0.280775069590023,8.37492094527916e-25,4.98946561400953e-24,"Any process that results in the conversion of one or more primary non-coding RNA (ncRNA) transcripts into one or more mature ncRNA molecules.",5382.22376155365,0.0273038057654646,10.2833675276567
"GO:0034497","protein localization to phagophore assembly site",-1.3761379197326,0,0,"Any process in which a protein is transported to, or maintained at, the phagophore assembly site (PAS).",3163.87940509744,0.0335690881535795,-40.9942001831187
"GO:0034504","protein localization to nucleus",2.19649551427594,0.133093041805959,0.183100603502132,"A process in which a protein transports or maintains the localization of another protein to the nucleus.",1.40441923540833,1.46236516969344,1.50201574804766
"GO:0034551","mitochondrial respiratory chain complex III assembly",0.53227398414636,7.94810292067492e-09,2.34441245590257e-08,"The aggregation, arrangement and bonding together of a set of components to form the cytochrome bc(1) complex (also known as ubiquinol-cytochrome c reductase), in the mitochondrial inner membrane.",282.54046596724,0.092255635565487,5.76955522428252
"GO:0034553","mitochondrial respiratory chain complex II assembly",-0.405607027636753,0.000197033395676693,0.000410210692479906,"The aggregation, arrangement and bonding together of a set of components to form respiratory chain complex II, in the mitochondrial inner membrane.",205.614778757211,0.108952432879549,-3.72279000034047
"GO:0034587","piRNA metabolic process",0.823657596566103,0.00206045052614174,0.00383538407734593,"The chemical reactions and pathways involving piRNAs, Piwi-associated RNAs, a class of 24- to 30-nucleotide RNA derived from repeat or complex DNA sequence elements and processed by a Dicer-independent mechanism.",41.8988096839934,0.267301726054677,3.08137777006955
"GO:0034595","phosphatidylinositol phosphate 5-phosphatase activity",-0.684151193338655,5.6349387830631e-36,4.38527154740962e-35,"Catalysis of the removal of the 5-phosphate group of a phosphatidylinositol phosphate.",1044.43226120538,0.0546344550755806,-12.5223394722654
"GO:0034597","phosphatidylinositol-4,5-bisphosphate 4-phosphatase activity",-0.022916987736956,0.795114045411846,0.847773266821831,"Catalysis of the reaction: 1-phosphatidyl-myo-inositol 4,5-bisphosphate + H2O = 1-phosphatidyl-1D-myo-inositol 3-phosphate + phosphate.",323.420218064488,0.0882523855039495,-0.259675561245088
"GO:0034604","pyruvate dehydrogenase (NAD+) activity",-0.000184134320613394,0.998035491313702,1,"Catalysis of the reaction: pyruvate + CoA + NAD+ = acetyl-CoA + CO2 + NADH.",497.072379302166,0.0747860185682749,-0.0024621489970788
"GO:0034605","cellular response to heat",-0.0243312474175727,0.59682165592682,0.676718748575088,"Any process that results in a change in state or activity of a cell (in terms of movement, secretion, enzyme production, gene expression, etc.) as a result of a heat stimulus, a temperature stimulus above the optimal temperature for that organism.",1362.22482750163,0.0459968279263725,-0.528976638487331
"GO:0034663","endoplasmic reticulum chaperone complex",-0.380420129210756,5.17418316273641e-15,2.10663171625697e-14,"A protein complex that is located in the endoplasmic reticulum and is composed of chaperone proteins, including BiP, GRP94; CaBP1, protein disulfide isomerase (PDI), ERdj3, cyclophilin B, ERp72, GRP170, UDP-glucosyltransferase, and SDF2-L1.",1442.95379190737,0.0486308839944544,-7.82260362065672
"GO:0034715","pICln-Sm protein complex",0.0115147813188072,0.82731755324389,0.872287022800193,"A protein complex that contains pICln (CLNS1A) and several Sm proteins, including SmD1, SmD2, SmE, SmF, and SmG.",969.301354872352,0.0527854284659109,0.218143181810932
"GO:0034751","aryl hydrocarbon receptor complex",3.27964314132251,8.00012743027685e-15,3.23223539280726e-14,"A protein complex that acts as an aryl hydrocarbon (Ah) receptor. Cytosolic and nuclear Ah receptor complexes have different subunit composition, but both contain the ligand-binding subunit AhR.",22.2860294533737,0.422222123088092,7.76757768478713
"GO:0034765","regulation of ion transmembrane transport",-1.2948758657916,0.00872461518912341,0.0149110319561275,"Any process that modulates the frequency, rate or extent of the directed movement of ions from one side of a membrane to the other.",9.97058547054573,0.493726063396435,-2.62266054354899
"GO:0034968","histone lysine methylation",0.09306832070816,0.0583573295493701,0.0861874005739647,"The modification of a histone by addition of one or more methyl groups to a lysine residue.",3208.57787821962,0.0491643534608434,1.89300405999
"GO:0034975","protein folding in endoplasmic reticulum",-0.255961534406929,1.63335684502328e-08,4.72530807428547e-08,"A protein folding process that takes place in the endoplasmic reticulum (ER). Secreted, plasma membrane and organelle proteins are folded in the ER, assisted by chaperones and foldases (protein disulphide isomerases), and additional factors required for optimal folding (ATP, Ca2+ and an oxidizing environment to allow disulfide bond formation).",2477.17403714656,0.0453275336737622,-5.64693275061405
"GO:0034976","response to endoplasmic reticulum stress",1.06316178529531,6.46294104394649e-111,1.23912206015301e-109,"Any process that results in a change in state or activity of a cell (in terms of movement, secretion, enzyme production, gene expression, etc.) as a result of a stress acting at the endoplasmic reticulum. ER stress usually results from the accumulation of unfolded or misfolded proteins in the ER lumen.",1375.90169654167,0.0475094713898121,22.3778912750288
"GO:0035023","regulation of Rho protein signal transduction",1.50880636828643,0.42222483644882,0.503945772535688,"Any process that modulates the frequency, rate or extent of Rho protein signal transduction.",1.13432003017074,1.87997472977393,0.802567366672994
"GO:0035025","positive regulation of Rho protein signal transduction",-0.842684699383435,0.0520900536560072,0.0779687176440874,"Any process that activates or increases the frequency, rate or extent of Rho protein signal transduction.",16.8379343057474,0.43383935904,-1.94238877092232
"GO:0035060","brahma complex",0.0498011810298995,0.0529112728953459,0.0789737257864717,"A SWI/SNF-type complex that contains 8 to 14 proteins, including both conserved (core) and nonconserved components; contains the ATPase product of the Drosophila brm (brahma) or mammalian SMARCA2/BAF190B/BRM gene, or an ortholog thereof.",6130.82693717274,0.0257284767595544,1.9356443638431
"GO:0035064","methylated histone binding",-0.222574657040986,1.35623930757854e-20,6.92568692417226e-20,"Binding to a histone in which a residue has been modified by methylation. Histones are any of a group of water-soluble proteins found in association with the DNA of eukaroytic chromosomes.",12598.9843211306,0.0239232056971901,-9.30371371873163
"GO:0035082","axoneme assembly",0.681553994408955,2.18902085210359e-07,5.79980524759606e-07,"The assembly and organization of an axoneme, the bundle of microtubules and associated proteins that forms the core of cilia (also called flagella) in eukaryotic cells and is responsible for their movements.",223.338733581311,0.131510026945138,5.18252493928297
"GO:0035091","phosphatidylinositol binding",0.139474310264271,4.06806357406726e-05,9.05015409040912e-05,"Binding to an inositol-containing glycerophospholipid, i.e. phosphatidylinositol (PtdIns) and its phosphorylated derivatives.",6362.14707056458,0.0339884498659768,4.1035796223201
"GO:0035145","exon-exon junction complex",0.166882010191806,0.00114540116374082,0.00221822870002698,"A multi-subunit complex deposited by the spliceosome upstream of messenger RNA exon-exon junctions. The exon-exon junction complex provides a binding platform for factors involved in mRNA export and nonsense-mediated mRNA decay.",2978.88200420825,0.0513145428158146,3.25213869274452
"GO:0035162","embryonic hemopoiesis",-0.373243519256116,9.36035529345013e-05,0.000201028404418394,"The stages of blood cell formation that take place within the embryo.",280.302189096043,0.0955417575069918,-3.90660093549987
"GO:0035198","miRNA binding",0.49785850782208,1.01031990225407e-50,1.06008192729046e-49,"Binding to a microRNA, a 21-23 nucleotide RNA that is processed from a stem-loop RNA precursor (pre-miRNA) that is encoded within plant and animal genomes.",5786.08158186841,0.0332375536432944,14.9787951654054
"GO:0035249","synaptic transmission, glutamatergic",1.0751504847964,8.75108991118435e-16,3.66191440926345e-15,"The vesicular release of glutamate from a presynapse, across a chemical synapse, the subsequent activation of glutamate receptors at the postsynapse of a target cell (neuron, muscle, or secretory cell) and the effects of this activation on the postsynaptic membrane potential and ionic composition of the postsynaptic cytosol. This process encompasses both spontaneous and evoked release of neurotransmitter and all parts of synaptic vesicle exocytosis. Evoked transmission starts with the arrival of an action potential at the presynapse.",127.936140627249,0.133671716536128,8.04321596712502
"GO:0035251","UDP-glucosyltransferase activity",-0.252399823695897,4.07503227918768e-06,9.78843175034944e-06,"Catalysis of the transfer of a glucosyl group from UDP-glucose to an acceptor molecule.",1766.3799391783,0.0547799930140034,-4.60751836224908
"GO:0035252","UDP-xylosyltransferase activity",-1.09456309136961,6.19253440038349e-212,2.25173362938083e-210,"Catalysis of the transfer of a xylosyl group from UDP-xylose to an acceptor molecule.",3163.06038984847,0.0352293321383012,-31.0696520465572
"GO:0035267","NuA4 histone acetyltransferase complex",0.45748301327651,7.42426922466925e-17,3.30332991452056e-16,"A complex having histone acetylase activity on chromatin, as well as ATPase, DNA helicase and structural DNA binding activities. The complex is thought to be involved in double-strand DNA break repair. Subunits of the human complex include HTATIP/TIP60, TRRAP, RUVBL1, BUVBL2, beta-actin and BAF53/ACTL6A. In yeast, the complex has 13 subunits, including the catalytic subunit Esa1 (homologous to human Tip60).",1077.88606475055,0.0548535773101774,8.34007617569968
"GO:0035269","protein O-linked mannosylation",-0.379045053999356,1.08891598286019e-07,2.95562909633479e-07,"The transfer of mannose from dolichyl activated mannose to the hydroxyl group of a seryl or threonyl residue of a protein acceptor molecule, to form an O-linked protein-sugar linkage.",792.759120772564,0.0713668034162808,-5.31122364817709
"GO:0035278","miRNA-mediated gene silencing by inhibition of translation",-0.252312606784191,8.83219227440453e-05,0.000190461078800809,"The process in which microRNAs (miRNAs) block the translation of target mRNAs into proteins. Once incorporated into a RNA-induced silencing complex (RISC), a miRNA will typically mediate repression of translation if the miRNA imperfectly base-pairs with the 3' untranslated regions of target mRNAs.",711.289212492064,0.0643553038134901,-3.92061868770639
"GO:0035307","positive regulation of protein dephosphorylation",0.0420488156437672,0.357963394886621,0.436384277350222,"Any process that activates or increases the frequency, rate or extent of removal of phosphate groups from a protein.",1712.73314076689,0.0457423885175251,0.919252732673922
"GO:0035329","hippo signaling",-0.857666458188253,3.00440400680601e-90,5.10990971802733e-89,"The series of molecular signals mediated by the serine/threonine kinase Hippo or one of its orthologs. In Drosophila, Hippo in complex with the scaffold protein Salvador (Sav), phosphorylates and activates Warts (Wts), which in turn phosphorylates and inactivates the Yorkie (Yki) transcriptional activator. The core fly components hippo, sav, wts and mats are conserved in mammals as STK4/3 (MST1/2), SAV1/WW45, LATS1/2 and MOB1.",2008.03957916388,0.0425756121611461,-20.1445478914557
"GO:0035330","regulation of hippo signaling",0.249473453797901,0.73604995546612,0.79770264957762,"Any process that modulates the frequency, rate or extent of hippo signaling.",4.73222376192364,0.740082284515947,0.337088806227905
"GO:0035368","selenocysteine insertion sequence binding",0.341013366143821,6.43143805420796e-11,2.11275745425617e-10,"Binding to a selenocysteine insertion sequence (SECIS), a regulatory sequence within mRNA which directs incorporation of a selenocysteine at a stop codon (UGA) during translation.",1826.46943610873,0.0521957860603173,6.53335052277489
"GO:0035385","Roundabout signaling pathway",-0.385456147627412,0.0487500822743874,0.0735962229897516,"A series of molecular signals initiated by the binding of a SLIT protein to a Roundabout (ROBO) family receptor on the surface of a target cell, and ending with regulation of a downstream cellular process, e.g. transcription.",66.5207125466495,0.19558647845018,-1.97077093816378
"GO:0035434","copper ion transmembrane transport",0.0117668116988242,0.967726160056938,0.986912220290175,"The directed movement of copper cation across a membrane.",30.6401850778483,0.290823665939104,0.0404602963133272
"GO:0035499","carnosine biosynthetic process",0.442228593877605,0.423565540740283,0.504689110407489,"The chemical reactions and pathways resulting in the formation of the dipeptide beta-alanyl-L-histidine (carnosine).",8.93257220891053,0.552612543960776,0.800250733919268
"GO:0035542","regulation of SNARE complex assembly",0.270076068877378,1.65946419756897e-07,4.43013923123159e-07,"Any process that modulates the frequency, rate or extent of assembly of the SNARE complex. The SNARE complex is a protein complex involved in membrane fusion; a stable ternary complex consisting of a four-helix bundle, usually formed from one R-SNARE and three Q-SNAREs with an ionic layer sandwiched between hydrophobic layers.",1066.10627942636,0.0516010430066516,5.23392654761967
"GO:0035553","oxidative single-stranded RNA demethylation",-0.593163146977935,2.00530939743691e-11,6.79935292474992e-11,"Removal of the methyl group from one or more nucleotides within a single-stranded RNA molecule involving the oxidation (i.e. electron loss) of one or more atoms.",380.070747839508,0.0884574023132867,-6.70563606284919
"GO:0035556","intracellular signal transduction",0.156099187763447,0.00270965751766018,0.00497793354071892,"The process in which a signal is passed on to downstream components within the cell, which become activated themselves to further propagate the signal and finally trigger a change in the function or state of the cell.",1071.26472708266,0.0520523343468451,2.9988892856043
"GO:0035579","specific granule membrane",-0.332809835829991,0.332001018209283,0.409252585003421,"The lipid bilayer surrounding a specific granule, a granule with a membranous, tubular internal structure, found primarily in mature neutrophil cells. Most are released into the extracellular fluid. Specific granules contain lactoferrin, lysozyme, vitamin B12 binding protein and elastase.",24.3685791265865,0.343070655895885,-0.970091233716568
"GO:0035591","signaling adaptor activity",0.903180438461337,4.29604873984156e-17,1.92364475420931e-16,"The binding activity of a molecule that brings together two or more molecules in a signaling pathway, permitting those molecules to function in a coordinated way. Adaptor molecules themselves do not have catalytic activity.",232.289434821828,0.107463619423622,8.404522789252
"GO:0035596","methylthiotransferase activity",0.12394699933575,0.0310667585515329,0.0486412722978343,"Catalysis of the addition of a methylthioether group (-SCH3) to a nucleic acid or protein acceptor.",827.586958049287,0.0574835576666594,2.15621656638763
"GO:0035646","endosome to melanosome transport",-0.0636500094684287,0.0674600118939087,0.09886946843937,"The directed movement of substances from endosomes to the melanosome, a specialised lysosome-related organelle.",3240.14430799816,0.0348081133567917,-1.82859693704167
"GO:0035658","Mon1-Ccz1 complex",0.0226643113129217,0.699695809226844,0.766177809792012,"A protein complex that functions as a guanine nucleotide exchange factor (GEF) and converts Rab-GDP to Rab-GTP. In S. cerevisiae, this complex consists of at least Mon1 and Ccz1, and serves as a GEF for the Rab Ypt7p.",892.403004631233,0.058756760503174,0.385731124705171
"GO:0035677","posterior lateral line neuromast hair cell development",2.1963613270514,0.172310776631778,0.230002169567355,"The process whose specific outcome is the progression of a posterior lateral line neuromast hair cell over time, from its formation to the mature structure. A neuromast hair cell is a hair cell that acts as a sensory receptor of the neuromast; it is morphologically polarized as a result of the relative position of the single kinocilium and the clusters of stereocilia on its apical surface. Cell development does not include the steps involved in committing a cell to a specific fate.",1.00252776798304,1.6092724246144,1.36481635642124
"GO:0035723","interleukin-15-mediated signaling pathway",1.82208763739932,1.23869696401115e-64,1.6385583318079e-63,"A series of molecular signals initiated by the binding of interleukin-15 to a receptor on the surface of a cell, and ending with regulation of a downstream cellular process, e.g. transcription.",282.649420841154,0.107333872871468,16.9758864434275
"GO:0035725","sodium ion transmembrane transport",-0.154580126062444,0.631065772723047,0.708688878952559,"A process in which a sodium ion is transported from one side of a membrane to the other by means of some agent such as a transporter or pore.",21.569985217729,0.321889497397168,-0.480227305682213
"GO:0035803","egg coat formation",2.22878972530935,2.72623601588973e-06,6.63929764146817e-06,"Construction of an egg coat, a specialized extracellular matrix that surrounds the ovum of animals. The egg coat provides structural support and can play an essential role in oogenesis, fertilization and early development.",26.1108627971429,0.475177523667237,4.69043591983982
"GO:0035869","ciliary transition zone",0.338968669976624,1.10482298267451e-05,2.57182303582841e-05,"A region of the cilium between the basal body and proximal segment that is characterized by Y-shaped assemblages that connect axonemal microtubules to the ciliary membrane. The ciliary transition zone appears to function as a gate that controls ciliary membrane composition and separates the cytosol from the ciliary plasm.",442.307500594597,0.077115970546017,4.39557030244926
"GO:0035871","protein K11-linked deubiquitination",-0.886837333814069,4.20553645025455e-44,3.89012121648546e-43,"A protein deubiquitination process in which a K11-linked ubiquitin chain, i.e. a polymer of ubiquitin formed by linkages between lysine residues at position 11 of the ubiquitin monomers, is removed from a protein.",747.666610950004,0.0636671181777091,-13.9292834228606
"GO:0035924","cellular response to vascular endothelial growth factor stimulus",-1.86888767537452,0.330696259785599,0.40830478812073,"Any process that results in a change in state or activity of a cell (in terms of movement, secretion, enzyme production, gene expression, etc.) as a result of a vascular endothelial growth factor stimulus.",0.730661861487253,1.92131576822208,-0.972712401722457
"GO:0035987","endodermal cell differentiation",-0.831339646369733,1.08462559835693e-200,3.63091331259486e-199,"The process in which a relatively unspecialized cell acquires the specialized features of an endoderm cell, a cell of the inner of the three germ layers of the embryo.",4898.84906527013,0.0275042843889349,-30.2258235340304
"GO:0036038","MKS complex",-0.642483518983144,2.81152973349918e-27,1.80228456168686e-26,"A protein complex that is located at the ciliary transition zone and consists of several proteins some of which are membrane bound. Acts as an organiser of transition zone inner structure, specifically the Y-shaped links, in conjunction with the NPHP complex. The MKS complex also acts as part of the selective barrier that prevents diffusion of proteins between the ciliary cytoplasm and cellular cytoplasm as well as between the ciliary membrane and plasma membrane.",865.161487290893,0.059387144078723,-10.8185623159699
"GO:0036055","protein-succinyllysine desuccinylase activity",-0.665507536724196,4.81934698574936e-27,3.07069570783849e-26,"Catalysis of the reaction: H2O + N(6)-succinyl-L-lysyl-[protein] + NAD(+) = 2''-O-succinyl-ADP-D-ribose + L-lysyl-[protein] + nicotinamide.",951.946072864151,0.0617981508492356,-10.7690525942724
"GO:0036064","ciliary basal body",0.177137595039244,4.67526141742085e-07,1.21280766658556e-06,"A membrane-tethered, short cylindrical array of microtubules and associated proteins found at the base of a eukaryotic cilium (also called flagellum) that is similar in structure to a centriole and derives from it. The cilium basal body is the site of assembly and remodelling of the cilium and serves as a nucleation site for axoneme growth. As well as anchoring the cilium, it is thought to provide a selective gateway regulating the entry of ciliary proteins and vesicles by intraflagellar transport.",2547.6896166745,0.0351520546105668,5.03918183450922
"GO:0036094","small molecule binding",1.50007439355151,2.46502583528816e-11,8.33131327984411e-11,"Binding to a small molecule, any low molecular weight, monomeric, non-encoded molecule.",43.6720335597866,0.224715655561427,6.67543340406675
"GO:0036126","sperm flagellum",4.54376960488741,1.09756165992771e-46,1.07164700962386e-45,"A microtubule-based flagellum (or cilium) that is part of a sperm, a mature male germ cell that develops from a spermatid.",66.7726094003232,0.316684558591297,14.347935450656
"GO:0036157","outer dynein arm",-0.0804339050412099,0.553455213744954,0.63402338174259,"Outer arm structure present on the outer doublet microtubules of ciliary and flagellar axonemes. Outer dynein arms contain 2-3 heavy chains, two or more intermediate chains and a cluster of 4-8 light chains. Inner and outer dynein arms have different functions in the generation of microtubule-based motility.",127.276655532318,0.135732685627973,-0.592590536826696
"GO:0036313","phosphatidylinositol 3-kinase catalytic subunit binding",0.440157753308941,0.0233588444095934,0.0374629679542453,"Binding to the catalytic subunit of a phosphatidylinositol 3-kinase. The catalytic subunit catalyzes the addition of a phosphate group to an inositol lipid at the 3' position of the inositol ring.",69.6388911913164,0.194114679135912,2.26751400392939
"GO:0038007","netrin-activated signaling pathway",1.93434139741533,9.44098554354936e-128,2.0740665115985e-126,"A series of molecular events initiated by the binding of a netrin protein to a receptor on the surface of the target cell, and ending with regulation of a downstream cellular process, e.g. transcription. Netrins can act as chemoattractant signals for some cells and chemorepellent signals for others. Netrins also have roles outside of cell and axon guidance.",446.120465471054,0.0804470847747562,24.0448911583471
"GO:0038023","signaling receptor activity",0.298583323981123,1.09753093237785e-49,1.12911840799262e-48,"Receiving a signal and transmitting it in the cell to initiate a change in cell activity. A signal is a physical entity or change in state that is used to transfer information in order to trigger a response.",10724.1754419678,0.0201481323900627,14.8194045085979
"GO:0038024","cargo receptor activity",1.99248022896106,0,0,"Binding specifically to a substance (cargo) to deliver it to a transport vesicle. Cargo receptors span a membrane (either the plasma membrane or a vesicle membrane), binding simultaneously to cargo molecules and coat adaptors, to efficiently recruit soluble proteins to nascent vesicles.",2767.86456113859,0.0432785097027161,46.0385591520499
"GO:0038062","protein tyrosine kinase collagen receptor activity",0.789598222323778,1.28611324079517e-38,1.06787906489646e-37,"Combining with collagen and transmitting the signal from one side of the membrane to the other to initiate a change in cell activity by catalysis of the reaction: ATP + a protein-L-tyrosine = ADP + a protein-L-tyrosine phosphate.",1843.08395957,0.060756185174095,12.9961784147772
"GO:0038102","activin receptor antagonist activity",-0.468634363776733,0.0699556388840155,0.102101344225874,"Interacting with an activin receptor complex to reduce the action of another ligand, the agonist. A receptor antagonist does not initiate signaling upon binding to a receptor, but instead blocks an agonist from binding to the receptor.",48.4439397597651,0.258600007000086,-1.81219780004328
"GO:0038109","Kit signaling pathway",0.924577616041937,0.770116435906998,0.825900491211811,"A series of molecular signals that starts with the binding of stem cell factor to the tyrosine kinase receptor KIT on the surface of a cell, and ends with regulation of a downstream cellular process, e.g. transcription. Stem cell factor (KIT ligand) binding to the receptor Kit mediates receptor dimerization, activation of its intrinsic tyrosine kinase activity and autophosphorylation. The activated receptor then phosphorylates various substrates, thereby activating distinct signaling cascades within the cell that trigger a change in state or activity of the cell.",0.334515039180169,3.16394976864125,0.292222596327436
"GO:0038183","bile acid signaling pathway",-0.557324564151457,0.658585108653641,0.731817512754322,"A series of molecular signals initiated by the binding of a bile acid to a receptor, and ending with regulation of a downstream cellular process, e.g. transcription.",1.86595185988564,1.26129348024651,-0.441867474049363
"GO:0039534","negative regulation of MDA-5 signaling pathway",-0.439906890525305,2.17467103518174e-06,5.35792197803539e-06,"Any process that stops, prevents, or reduces the frequency, rate or extent of the series of molecular signals generated as a consequence of the cytoplasmic pattern recognition receptor (PRR) MDA-5 (also known as IFIH1) binding to viral RNA.",321.613353638561,0.0928764221429125,-4.73647541943856
"GO:0040014","regulation of multicellular organism growth",0.98901472966777,0.814880090764285,0.864035014580499,"Any process that modulates the frequency, rate or extent of growth of the body of an organism so that it reaches its usual body size.",0.200869311161092,4.22411972508835,0.234135108385709
"GO:0040016","embryonic cleavage",0.148956201103782,0.00566160459042241,0.00986652670178145,"The first few specialized divisions of an activated animal egg.",990.244663565969,0.0538377328033315,2.76676214520245
"GO:0042098","T cell proliferation",3.53189473293217,2.08037944179719e-22,1.14258339654955e-21,"The expansion of a T cell population by cell division. Follows T cell activation.",58.411422348822,0.362699984680267,9.73778572404865
"GO:0042101","T cell receptor complex",0.797565743310797,0.160013320822476,0.215634564609969,"A protein complex that contains a disulfide-linked heterodimer of T cell receptor (TCR) chains, which are members of the immunoglobulin superfamily, and mediates antigen recognition, ultimately resulting in T cell activation. The TCR heterodimer is associated with the CD3 complex, which consists of the nonpolymorphic polypeptides gamma, delta, epsilon, zeta, and, in some cases, eta (an RNA splice variant of zeta) or Fc epsilon chains.",7.46891522863601,0.567651638864152,1.40502676061448
"GO:0042113","B cell activation",0.901761773050925,0.330864335181758,0.40830478812073,"The change in morphology and behavior of a mature or immature B cell resulting from exposure to a mitogen, cytokine, chemokine, cellular ligand, or an antigen for which it is specific.",3.00081542489729,0.927381259773169,0.972374375207333
"GO:0042127","regulation of cell population proliferation",-0.199956028467275,2.25073477062197e-12,8.00472113194223e-12,"Any process that modulates the frequency, rate or extent of cell proliferation.",8682.29170403378,0.0284918995583685,-7.01799569585193
"GO:0042129","regulation of T cell proliferation",1.61152906579285,0.380672236154194,0.460078937564009,"Any process that modulates the frequency, rate or extent of T cell proliferation.",0.867952638520018,1.83826352363717,0.876658349072984
"GO:0042138","meiotic DNA double-strand break formation",-0.235503125608631,0.827617986070738,0.872287022800193,"The cell cycle process in which double-strand breaks are generated at defined hotspots throughout the genome during meiosis I. This results in the initiation of meiotic recombination.",2.60193265116912,1.08149213241441,-0.217757594854504
"GO:0042147","retrograde transport, endosome to Golgi",-0.0202692380081644,0.55685048020453,0.637566592156001,"The directed movement of membrane-bounded vesicles from endosomes back to the trans-Golgi network where they are recycled for further rounds of transport.",8740.57297300955,0.0344993026824099,-0.587526020301247
"GO:0042157","lipoprotein metabolic process",-0.331125392984768,0.253709611149376,0.323894412780892,"The chemical reactions and pathways involving any conjugated, water-soluble protein in which the covalently attached nonprotein group consists of a lipid or lipids.",30.2388079409936,0.290108333575922,-1.14138531941935
"GO:0042246","tissue regeneration",-0.585844194503754,0.328603508235717,0.406466157694503,"The regrowth of lost or destroyed tissues.",6.12096468566963,0.599678411826216,-0.976930606388961
"GO:0042254","ribosome biogenesis",0.412615612044228,4.81062210868705e-20,2.39848747688439e-19,"A cellular process that results in the biosynthesis of constituent macromolecules, assembly, and arrangement of constituent parts of ribosome subunits; includes transport to the sites of protein synthesis.",1684.43140009286,0.045005171259067,9.16818224441486
"GO:0042276","error-prone translesion synthesis",0.283549271646954,3.08352638779025e-05,6.93300336018084e-05,"The conversion of DNA-damage induced single-stranded gaps into large molecular weight DNA after replication by using a specialized DNA polymerase or replication complex to insert a defined nucleotide across the lesion. This process does not remove the replication-blocking lesions and causes an increase in the endogenous mutation level. For example, in E. coli, a low fidelity DNA polymerase, pol V, copies lesions that block replication fork progress. This produces mutations specifically targeted to DNA template damage sites, but it can also produce mutations at undamaged sites.",745.380616123665,0.0680429792768568,4.16720835360889
"GO:0042277","peptide binding",-0.362781161455031,0.438068707971247,0.518455053373378,"Binding to a peptide, an organic compound comprising two or more amino acids linked by peptide bonds.",13.2505331046227,0.467827879043293,-0.775458619945689
"GO:0042311","vasodilation",0,1,1,"An increase in the internal diameter of blood vessels, especially arterioles or capillaries, due to relaxation of smooth muscle cells that line the vessels, and usually resulting in a decrease in blood pressure.",0.13312287266173,4.85660611208522,0
"GO:0042325","regulation of phosphorylation",-1.15716123246875,0.08803424072251,0.125703597619346,"Any process that modulates the frequency, rate or extent of addition of phosphate groups into a molecule.",5.78405107698666,0.678344979963405,-1.70585950607488
"GO:0042359","vitamin D metabolic process",-2.41450304796282,0.293382381100022,0.367509678187875,"The chemical reactions and pathways involving vitamin D, any of a group of related, fat-soluble compounds that are derived from delta-5,7 steroids and play a central role in calcium metabolism. Specific forms of vitamin D include calciferol (ergocalciferol; vitamin D2) and cholecalciferol (calciol; vitamin D3).",0.529247515623916,2.29792799840081,-1.05073050576134
"GO:0042393","histone binding",0.146958644172532,2.59800653278711e-06,6.33433037878384e-06,"Binding to a histone, any of a group of water-soluble proteins found in association with the DNA of eukaroytic chromosomes. They are involved in the condensation and coiling of chromosomes during cell division and have also been implicated in nonspecific suppression of gene activity.",3087.58636699265,0.0312659111754531,4.70028342842313
"GO:0042406","extrinsic component of endoplasmic reticulum membrane",-0.709509175209754,0.642024527468171,0.717937289729784,"The component of the endoplasmic reticulum membrane consisting of gene products and protein complexes that are loosely bound to one of its surfaces, but not integrated into the hydrophobic region.",0.865101466797129,1.52625274977832,-0.464870038932153
"GO:0042407","cristae formation",-0.317076984300696,9.3913626753008e-30,6.36861218077472e-29,"The assembly of cristae, the inwards folds of the inner mitochondrial membrane.",4725.29306004915,0.0279872514305569,-11.3293363261284
"GO:0042446","hormone biosynthetic process",-2.67569322480973,0.131882039845291,0.181671601589627,"The chemical reactions and pathways resulting in the formation of any hormone, naturally occurring substances secreted by specialized cells that affects the metabolism or behavior of other cells possessing functional receptors for the hormone.",1.06185632986628,1.77583786890621,-1.50672157163636
"GO:0042450","arginine biosynthetic process via ornithine",0.504830654250246,0.00011285674140932,0.000239692716648797,"The chemical reactions and pathways resulting in the formation of arginine (2-amino-5-guanidinopentanoic acid) via the intermediate compound ornithine.",128.978847569981,0.130746348456395,3.86114534142121
"GO:0042472","inner ear morphogenesis",-1.38713627198946,0.309796969986427,0.385691741264094,"The process in which the anatomical structures of the inner ear are generated and organized. The inner ear is the structure in vertebrates that contains the organs of balance and hearing. It consists of soft hollow sensory structures (the membranous labyrinth) containing fluid (endolymph) surrounded by fluid (perilymph) and encased in a bony cavity (the bony labyrinth). It consists of two chambers, the sacculus and utriculus, from which arise the cochlea and semicircular canals respectively.",1.26221049713742,1.36576459099147,-1.0156481440059
"GO:0042481","regulation of odontogenesis",0.30734309750273,0.360372882031736,0.438814323443955,"Any process that modulates the frequency, rate or extent of the formation and development of a tooth or teeth.",22.8714132401693,0.336020866710944,0.914654796623439
"GO:0042551","neuron maturation",-0.792554955131098,1.13028642006277e-28,7.47264595583821e-28,"A developmental process, independent of morphogenetic (shape) change, that is required for a neuron to attain its fully functional state.",793.876960083894,0.0713415060357649,-11.1093106828131
"GO:0042552","myelination",0.124674328756201,0.00308200381208804,0.00560823644494709,"The process in which myelin sheaths are formed and maintained around neurons. Oligodendrocytes in the brain and spinal cord and Schwann cells in the peripheral nervous system wrap axons with compact layers of their plasma membrane. Adjacent myelin segments are separated by a non-myelinated stretch of axon called a node of Ranvier.",2789.62940712554,0.0421276995349675,2.95943832994529
"GO:0042558","pteridine-containing compound metabolic process",0.626920801464527,2.40759749749379e-42,2.16992441120273e-41,"The chemical reactions and pathways involving any compound containing pteridine (pyrazino(2,3-dipyrimidine)), e.g. pteroic acid, xanthopterin and folic acid.",1189.49334441112,0.0459715118890844,13.6371586598479
"GO:0042567","insulin-like growth factor ternary complex",-0.523050964941127,0.232591220829284,0.300757133494151,"A complex of three proteins, which in animals is approximately 150kDa and consists of the insulin-like growth factor (IGF), the insulin-like growth factor binding protein-3 (IGFBP-3), or -5 (IGFBP-5) and an acid-labile subunit (ALS). The complex plays a role in growth and development.",13.5246373559146,0.438172364827097,-1.1937105279278
"GO:0042572","retinol metabolic process",0.856566242157137,7.64825183393243e-47,7.53745940082407e-46,"The chemical reactions and pathways involving retinol, one of the three compounds that makes up vitamin A.",862.545853197663,0.0595956428955482,14.3729675617128
"GO:0042573","retinoic acid metabolic process",-0.387616527831719,0.702636185039898,0.767802960750852,"The chemical reactions and pathways involving retinoic acid, one of the three components that makes up vitamin A.",2.66139735636433,1.01532936880485,-0.381764321747124
"GO:0042593","glucose homeostasis",-1.82227146881692,9.68995081141784e-09,2.854204785095e-08,"Any process involved in the maintenance of an internal steady state of glucose within an organism or cell.",32.4107458923512,0.317686492470061,-5.73606845745465
"GO:0042613","MHC class II protein complex",0.166092216560969,0.165074970013139,0.221747204941217,"A transmembrane protein complex composed of an MHC class II alpha and MHC class II beta chain, and with or without a bound peptide or polysaccharide antigen.",234.081214339242,0.119645405483737,1.38820388371324
"GO:0042622","photoreceptor outer segment membrane",0.027271928665041,0.99357865876035,1,"The membrane surrounding the outer segment of a vertebrate photoreceptor.",0.26617684529701,3.38864033447981,0.00804804463535003
"GO:0042626","ATPase-coupled transmembrane transporter activity",0.231099394942643,0.00210903189153423,0.00391544741130783,"Primary active transporter of a solute across a membrane, via the reaction: ATP + H2O = ADP + phosphate, to directly drive the transport of a substance across a membrane. The transport protein may be transiently phosphorylated (P-type transporters), or not (ABC-type transporters and other families of transporters). Primary active transport occurs up the solute's concentration gradient and is driven by a primary energy source.",573.758875554866,0.0751681385744443,3.07443285580059
"GO:0042632","cholesterol homeostasis",1.04476938754628,2.11669135721333e-60,2.67311501339096e-59,"Any process involved in the maintenance of an internal steady state of cholesterol within an organism or cell.",1284.09145929223,0.0637294179425386,16.3938322563733
"GO:0042645","mitochondrial nucleoid",0.317284060412284,1.38929776920896e-07,3.73252101307222e-07,"The region of a mitochondrion to which the DNA is confined.",1161.82992904096,0.0602439095607098,5.26665787007974
"GO:0042720","mitochondrial inner membrane peptidase complex",0.7452826093212,0.0898685032561226,0.128149204440272,"Protease complex of the mitochondrial inner membrane, consisting of at least two subunits, involved in processing of both nuclear- and mitochondrially-encoded proteins targeted to the intermembrane space.",13.1435861758166,0.439411726065489,1.69609176340033
"GO:0042733","embryonic digit morphogenesis",-0.389980794857394,9.60380998753317e-17,4.22848335359237e-16,"The process, occurring in the embryo, by which the anatomical structures of the digit are generated and organized. A digit is one of the terminal divisions of an appendage, such as a finger or toe.",2452.60135618268,0.0469314458792861,-8.30958406567052
"GO:0042742","defense response to bacterium",0.995473342030208,1.61841461724562e-05,3.71003959540328e-05,"Reactions triggered in response to the presence of a bacterium that act to protect the cell or organism.",68.125385897695,0.230865335723552,4.31192209480175
"GO:0042752","regulation of circadian rhythm",-0.186161116862894,7.77993122132087e-26,4.78363701042732e-25,"Any process that modulates the frequency, rate or extent of a circadian rhythm. A circadian rhythm is a biological process in an organism that recurs with a regularity of approximately 24 hours.",17898.5799598132,0.0177129771029698,-10.5098717048351
"GO:0042754","negative regulation of circadian rhythm",0.116253300528924,0.0488549136007564,0.0737017258826861,"Any process that stops, prevents, or reduces the frequency, rate or extent of a circadian rhythm behavior.",809.358588815834,0.059016151273725,1.96985567543579
"GO:0042758","long-chain fatty acid catabolic process",-0.169471588688748,4.84866451157281e-06,1.1593915481754e-05,"The chemical reactions and pathways resulting in the breakdown of long-chain fatty acids, a fatty acid with a chain length between C13 and C22.",2246.07561780666,0.0370735088902419,-4.57123142000068
"GO:0042761","very long-chain fatty acid biosynthetic process",-0.425100664204062,4.98431048160677e-25,3.02066402462893e-24,"The chemical reactions and pathways resulting in the formation of a fatty acid which has a chain length greater than C22.",7529.32980981985,0.0411391092956186,-10.3332491024383
"GO:0042765","GPI-anchor transamidase complex",-0.15337533780853,0.0268500097728478,0.0425125154736756,"An enzyme complex which in humans and yeast consists of at least five proteins; for example, the complex contains GAA1, GPI8, PIG-S, PIG-U, and PIG-T in human, and Gaa1p, Gab1p, Gpi8p, Gpi16p, and Gpi17p in yeast. Catalyzes the posttranslational attachment of the carboxy-terminus of a precursor protein to a GPI-anchor.",904.160891846603,0.0692848753019836,-2.21369147508791
"GO:0042770","signal transduction in response to DNA damage",-0.573980026601997,0.198258140094469,0.260352688330782,"A cascade of processes induced by the detection of DNA damage within a cell.",13.5241314223742,0.446145839185923,-1.28653004508421
"GO:0042779","tRNA 3'-trailer cleavage",0.390793172196681,0.0328293898563345,0.0512488402716576,"Cleavage of the 3'-end of the pre-tRNA as part of the process of generating the mature 3'-end of the tRNA; may involve endonucleolytic or exonucleolytic cleavage, or both.",66.5194829215675,0.183113032766294,2.13416361628093
"GO:0042802","identical protein binding",0.115739862299601,7.91877681479398e-17,3.50119503194979e-16,"Binding to an identical protein or proteins.",492635.309271715,0.0138902594886801,8.33244781308253
"GO:0042803","protein homodimerization activity",-0.19638096178956,2.40047956759217e-48,2.43394779233263e-47,"Binding to an identical protein to form a homodimer.",70172.3474486152,0.0134409026423064,-14.6106974371969
"GO:0042922","neuromedin U receptor binding",1.12650674591505,0.198165530186991,0.260352688330782,"Binding to one or more specific sites on a neuromedin U receptor.",5.27244698554634,0.875435631612101,1.28679563092561
"GO:0042974","retinoic acid receptor binding",0.434969856326716,3.67229099801956e-13,1.37808927310022e-12,"Binding to a retinoic acid receptor, a ligand-regulated transcription factor belonging to the nuclear receptor superfamily.",754.472683006726,0.0598544925694406,7.26712127451556
"GO:0042981","regulation of apoptotic process",1.48110685864839,0,0,"Any process that modulates the occurrence or rate of cell death by apoptotic process.",8004.48435965639,0.0224853341207837,65.8699066107882
"GO:0042987","amyloid precursor protein catabolic process",-0.198976546076352,0.000442979618885418,0.000893158715324423,"The chemical reactions and pathways resulting in the breakdown of amyloid precursor protein (APP), the precursor of amyloid-beta, a glycoprotein associated with Alzheimer's disease.",871.05261121063,0.0566391181391281,-3.51305868830067
"GO:0043005","neuron projection",-1.05023118612882,5.90541188541939e-152,1.50054381522283e-150,"A prolongation or process extending from a nerve cell, e.g. an axon or dendrite.",5152.9390817948,0.0399977428594629,-26.2572613114431
"GO:0043010","camera-type eye development",4.05466862753442,0.0186071635690941,0.030349967492049,"The process whose specific outcome is the progression of the camera-type eye over time, from its formation to the mature structure. The camera-type eye is an organ of sight that receives light through an aperture and focuses it through a lens, projecting it on a photoreceptor field.",0.939105129837897,1.72296481190261,2.35330901683185
"GO:0043014","alpha-tubulin binding",0.0727880255083716,0.227949545107241,0.295661494853118,"Binding to the microtubule constituent protein alpha-tubulin.",1305.25039140632,0.0603720544877915,1.20565758654264
"GO:0043022","ribosome binding",0.19792822502333,4.54680396737843e-13,1.69116783976439e-12,"Binding to a ribosome.",4688.95930811091,0.0273449530969839,7.23819947034983
"GO:0043024","ribosomal small subunit binding",-0.0379100623882709,0.336928491067308,0.414575372030894,"Binding to a small ribosomal subunit.",4724.5817148656,0.0394792923250795,-0.960251822046674
"GO:0043025","neuronal cell body",0.0165627613059967,0.82972062111374,0.87362995003938,"The portion of a neuron that includes the nucleus, but excludes cell projections such as axons and dendrites.",410.06641698848,0.0770146441061716,0.215059895403314
"GO:0043031","negative regulation of macrophage activation",1.91180698697141,0.00094715388995767,0.00184616224946463,"Any process that stops, prevents, or reduces the frequency, rate or extent of macrophage activation.",8.88720961212752,0.578324046399592,3.30577121749223
"GO:0043048","dolichyl monophosphate biosynthetic process",-0.623051867982283,5.55000611728202e-14,2.1716072173187e-13,"The chemical reactions and pathways resulting in the formation of dolichyl diphosphate, a phosphorylated dolichol derivative.",348.795196245357,0.0828715582721957,-7.51828348558185
"GO:0043065","positive regulation of apoptotic process",0.0477801854641889,0.126662900721221,0.174824645039957,"Any process that activates or increases the frequency, rate or extent of cell death by apoptotic process.",7785.03471888109,0.0312821475443053,1.52739467124235
"GO:0043066","negative regulation of apoptotic process",-0.0187520710058812,0.329499595537288,0.407335666464326,"Any process that stops, prevents, or reduces the frequency, rate or extent of cell death by apoptotic process.",14136.906926539,0.0192304810409278,-0.975122305363635
"GO:0043085","positive regulation of catalytic activity",0.42097459789107,2.87534143201968e-18,1.33570376214306e-17,"Any process that activates or increases the activity of an enzyme.",1711.20456836697,0.0482975998483755,8.71626331769423
"GO:0043087","regulation of GTPase activity",0.165845316568679,2.20264895337422e-20,1.11400159296552e-19,"Any process that modulates the rate of GTP hydrolysis by a GTPase.",12825.2800788057,0.0179252858057707,9.25203192661442
"GO:0043123","positive regulation of I-kappaB kinase/NF-kappaB signaling",-1.06537681293319,3.37653966064818e-46,3.23687370195774e-45,"Any process that activates or increases the frequency, rate or extent of I-kappaB kinase/NF-kappaB signaling.",471.728146582223,0.074659665123948,-14.2697775454052
"GO:0043130","ubiquitin binding",0.296611593473562,3.74392489100932e-23,2.08887237966631e-22,"Binding to ubiquitin, a protein that when covalently bound to other cellular proteins marks them for proteolytic degradation.",4678.7199562306,0.0299287233340744,9.91059959901013
"GO:0043161","proteasome-mediated ubiquitin-dependent protein catabolic process",-0.0658687977838791,0.000630281252122225,0.0012529867478176,"The chemical reactions and pathways resulting in the breakdown of a protein or peptide by hydrolysis of its peptide bonds, initiated by the covalent attachment of ubiquitin, and mediated by the proteasome.",12362.3865548817,0.0192698141495859,-3.41823731524129
"GO:0043162","ubiquitin-dependent protein catabolic process via the multivesicular body sorting pathway",-1.86833742341239,0.252857265377136,0.323249218109795,"The chemical reactions and pathways resulting in the breakdown of a protein or peptide covalently tagged with ubiquitin, via the multivesicular body (MVB) sorting pathway; ubiquitin-tagged proteins are sorted into MVBs, and delivered to a lysosome/vacuole for degradation.",1.73031744541246,1.63396644470585,-1.14343683706964
"GO:0043169","cation binding",0.323223214468626,0.00882436985875153,0.0150571165308309,"Binding to a cation, a charged atom or group of atoms with a net positive charge.",153.693254772394,0.123424904256572,2.6187844051045
"GO:0043204","perikaryon",1.8848457020214,0.530766257165164,0.611018578799853,"The portion of the cell soma (neuronal cell body) that excludes the nucleus.",0.402000525663726,3.00691644148859,0.6268367407936
"GO:0043231","intracellular membrane-bounded organelle",0.123844796883897,5.87510790308201e-20,2.91958534488465e-19,"Organized structure of distinctive morphology and function, bounded by a single or double lipid bilayer membrane and occurring within the cell. Includes the nucleus, mitochondria, plastids, vacuoles, and vesicles. Excludes the plasma membrane.",67283.7090667342,0.0135399748938063,9.14660461745379
"GO:0043235","receptor complex",-0.0929870355187557,0.000704195419453612,0.0013918914148338,"Any protein complex that undergoes combination with a hormone, neurotransmitter, drug or intracellular messenger to initiate a change in cell function.",5298.19238813726,0.0274464784294583,-3.38794048780236
"GO:0043240","Fanconi anaemia nuclear complex",-0.0521048512843762,0.343519646508487,0.421701358839581,"A protein complex composed of the Fanconi anaemia (FA) proteins including A, C, E, G and F (FANCA-F). Functions in the activation of the downstream protein FANCD2 by monoubiquitylation, and is essential for protection against chromosome breakage.",875.526805404567,0.0550073807586801,-0.947233817820967
"GO:0043248","proteasome assembly",0.0600404895115778,0.0425292556722752,0.0649017367676038,"The aggregation, arrangement and bonding together of a mature, active proteasome complex.",3768.65522629075,0.0296013303116169,2.02830375795696
"GO:0043269","regulation of ion transport",-0.181648760451388,0.00292307095844412,0.0053420768209347,"Any process that modulates the frequency, rate or extent of the directed movement of charged atoms or small charged molecules into, out of or within a cell, or between cells, by means of some agent such as a transporter or pore.",1005.04555124694,0.0610437514088548,-2.97571424198282
"GO:0043303","mast cell degranulation",-0.316746571929889,0.234054651743971,0.302464007676492,"The regulated exocytosis of secretory granules containing preformed mediators such as histamine, serotonin, and neutral proteases by a mast cell.",41.898347431034,0.266178290383941,-1.1899789854124
"GO:0043406","positive regulation of MAP kinase activity",-0.185554500513282,0.00336575563257012,0.00608780328395402,"Any process that activates or increases the frequency, rate or extent of MAP kinase activity.",688.73220761466,0.0632817781541329,-2.93219479486392
"GO:0043408","regulation of MAPK cascade",-0.197797639596661,1.36920930763193e-05,3.16282851018152e-05,"Any process that modulates the frequency, rate or extent of signal transduction mediated by the MAP kinase (MAPK) cascade.",1398.96166707066,0.0454838797690215,-4.34874158935269
"GO:0043410","positive regulation of MAPK cascade",-0.558345566554962,0.578617810041318,0.659267942397158,"Any process that activates or increases the frequency, rate or extent of signal transduction mediated by the MAPK cascade.",2.46500151781162,1.00529481631274,-0.555404800158905
"GO:0043473","pigmentation",0.221681300571793,0.00114977635002609,0.00222465901119727,"The accumulation of pigment in an organism, tissue or cell, either by increased deposition or by increased number of cells.",603.816083599624,0.0681874973991263,3.25105494448947
"GO:0043484","regulation of RNA splicing",-0.546459906198275,3.35380902219321e-60,4.18531551941152e-59,"Any process that modulates the frequency, rate or extent of RNA splicing, the process of removing sections of the primary RNA transcript to remove sequences not present in the mature form of the RNA and joining the remaining sections to form the mature form of the RNA.",11470.1219653443,0.0333902801487227,-16.3658377157755
"GO:0043539","protein serine/threonine kinase activator activity",-0.346497669051086,0.11567903715587,0.161119104400412,"Binds to and increases the activity of a protein serine/threonine kinase.",49.7433592824912,0.220254179068905,-1.57317182591431
"GO:0043542","endothelial cell migration",-0.497195803776951,3.79769011716318e-43,3.46724175631911e-42,"The orderly movement of an endothelial cell into the extracellular matrix to form an endothelium.",2380.97838300357,0.0361039882086435,-13.7712155483676
"GO:0043546","molybdopterin cofactor binding",0.280743750661095,2.87975474356796e-05,6.48867815618037e-05,"Binding to a molybdopterin cofactor (Moco), essential for the catalytic activity of some enzymes, e.g. sulfite oxidase, xanthine dehydrogenase, and aldehyde oxidase. The cofactor consists of a mononuclear molybdenum (Mo-molybdopterin) or tungsten ion (W-molybdopterin) coordinated by one or two molybdopterin ligands.",569.7219118196,0.0671190574800011,4.18277254183353
"GO:0043547","positive regulation of GTPase activity",-0.396089939080664,7.60786526238648e-23,4.2223652206245e-22,"Any process that activates or increases the activity of a GTPase.",3149.24798233009,0.0402550373205203,-9.83951240504138
"GO:0043560","insulin receptor substrate binding",0.201438936394005,0.0654214720264196,0.0960820922727848,"Binding to an insulin receptor substrate (IRS) protein, an adaptor protein that bind to the transphosphorylated insulin and insulin-like growth factor receptors, are themselves phosphorylated and in turn recruit SH2 domain-containing signaling molecules to form a productive signaling complex.",211.959475206458,0.10933702479495,1.84236709176771
"GO:0043565","sequence-specific DNA binding",0.0653702823647277,0.00233201810452916,0.00430667791808406,"Binding to DNA of a specific nucleotide composition, e.g. GC-rich DNA binding, or with a specific sequence motif or type of DNA e.g. promotor binding or rDNA binding.",12485.010367694,0.0214728216292724,3.04432661404932
"GO:0043588","skin development",-0.144107170715004,1.35334558749679e-06,3.38577205697595e-06,"The process whose specific outcome is the progression of the skin over time, from its formation to the mature structure. The skin is the external membranous integument of an animal. In vertebrates the skin generally consists of two layers, an outer nonsensitive and nonvascular epidermis (cuticle or skarfskin) composed of cells which are constantly growing and multiplying in the deeper, and being thrown off in the superficial layers, as well as an inner vascular dermis (cutis, corium or true skin) composed mostly of connective tissue.",4310.82989785732,0.0298250145131723,-4.83175525870602
"GO:0043621","protein self-association",-0.0346523691778016,0.498189266005525,0.579526289026835,"Binding to a domain within the same polypeptide.",1296.70832389033,0.0511593722852332,-0.677341562844074
"GO:0043625","delta DNA polymerase complex",-0.170090245163353,0.00567491807534539,0.00987491932417774,"A multimeric DNA polymerase enzyme complex which differs in composition amongst species; in humans it is a heterotetramer of four subunits of approximately 125, 50, 68 and 12kDa, while in S. cerevisiae, it has three different subunits which form a heterotrimer, and the active enzyme is a dimer of this heterotrimer. Functions in DNA replication, mismatch repair and excision repair.",783.638838084143,0.0614933020319168,-2.76599628810095
"GO:0043666","regulation of phosphoprotein phosphatase activity",0.000937712843123812,0.980641677595053,0.995877170699044,"Any process that modulates the frequency, rate or extent of phosphoprotein phosphatase activity, the catalysis of the hydrolysis of phosphate from a phosphoprotein.",3258.43314038342,0.0386455589173568,0.0242644399354943
"GO:0043813","phosphatidylinositol-3,5-bisphosphate 5-phosphatase activity",0.406548868693695,5.972541667605e-10,1.85509431177893e-09,"Catalysis of the reaction: phosphatidylinositol-3,5-bisphosphate + H2O = phosphatidylinositol-3-phosphate + orthophosphate.",662.056320967138,0.0656660915490364,6.19115374622386
"GO:0043874","acireductone synthase activity",-0.347115222814115,1.50057972875925e-12,5.40055059377689e-12,"Catalysis of the reactions: 5-(methylthio)-2,3-dioxopentyl phosphate + H2O = 1,2-dihydroxy-5-(methylthio)pent-1-en-3-one + phosphate; (1a) 5-(methylthio)-2,3-dioxopentyl phosphate = 2-hydroxy-5-(methylthio)-3-oxopent-1-enyl phosphate; (1b) 2-hydroxy-5-(methylthio)-3-oxopent-1-enyl phosphate + H2O = 1,2-dihydroxy-5-(methylthio)pent-1-en-3-one + phosphate.",1197.71894880937,0.0490661348362241,-7.0744358399686
"GO:0043966","histone H3 acetylation",0.173443389622353,3.21132407015838e-06,7.76683768803213e-06,"The modification of histone H3 by the addition of an acetyl group.",3492.59825862945,0.0372450349805146,4.65681908241173
"GO:0043967","histone H4 acetylation",0.157502222395694,1.22942101092602e-10,3.98287083263131e-10,"The modification of histone H4 by the addition of an acetyl group.",10796.3848716389,0.024473379253489,6.43565487071999
"GO:0043984","histone H4-K16 acetylation",0.0506295108991179,0.335378863815523,0.412909529356064,"The modification of histone H4 by the addition of an acetyl group to a lysine residue at position 16 of the histone.",991.304620885982,0.0525564327398104,0.963336137172171
"GO:0044237","cellular metabolic process",-0.398120126530712,3.12571988763629e-12,1.09869054050415e-11,"The chemical reactions and pathways by which individual cells transform chemical substances.",959.46507324696,0.0571031032793086,-6.97195255016852
"GO:0044255","cellular lipid metabolic process",-0.693336039783877,1.10967696417595e-09,3.38194901365186e-09,"The chemical reactions and pathways involving lipids, as carried out by individual cells.",208.825349100838,0.113796367741064,-6.09277829817483
"GO:0044297","cell body",-0.206825275347406,2.73690788776804e-08,7.7791627160415e-08,"The portion of a cell bearing surface projections such as axons, dendrites, cilia, or flagella that includes the nucleus, but excludes all cell projections.",18151.0146952761,0.0372156300993312,-5.55748417520742
"GO:0044325","transmembrane transporter binding",-0.506461763495993,9.23317774250224e-13,3.37483047815203e-12,"Binding to a transmembrane transporter, a protein or protein complex that enables the transfer of a substance, usually a specific substance or a group of related substances, from one side of a membrane to the other.",542.316986998098,0.0709183268264047,-7.14147930669205
"GO:0044528","regulation of mitochondrial mRNA stability",-0.325049193811817,8.32648100799421e-41,7.25642497762801e-40,"Any process that modulates the propensity of mitochondrial mRNA molecules to degradation. Includes processes that both stabilize and destabilize mitochondrial mRNAs.",5465.29384204646,0.024300508747936,-13.3762299869309
"GO:0044548","S100 protein binding",-0.232855398590861,1.06218303365336e-06,2.69248079083525e-06,"Binding to a S100 protein. S100 is a small calcium and zinc binding protein produced in astrocytes that is implicated in Alzheimer's disease, Down Syndrome and ALS.",1253.52600788534,0.0477186767413621,-4.8797538928615
"GO:0044571","[2Fe-2S] cluster assembly",-0.433550248209059,0.00074217840372764,0.00146012523643805,"The incorporation of two iron atoms and two sulfur atoms into an iron-sulfur cluster.",272.73400654118,0.128516280782949,-3.37350447404621
"GO:0044877","protein-containing complex binding",-0.213003759291526,1.90281137363784e-11,6.47262772097131e-11,"Binding to a macromolecular complex.",4097.56992121869,0.0317286576262139,-6.71329250045374
"GO:0045010","actin nucleation",-0.593031846915419,1.33620274931279e-24,7.84972590055895e-24,"The initial step in the formation of an actin filament, in which actin monomers combine to form a new filament. Nucleation is slow relative to the subsequent addition of more monomers to extend the filament.",882.174821890945,0.0579231191230056,-10.2382581583021
"GO:0045028","G protein-coupled purinergic nucleotide receptor activity",2.16734176947875,4.24313786615457e-14,1.67266874013458e-13,"Combining with a purine nucleotide and transmitting the signal across the membrane by activating an associated G-protein; promotes the exchange of GDP for GTP on the alpha subunit of a heterotrimeric G-protein complex.",34.3460205414098,0.286939109537129,7.55331600831605
"GO:0045039","protein insertion into mitochondrial inner membrane",-0.238266579867971,0.0565262722060188,0.0837176320804028,"The processes mediating the insertion of proteins into the mitochondrial inner membrane. Mitochondrial inner membrane proteins can get inserted from the cytosol, by crossing the outer membrane and being guided by an inner membrane translocase complex into their final destination in the inner membrane. Some proteins present in the intermembrane space can get inserted into the inner mitochondrial membrane. Finally, some proteins are inserted into the inner membrane from the matrix side of the membrane.",168.664949586777,0.124946022376289,-1.90695610261529
"GO:0045087","innate immune response",0.417569092077978,1.18662267232567e-05,2.75312124965329e-05,"Innate immune responses are defense responses mediated by germline encoded components that directly recognize components of potential pathogens.",266.904721100567,0.0953347280380289,4.38003129259896
"GO:0045095","keratin filament",0.373384439889614,3.11848023700935e-12,1.09797576291364e-11,"A filament composed of acidic and basic keratins (types I and II), typically expressed in epithelial cells. The keratins are the most diverse classes of IF proteins, with a large number of keratin isoforms being expressed. Each type of epithelium always expresses a characteristic combination of type I and type II keratins.",1679.21095505926,0.0535527131104483,6.97227868025169
"GO:0045098","type III intermediate filament",0.266957745280109,0.125069145072953,0.173036227480327,"A type of intermediate filament, typically made up of one or more of the proteins vimentin, desmin, glial fibrillary acidic protein (GFAP), and peripherin. Unlike the keratins, the type III proteins can form both homo- and heteropolymeric IF filaments.",86.8584639385198,0.174045424501401,1.53383949072421
"GO:0045104","intermediate filament cytoskeleton organization",-0.439447505323397,3.49436283620905e-160,9.69685687048012e-159,"A process that is carried out at the cellular level which results in the assembly, arrangement of constituent parts, or disassembly of cytoskeletal structures comprising intermediate filaments and their associated proteins.",19874.8188568266,0.016295053682285,-26.9681532747043
"GO:0045116","protein neddylation",0.180296697239838,1.40827361068505e-06,3.51485094075122e-06,"Covalent attachment of the ubiquitin-like protein NEDD8 (RUB1) to another protein.",3653.64475640119,0.0373762533076599,4.82383014037655
"GO:0045121","membrane raft",-0.510285663123656,7.87233650399235e-14,3.06323942563097e-13,"Any of the small (10-200 nm), heterogeneous, highly dynamic, sterol- and sphingolipid-enriched membrane domains that compartmentalize cellular processes. Small rafts can sometimes be stabilized to form larger platforms through protein-protein and protein-lipid interactions.",755.19930983527,0.0682890598732712,-7.47243649379021
"GO:0045162","clustering of voltage-gated sodium channels",-0.0541363302492047,0.878341145809263,0.910012759609435,"The process in which voltage-gated sodium channels become localized together in high densities. In animals, nodes of Ranvier differ dramatically from internodal axonal regions in very high densities of voltage-dependent sodium (Nav) channels responsible for the rapid, inward ionic currents that produce membrane depolarization.",20.7686040090247,0.353664765739453,-0.15307244456771
"GO:0045171","intercellular bridge",-0.147421817274269,4.78048577979032e-10,1.48922370894798e-09,"A direct connection between the cytoplasm of two cells that is formed following the completion of cleavage furrow ingression during cell division. They are usually present only briefly prior to completion of cytokinesis. However, in some cases, such as the bridges between germ cells during their development, they become stabilised.",15624.597224985,0.0236778605916808,-6.22614601109971
"GO:0045176","apical protein localization",1.2208770560563,2.5874828154783e-78,3.95434873756793e-77,"Any process in which a protein is transported to, or maintained in, apical regions of the cell.",641.459151201216,0.0651670888736088,18.7345649032164
"GO:0045177","apical part of cell",0.989007669832978,0.838633480681628,0.877322215370021,"The region of a polarized cell that forms a tip or is distal to a base. For example, in a polarized epithelial cell, the apical region has an exposed surface and lies opposite to the basal lamina that separates the epithelium from other tissue.",0.133842460868056,4.85660611208522,0.203641729843382
"GO:0045182","translation regulator activity",0.495456669920288,5.57311760348419e-25,3.35820143592805e-24,"Any molecular function involved in the initiation, activation, perpetuation, repression or termination of polypeptide synthesis at the ribosome.",1582.9472541333,0.0479975711769388,10.3225362819679
"GO:0045202","synapse",0.0843647847582478,0.0350009492108841,0.0541975050556202,"The junction between an axon of one neuron and a dendrite of another neuron, a muscle fiber or a glial cell. As the axon approaches the synapse it enlarges into a specialized structure, the presynaptic terminal bouton, which contains mitochondria and synaptic vesicles. At the tip of the terminal bouton is the presynaptic membrane; facing it, and separated from it by a minute cleft (the synaptic cleft) is a specialized area of membrane on the receiving cell, known as the postsynaptic membrane. In response to the arrival of nerve impulses, the presynaptic terminal bouton secretes molecules of neurotransmitters into the synaptic cleft. These diffuse across the cleft and transmit the signal to the postsynaptic membrane.",22045.3423862141,0.0400146503677976,2.10834741732847
"GO:0045211","postsynaptic membrane",-0.444347820959598,0.001353191094874,0.00259443638099024,"A specialized area of membrane facing the presynaptic membrane on the tip of the nerve ending and separated from it by a minute cleft (the synaptic cleft). Neurotransmitters cross the synaptic cleft and transmit the signal to the postsynaptic membrane.",156.233157872951,0.138665706945242,-3.20445357939196
"GO:0045216","cell-cell junction organization",0.385720464405658,0.146337006072066,0.199219866027783,"A process that is carried out at the cellular level which results in the assembly, arrangement of constituent parts, or disassembly of a cell-cell junction. A cell-cell junction is a specialized region of connection between two cells.",34.8524822438235,0.265539397620501,1.45259222496586
"GO:0045254","pyruvate dehydrogenase complex",-0.418582093488271,6.14313811429993e-65,8.19992296396111e-64,"Complex that carries out the oxidative decarboxylation of pyruvate to form acetyl-CoA; comprises subunits possessing three catalytic activities: pyruvate dehydrogenase (E1), dihydrolipoamide S-acetyltransferase (E2), and dihydrolipoamide dehydrogenase (E3).",5064.93206868445,0.024597867825556,-17.0170071835814
"GO:0045263","proton-transporting ATP synthase complex, coupling factor F(o)",-0.518029910944812,1.09525643020163e-12,3.98945735974997e-12,"All non-F1 subunits of a hydrogen-transporting ATP synthase, including integral and peripheral membrane proteins.",2170.17195882971,0.0727777268625528,-7.11797322171326
"GO:0045292","mRNA cis splicing, via spliceosome",0.391153496969182,7.17693195728117e-30,4.88262887029225e-29,"The joining together, after removal of an intervening sequence composed of one or more introns, of two segments of the same RNA molecule via spliceosomal catalysis to produce an mRNA composed only of exon sequences that all came from the same primary transcript.",3292.97141700797,0.0344541571839119,11.3528679538221
"GO:0045296","cadherin binding",0.174850234730623,6.93485020297601e-05,0.000150934975005948,"Binding to cadherin, a type I membrane protein involved in cell adhesion.",6481.39025470706,0.0439486731907839,3.97850997620765
"GO:0045332","phospholipid translocation",-0.0919709728424867,0.00124034867478931,0.00239550856696947,"The movement of a phospholipid molecule from one leaflet of a membrane bilayer to the opposite leaflet.",4579.65992560328,0.0284789628306627,-3.22943547450624
"GO:0045429","positive regulation of nitric oxide biosynthetic process",-0.692641823629319,2.09624512780421e-26,1.31576814718425e-25,"Any process that activates or increases the frequency, rate or extent of the chemical reactions and pathways resulting in the formation of nitric oxide.",720.923876928987,0.0651417373064858,-10.6328423568212
"GO:0045444","fat cell differentiation",0.000655536033937112,0.996918004422449,1,"The process in which a relatively unspecialized cell acquires specialized features of an adipocyte, an animal connective tissue cell specialized for the synthesis and storage of fat.",112.426060005884,0.169708478382714,0.00386271823414029
"GO:0045547","dehydrodolichyl diphosphate synthase activity",0.304038278258892,3.49319546960803e-13,1.3132173342965e-12,"Catalysis of the condensation of isopentenyl diphosphate and farnesyl diphosphate in the cis-configuration to form dehydrodolichyl diphosphate.",1612.12708659246,0.0417986675754997,7.27387488392344
"GO:0045596","negative regulation of cell differentiation",-2.4579304654103,1.28200365603097e-07,3.46190231827057e-07,"Any process that stops, prevents, or reduces the frequency, rate or extent of cell differentiation.",23.2847143148037,0.465393723068525,-5.28140012117951
"GO:0045599","negative regulation of fat cell differentiation",-0.405815752416381,2.62882139261111e-11,8.82253506220354e-11,"Any process that stops, prevents, or reduces the frequency, rate or extent of adipocyte differentiation.",884.187068410108,0.0608785164234229,-6.66599280432275
"GO:0045600","positive regulation of fat cell differentiation",0.474624670665704,0.528821530150209,0.609112292237461,"Any process that activates or increases the frequency, rate or extent of adipocyte differentiation.",5.06728016793926,0.753604574799925,0.629805983849969
"GO:0045662","negative regulation of myoblast differentiation",-0.8692996987938,0.696306689537628,0.763259255839324,"Any process that stops, prevents, or reduces the frequency, rate or extent of myoblast differentiation. A myoblast is a mononucleate cell type that, by fusion with other myoblasts, gives rise to the myotubes that eventually develop into skeletal muscle fibers.",0.532580903540775,2.22719830559243,-0.390310865723547
"GO:0045663","positive regulation of myoblast differentiation",0.337830850790015,0.00079886543034842,0.0015672137065792,"Any process that activates or increases the frequency, rate or extent of myoblast differentiation. A myoblast is a mononucleate cell type that, by fusion with other myoblasts, gives rise to the myotubes that eventually develop into skeletal muscle fibers.",319.018967162465,0.100749165361194,3.35318758799504
"GO:0045666","positive regulation of neuron differentiation",-1.6950739714522,0.00672974150078965,0.0116431704882407,"Any process that activates or increases the frequency, rate or extent of neuron differentiation.",7.7203186365376,0.625504713636032,-2.70992997254777
"GO:0045668","negative regulation of osteoblast differentiation",-0.513577952898536,0.486801043825403,0.569103881057525,"Any process that stops, prevents, or reduces the frequency, rate or extent of osteoblast differentiation.",3.93030295772327,0.738529895788142,-0.695405772775735
"GO:0045727","positive regulation of translation",0.0266374998703329,0.977240898256307,0.993732427397565,"Any process that activates or increases the frequency, rate or extent of the chemical reactions and pathways resulting in the formation of proteins by the translation of mRNA or circRNA.",3.06452352288887,0.933726100970945,0.028528173136248
"GO:0045739","positive regulation of DNA repair",0.141852453636143,0.111844582284524,0.156212068899378,"Any process that activates or increases the frequency, rate or extent of DNA repair.",299.414915585502,0.0892178134509268,1.58995662580508
"GO:0045744","negative regulation of G protein-coupled receptor signaling pathway",2.17224389560706,9.5517034229366e-75,1.42869095879243e-73,"Any process that stops, prevents, or reduces the frequency, rate or extent of G protein-coupled receptor signaling pathway.",255.290967541703,0.11875259563872,18.2921803428673
"GO:0045746","negative regulation of Notch signaling pathway",3.02712466591651,0.00334116603051755,0.00604851429902276,"Any process that stops, prevents, or reduces the frequency, rate or extent of the Notch signaling pathway.",4.28224970737704,1.031574175514,2.93447115851672
"GO:0045762","positive regulation of adenylate cyclase activity",0.705798964172114,0.571746794268777,0.653557717676342,"Any process that activates or increases the frequency, rate or extent of adenylate cyclase activity.",2.20129796991763,1.24813961904632,0.565480779074541
"GO:0045766","positive regulation of angiogenesis",0.725992557026026,7.39662425109059e-74,1.09087276542308e-72,"Any process that activates or increases angiogenesis.",1994.16859187358,0.0399329869226596,18.1802718246971
"GO:0045776","negative regulation of blood pressure",0.245282506593048,3.65467279075686e-06,8.80880561794996e-06,"Any process in which the force of blood traveling through the circulatory system is decreased.",1282.21022504924,0.0529754971370302,4.630112407602
"GO:0045780","positive regulation of bone resorption",-0.19365584438677,0.0209570091859098,0.0338166276764221,"Any process that activates or increases the frequency, rate or extent of bone resorption.",533.690107699418,0.08387879428592,-2.30875808403552
"GO:0045892","negative regulation of transcription, DNA-templated",-0.43386102298812,2.22768648574814e-82,3.48014133217988e-81,"Any process that stops, prevents, or reduces the frequency, rate or extent of cellular DNA-templated transcription.",11547.1751633818,0.0225659596689115,-19.226349304605
"GO:0045893","positive regulation of transcription, DNA-templated",0.335322757668796,1.61170128405215e-35,1.24053941900218e-34,"Any process that activates or increases the frequency, rate or extent of cellular DNA-templated transcription.",8916.81235754027,0.0269580931921754,12.4386675006422
"GO:0045900","negative regulation of translational elongation",-0.243998916161796,0.000186900624697201,0.000389499424393672,"Any process that stops, prevents, or reduces the frequency, rate or extent of translational elongation.",684.081479269102,0.0653085544755227,-3.73609427005839
"GO:0045905","positive regulation of translational termination",-0.221524563706611,9.94648988018267e-08,2.71022573091799e-07,"Any process that activates or increases the frequency, rate or extent of translational termination.",8126.49812887966,0.0415797838718528,-5.32769877759203
"GO:0045907","positive regulation of vasoconstriction",4.1714882335012,0.00459525367517831,0.00811674204434762,"Any process that activates or increases the frequency, rate or extent of vasoconstriction.",3.07771168041258,1.47188297634389,2.83411677459784
"GO:0045944","positive regulation of transcription by RNA polymerase II",1.2147454434941,0,0,"Any process that activates or increases the frequency, rate or extent of transcription from an RNA polymerase II promoter.",103337.178090628,0.0139173899896843,87.2825611982189
"GO:0045947","negative regulation of translational initiation",-0.310641497947036,1.47857260513861e-05,3.40426814873071e-05,"Any process that stops, prevents, or reduces the frequency, rate or extent of translational initiation.",707.568855923193,0.071710938165944,-4.33185656040631
"GO:0045995","regulation of embryonic development",-0.988734601342296,7.81609182069867e-05,0.000169415597634671,"Any process that modulates the frequency, rate or extent of embryonic development.",49.2452967419242,0.250314444654932,-3.94997021728132
"GO:0046034","ATP metabolic process",-1.89870815001364,0.00126524941224978,0.00243690503236054,"The chemical reactions and pathways involving ATP, adenosine triphosphate, a universally important coenzyme and enzyme regulator.",12.3188204434986,0.588975468105988,-3.22374742723913
"GO:0046079","dUMP catabolic process",0.0271015134706449,0.974120139239274,0.991993903262013,"The chemical reactions and pathways resulting in the breakdown of dUMP, deoxyuridine (5'-)monophosphate.",3.66850936056798,0.835401975674754,0.0324412848661927
"GO:0046314","phosphocreatine biosynthetic process",1.64433465018402,0,0,"The chemical reactions and pathways resulting in the formation of phosphocreatine, a phosphagen of creatine which is synthesized and broken down by creatine phosphokinase.",5017.18806576695,0.0401361115060176,40.9689575916563
"GO:0046328","regulation of JNK cascade",-0.426079019977577,7.63034364234705e-13,2.80844585370156e-12,"Any process that modulates the frequency, rate or extent of signal transduction mediated by the JNK cascade.",685.469942753253,0.0594448400355784,-7.16763674900234
"GO:0046330","positive regulation of JNK cascade",2.03423443561894,4.73844897087302e-45,4.48134030474045e-44,"Any process that activates or increases the frequency, rate or extent of signal transduction mediated by the JNK cascade.",119.377379031949,0.144432018332962,14.0843731126805
"GO:0046331","lateral inhibition",0.12339138422038,0.317155837862414,0.39345980120696,"Signaling between cells of equivalent developmental potential that results in these cells adopting different developmental fates. An example is the suppression by cells with a particular fate of the adoption of the same fate by surrounding cells.",184.080973701916,0.123351954044164,1.00031965587024
"GO:0046332","SMAD binding",-0.55682017966082,0.731007757026096,0.793461327621223,"Binding to a SMAD signaling protein.",1.7366517886402,1.61967420278167,-0.343785298737563
"GO:0046416","D-amino acid metabolic process",-0.0219165789462265,0.910560108753976,0.937255369567616,"The chemical reactions and pathways involving D-amino acids, the D-enantiomers of amino acids.",73.1162502873001,0.19510525822056,-0.112332077290559
"GO:0046427","positive regulation of receptor signaling pathway via JAK-STAT",1.34251763794013,3.6597993361207e-64,4.79410981358917e-63,"Any process that activates or increases the frequency, rate or extent of the JAK-STAT signaling pathway activity.",423.652860529135,0.0793817493588859,16.9121699733599
"GO:0046488","phosphatidylinositol metabolic process",-0.171637840295354,3.13754700678837e-06,7.59711439416381e-06,"The chemical reactions and pathways involving phosphatidylinositol, any glycophospholipid in which a sn-glycerol 3-phosphate residue is esterified to the 1-hydroxyl group of 1D-myo-inositol.",7897.37985772883,0.0368194823741974,-4.66160383655028
"GO:0046513","ceramide biosynthetic process",0.132921097709044,0.00221998929298451,0.0041105859691873,"The chemical reactions and pathways resulting in the formation of ceramides, any N-acylated sphingoid.",1453.83441747725,0.0434509683050574,3.05910553651742
"GO:0046540","U4/U6 x U5 tri-snRNP complex",0.055590028723028,0.305176557645004,0.380388510681627,"A ribonucleoprotein complex that is formed by the association of the U4/U6 and U5 snRNPs.",1006.65875358078,0.0542132500414617,1.02539561233671
"GO:0046545","development of primary female sexual characteristics",-0.218651892038726,0.389902984576495,0.469856710226089,"The process whose specific outcome is the progression of the primary female sexual characteristics over time, from their formation to the mature structure. The primary female sexual characteristics are the ovaries, and they develop in response to sex hormone secretion.",42.6878856793692,0.254307503971755,-0.859793315666418
"GO:0046592","polyamine oxidase activity",0.431460309917365,0.014601412786142,0.0241524545615478,"Catalysis of the oxidative degradation or interconversion of polyamines.",75.4664418308834,0.176674707323745,2.44211702089729
"GO:0046596","regulation of viral entry into host cell",-2.03851691672944,0,0,"Any process that modulates the frequency, rate or extent of the viral entry into the host cell.",2489.22031925423,0.0415790643368691,-49.0274841255108
"GO:0046600","negative regulation of centriole replication",0.824908925995524,1.76980300913518e-28,1.16277711721685e-27,"Any process that stops, prevents, or reduces the frequency, rate or extent of centriole replication.",562.877523560578,0.0745229273015684,11.0691964991848
"GO:0046658","anchored component of plasma membrane",-0.451317011533263,6.39908142060839e-17,2.8532056482163e-16,"The component of the plasma membrane consisting of the gene products that are tethered to the membrane only by a covalently attached anchor, such as a lipid group, that is embedded in the membrane. Gene products with peptide sequences that are embedded in the membrane are excluded from this grouping.",956.826800345418,0.0540005977238309,-8.35762992553124
"GO:0046777","protein autophosphorylation",-0.140960828135909,0.00383653464893422,0.00686280879949302,"The phosphorylation by a protein of one or more of its own amino acid residues (cis-autophosphorylation), or residues on an identical protein (trans-autophosphorylation).",1267.70193990509,0.0487534668489834,-2.89129855262484
"GO:0046835","carbohydrate phosphorylation",0.239405469548969,2.57296905551548e-07,6.78298967260267e-07,"The process of introducing a phosphate group into a carbohydrate, any organic compound based on the general formula Cx(H2O)y.",1535.4901144771,0.04646565481229,5.15231024971259
"GO:0046839","phospholipid dephosphorylation",0.989007669832978,0.838633480681628,0.877322215370021,"The process of removing one or more phosphate groups from a phosphorylated lipid, any member of a group of substances soluble in lipid solvents but only sparingly soluble in aqueous solvents.",0.133829664981094,4.85660611208522,0.203641729843382
"GO:0046849","bone remodeling",1.23360437954374,0.00382061515261771,0.00684013357968654,"The continuous turnover of bone matrix and mineral that involves first, an increase in resorption (osteoclastic activity) and later, reactive bone formation (osteoblastic activity). The process of bone remodeling takes place in the adult skeleton at discrete foci. The process ensures the mechanical integrity of the skeleton throughout life and plays an important role in calcium homeostasis. An imbalance in the regulation of bone resorption and bone formation results in many of the metabolic bone diseases, such as osteoporosis.",16.3546579370947,0.426468322240896,2.89260494908909
"GO:0046855","inositol phosphate dephosphorylation",0.317096273457389,1.14947450097058e-05,2.6728133655424e-05,"The process of removing a phosphate group from any mono- or polyphosphorylated inositol.",570.778726295403,0.0722815988828162,4.38695710054048
"GO:0046856","phosphatidylinositol dephosphorylation",-0.139047528858866,0.00420311074009708,0.00748047303870442,"The process of removing one or more phosphate groups from a phosphatidylinositol.",1260.11719697592,0.0485755279578322,-2.86250164855792
"GO:0046872","metal ion binding",-0.0811806592113516,3.83721150362664e-05,8.56368154618898e-05,"Binding to a metal ion.",65125.7167237811,0.0197180708920037,-4.11706904067744
"GO:0046875","ephrin receptor binding",-0.120016369537683,6.75838248385623e-07,1.73822300712839e-06,"Binding to an ephrin receptor.",6244.09917828277,0.0241570036767816,-4.9681811181341
"GO:0046907","intracellular transport",0.0483336536484859,0.100175774067486,0.141578609853379,"The directed movement of substances within a cell.",6719.69314068531,0.0293999955516075,1.64400207352559
"GO:0046914","transition metal ion binding",1.36834226968139,1.01675140538373e-09,3.11675685167775e-09,"Binding to a transition metal ions; a transition metal is an element whose atom has an incomplete d-subshell of extranuclear electrons, or which gives rise to a cation or cations with an incomplete d-subshell. Transition metals often have more than one valency state. Biologically relevant transition metals include vanadium, manganese, iron, copper, cobalt, nickel, molybdenum and silver.",57.3385285610172,0.224070159819745,6.10675812782104
"GO:0046920","alpha-(1->3)-fucosyltransferase activity",-0.146762260442402,0.0257569324155605,0.0409354713371643,"Catalysis of the transfer of an L-fucosyl group from GDP-beta-L-fucose to an acceptor molecule to form an alpha-(1->3) linkage.",659.928899546883,0.0658168909728821,-2.22985708186779
"GO:0046931","pore complex assembly",0.985238160856914,9.85345598213248e-23,5.454314610582e-22,"The aggregation, arrangement and bonding together of a set of components to form a pore complex. A pore complex is a small opening in a membrane that allows the passage of liquids and/or gases.",321.273364129716,0.100396652784555,9.81345626104858
"GO:0046933","proton-transporting ATP synthase activity, rotational mechanism",-0.213709221568676,1.56210050313209e-11,5.33085754224203e-11,"Enables the synthesis of ATP from ADP and phosphate by the transfer of protons from one side of a membrane to the other by a rotational mechanism driven by a gradient according to the reaction: ADP + H2O + phosphate + H+(in) -> ATP + H+(out).",6163.23413035202,0.0316981454153747,-6.7420102585882
"GO:0046951","ketone body biosynthetic process",0.277616379033706,0.303035743238067,0.378390990224443,"The chemical reactions and pathways resulting in the formation of ketone bodies, any one of the three substances: acetoacetate, D-3-hydroxybutyrate (beta-hydroxybutyrate) or acetone. Biosynthesis involves the formation of hydroxymethylglutaryl-CoA, which is cleaved to acetate and acetyl-CoA.",33.565093596006,0.269544812772458,1.02994517378475
"GO:0046952","ketone body catabolic process",-1.37771837445421,5.17564223066825e-244,2.05951499329799e-242,"The chemical reactions and pathways resulting in the breakdown of ketone bodies, any one of the three substances: acetoacetate, D-3-hydroxybutyrate (beta-hydroxybutyrate) or acetone. Ketone bodies can be used as an energy source as an alternative to glucose. Utilization of ketone bodies in peripheral tissues involves conversion of acetoacetate to acetoacetyl-CoA, which is then converted to two molecules of acetyl-CoA.",2562.95378602193,0.04129821753265,-33.3602382079806
"GO:0046961","proton-transporting ATPase activity, rotational mechanism",0.0756344043776201,0.2778477596661,0.350048342375033,"Enables the transfer of protons from one side of a membrane to the other according to the reaction: ATP + H2O + H+(in) = ADP + phosphate + H+(out), by a rotational mechanism.",563.761266316579,0.069698409758178,1.08516685875671
"GO:0046982","protein heterodimerization activity",-0.772349592597759,7.59839100866585e-208,2.62705026840595e-206,"Binding to a nonidentical protein to form a heterodimer.",6084.7612043145,0.0251044446511765,-30.7654522268655
"GO:0046983","protein dimerization activity",-0.805482946467206,2.41535231659454e-264,1.03958735422406e-262,"The formation of a protein dimer, a macromolecular structure consists of two noncovalently associated identical or nonidentical subunits.",9418.11627550468,0.023190025436906,-34.7340260000454
"GO:0047277","globoside alpha-N-acetylgalactosaminyltransferase activity",-0.22472343404807,0.0456698188576202,0.069293271921382,"Catalysis of the reaction: N-acetyl-D-galactosaminyl-(1,3)-D-galactosyl-(1,4)-D-galactosyl-(1,4)-D-glucosylceramide + UDP-N-acetylgalactosamine = N-acetyl-D-galactosaminyl-N-acetyl-D-galactosaminyl-(1,3)-D-galactosyl-(1,4)-D-galactosyl-(1,4)-D-glucosylceramide + UDP.",188.845587427698,0.112449864011729,-1.99843224376536
"GO:0047464","heparosan-N-sulfate-glucuronate 5-epimerase activity",-0.43878897439224,1.95875704231738e-05,4.4563307467609e-05,"Catalysis of the reaction: heparosan-N-sulfate D-glucuronate = heparosan-N-sulfate L-iduronate.",277.872677454833,0.10277193301193,-4.26954092944134
"GO:0047485","protein N-terminus binding",0.451055962666286,0.000640727350858539,0.0012712078861342,"Binding to a protein N-terminus, the end of any peptide chain at which the 2-amino (or 2-imino) function of a constituent amino acid is not attached in peptide linkage to another amino-acid residue.",211.234007051779,0.132128743433093,3.41376108594184
"GO:0047497","mitochondrion transport along microtubule",-0.223371105283725,6.04944431363717e-11,1.99168520983285e-10,"The directed movement of a mitochondrion along a microtubule, mediated by motor proteins.",3600.52004602073,0.0341414955562071,-6.54251085503825
"GO:0047555","3',5'-cyclic-GMP phosphodiesterase activity",-1.01897455007092,3.65053301965696e-86,5.92228779881272e-85,"Catalysis of the reaction: guanosine 3',5'-cyclic phosphate + H2O = guanosine 5'-phosphate.",2816.01700088875,0.0517947344363814,-19.6733231893003
"GO:0047710","bis(5'-adenosyl)-triphosphatase activity",-0.245264557248827,0.00891469538599725,0.0151866660493281,"Catalysis of the reaction: P(1),P(3)-bis(5'-adenosyl) triphosphate + H(2)O = ADP + AMP + 2 H(+).",278.209209847188,0.0937803621057354,-2.61530827714544
"GO:0047961","glycine N-acyltransferase activity",0.240135367604442,0.28793453151922,0.361603315128375,"Catalysis of the reaction: acyl-CoA + glycine = CoA + N-acylglycine.",48.4989101123608,0.225974961944179,1.06266360458005
"GO:0047992","hydroxylysine kinase activity",0.323967541682127,0.15379000667073,0.208179155371354,"Catalysis of the reaction: erythro-5-hydroxy-L-lysine + GTP = 5-phosphonooxy-L-lysine + GDP + 2 H(+).",48.4027159441711,0.227142978366934,1.42627143489674
"GO:0048010","vascular endothelial growth factor receptor signaling pathway",1.61219909400104,0.0213957495710273,0.0344981925422757,"Any series of molecular signals initiated by the binding of an extracellular ligand to a vascular endothelial growth factor receptor (VEGFR) located on the surface of the receiving cell, and ending with regulation of a downstream cellular process, e.g. transcription.",5.87159432685134,0.700673682224167,2.30092714326502
"GO:0048015","phosphatidylinositol-mediated signaling",0.338917855704965,6.26139441459712e-22,3.37730967273282e-21,"A series of molecular signals in which a cell uses a phosphatidylinositol-mediated signaling to convert a signal into a response. Phosphatidylinositols include phosphatidylinositol (PtdIns) and its phosphorylated derivatives.",7844.50505097052,0.0352116866475743,9.62515255509104
"GO:0048018","receptor ligand activity",-1.11041664969668,0.0554954902635913,0.0826031484444811,"The activity of a gene product that interacts with a receptor to effect a change in the activity of the receptor. Ligands may be produced by the same, or different, cell that expresses the receptor. Ligands may diffuse extracellularly from their point of origin to the receiving cell, or remain attached to an adjacent cell surface (e.g. Notch ligands).",8.18769138705616,0.579859127541906,-1.91497658130152
"GO:0048148","behavioral response to cocaine",-0.861603913576822,1.07883477633326e-06,2.73140761499021e-06,"Any process that results in a change in the behavior of an organism as a result of a cocaine stimulus.",81.5296379725925,0.176678195141752,-4.87668505378122
"GO:0048188","Set1C/COMPASS complex",-0.152582811946855,0.273196353764852,0.345219358951511,"A conserved protein complex that catalyzes methylation of histone H3. In Saccharomyces the complex contains Shg1p, Sdc1p, Swd1p, Swd2p, Swd3p, Spp1p, Bre2p, and the trithorax-related Set1p; in mammals it contains the catalytic subunit (SETD1A or SETD1B), WDR5, WDR82, RBBP5, ASH2L/ASH2, CXXC1/CFP1, HCFC1 and DPY30.",133.781351375152,0.139252025861795,-1.09573136191419
"GO:0048193","Golgi vesicle transport",0.362165288213292,0.000169509827284943,0.000354658954111055,"The directed movement of substances into, out of or within the Golgi apparatus, mediated by vesicles.",401.196736309825,0.0963053210132017,3.76059478752628
"GO:0048266","behavioral response to pain",0.316463401061774,0.746663309522944,0.805438767078732,"Any process that results in a change in the behavior of an organism as a result of a pain stimulus. Pain stimuli cause activation of nociceptors, peripheral receptors for pain, include receptors which are sensitive to painful mechanical stimuli, extreme heat or cold, and chemical stimuli.",2.59666746366141,0.979634968563847,0.323042164905273
"GO:0048278","vesicle docking",0.238001339309217,0.00434823789804598,0.00770819075999746,"The initial attachment of a transport vesicle membrane to the target membrane, mediated by proteins protruding from the membrane of the vesicle and the target membrane. Docking requires only that the two membranes come close enough for these proteins to interact and adhere.",341.993141188381,0.0834586585428533,2.85172735177634
"GO:0048280","vesicle fusion with Golgi apparatus",-0.0804534826919957,0.00564272851514847,0.00984682186358087,"The joining of the lipid bilayer membrane around a vesicle to the lipid bilayer membrane around the Golgi.",3992.87425388017,0.029067131545438,-2.7678507790227
"GO:0048286","lung alveolus development",0.151571049110822,0.133904504859462,0.183976938598441,"The process whose specific outcome is the progression of the alveolus over time, from its formation to the mature structure. The alveolus is a sac for holding air in the lungs; formed by the terminal dilation of air passageways.",472.269557416248,0.101122803321862,1.49888100538895
"GO:0048306","calcium-dependent protein binding",0.0865644286182584,0.0842573362910057,0.120908312722871,"Binding to a protein or protein complex in the presence of calcium.",1186.15945428381,0.0501386522699913,1.72650090696731
"GO:0048471","perinuclear region of cytoplasm",0.00292907737290029,0.881312205897594,0.911121295214719,"Cytoplasm situated near, or occurring around, the nucleus.",21425.7182857201,0.0196179523345002,0.149305968480167
"GO:0048476","Holliday junction resolvase complex",0.0977863790754513,0.338756052598145,0.416338295413455,"An endodeoxyribonuclease complex that resolves the 4-way DNA intermediates of a Holliday junction into two separate duplex DNA molecules. Can be branch-migration associated.",255.627690342232,0.102220070766478,0.956626016223803
"GO:0048488","synaptic vesicle endocytosis",0.40725639887893,5.69064958820268e-09,1.68798593270316e-08,"A vesicle-mediated transport process, in which the synaptic vesicle membrane constituents are retrieved from the presynaptic membrane on the axon terminal after neurotransmitter secretion by exocytosis. Synaptic vesicle endocytosis can occur via clathrin-dependent and clathrin-independent mechanisms.",890.20284482227,0.0699080158790686,5.82560374168577
"GO:0048513","animal organ development",0.247936351976998,2.2589694512176e-14,8.98899353324137e-14,"Development of a tissue or tissues that work together to perform a specific function or functions. Development pertains to the process whose specific outcome is the progression of a structure over time, from its formation to the mature structure. Organs are commonly observed as visibly distinct structures, but may also exist as loosely associated clusters of cells that work together to perform a specific function or functions.",2726.00325545361,0.0324738401324422,7.63495635150656
"GO:0048593","camera-type eye morphogenesis",0.290893741347322,2.0214919855119e-21,1.0738857928072e-20,"The process in which the anatomical structures of the eye are generated and organized. The camera-type eye is an organ of sight that receives light through an aperture and focuses it through a lens, projecting it on a photoreceptor field.",3239.21531421219,0.030607788423964,9.50391244600899
"GO:0048598","embryonic morphogenesis",-0.596585501976554,4.54548707494569e-14,1.7851829126742e-13,"The process in which anatomical structures are generated and organized during the embryonic phase. The embryonic phase begins with zygote formation. The end of the embryonic phase is organism-specific. For example, it would be at birth for mammals, larval hatching for insects and seed dormancy in plants.",926.544366040562,0.0790771237020139,-7.54435004774157
"GO:0048632","negative regulation of skeletal muscle tissue growth",-0.686889860384429,9.17249531190304e-06,2.1542085314926e-05,"Any process that stops, prevents, or reduces the frequency, rate or extent of skeletal muscle growth.",125.133808304397,0.15485091015408,-4.43581416280316
"GO:0048646","anatomical structure formation involved in morphogenesis",0.368172499353287,0.325351162441984,0.402915796588458,"The developmental process pertaining to the initial formation of an anatomical structure from unspecified parts. This process begins with the specific processes that contribute to the appearance of the discrete structure and ends when the structural rudiment is recognizable. An anatomical structure is any biological entity that occupies space and is distinguished from its surroundings. Anatomical structures can be macroscopic such as a carpel, or microscopic such as an acrosome.",21.8687134838344,0.374341329071214,0.983520842506936
"GO:0048666","neuron development",0.0776156497582545,0.05081790717095,0.0762808301881311,"The process whose specific outcome is the progression of a neuron over time, from initial commitment of the cell to a specific fate, to the fully functional differentiated cell.",5271.0667190205,0.0397414662605765,1.9530142458596
"GO:0048668","collateral sprouting",0.442362061038006,0.269538370340477,0.341210337964026,"The process in which outgrowths develop from the shafts of existing axons.",14.3954722557703,0.400644451683825,1.10412626252242
"GO:0048681","negative regulation of axon regeneration",-0.506680851150249,0.0113138726386669,0.0190278767104853,"Any process that stops, prevents, or reduces the frequency, rate or extent of axon regeneration.",78.0929285385566,0.200043611191058,-2.53285195229918
"GO:0048701","embryonic cranial skeleton morphogenesis",0.104416395967407,0.108958615840585,0.152585471983926,"The process in which the anatomical structures of the cranial skeleton are generated and organized during the embryonic phase.",884.882297953478,0.0651425236855626,1.60289147640972
"GO:0048705","skeletal system morphogenesis",0.119443196429881,0.650884157263325,0.726304067549393,"The process in which the anatomical structures of the skeleton are generated and organized.",36.8633504266832,0.263942890347275,0.452534244331139
"GO:0048706","embryonic skeletal system development",-0.800465811263072,1.00134864405806e-13,3.87494365196047e-13,"The process, occurring during the embryonic phase, whose specific outcome is the progression of the skeleton over time, from its formation to the mature structure.",246.330423602577,0.107579020146195,-7.44072413166875
"GO:0048729","tissue morphogenesis",2.61301465659295,0.0533063819500732,0.0795071849594798,"The process in which the anatomical structures of a tissue are generated and organized.",2.47285409764893,1.3521906948221,1.93243058586254
"GO:0048741","skeletal muscle fiber development",-0.146152561593535,0.18834704266185,0.249043205626232,"The process whose specific outcome is the progression of the skeletal muscle fiber over time, from its formation to the mature structure. Muscle fibers are formed by the maturation of myotubes. They can be classed as slow, intermediate/fast or fast.",319.589875343629,0.111101677704352,-1.31548473986555
"GO:0048786","presynaptic active zone",-0.597456814102032,4.98355946434944e-13,1.84391700180929e-12,"A specialized region of the plasma membrane and cell cortex of a presynaptic neuron; encompasses a region of the plasma membrane where synaptic vesicles dock and fuse, and a specialized cortical cytoskeletal matrix.",772.77378171717,0.0826844394565367,-7.22574668255551
"GO:0048812","neuron projection morphogenesis",-1.45433464092827,0.761158556688773,0.817929747311886,"The process in which the anatomical structures of a neuron projection are generated and organized. A neuron projection is any process extending from a neural cell, such as axons or dendrites.",0.531017210035937,4.78462903481373,-0.303959749093671
"GO:0048821","erythrocyte development",1.16138350935727,4.37756932798008e-08,1.22282035929934e-07,"The process whose specific outcome is the progression of an erythrocyte over time, from its formation to the mature structure.",59.0228323634982,0.212128687964347,5.47490073361726
"GO:0048839","inner ear development",1.4424732085929,0.0494955926960764,0.0745615749971609,"The process whose specific outcome is the progression of the inner ear over time, from its formation to the mature structure.",5.20999068879471,0.734345562790512,1.96429757553311
"GO:0048870","cell motility",0,1,1,"Any process involved in the controlled self-propelled movement of a cell that results in translocation of the cell from one place to another.",0.132913437093687,4.85660611208522,0
"GO:0050124","N-acylneuraminate-9-phosphatase activity",1.59785292507531,2.85027814809602e-51,3.00561830716726e-50,"Catalysis of the reaction: N-acylneuraminate 9-phosphate + H2O = N-acylneuraminate + phosphate.",335.385152671662,0.106080306797402,15.0626725479497
"GO:0050429","calcium-dependent phospholipase C activity",0.442378729353633,0.408481628339642,0.488508621950721,"Catalysis of the reaction: a phosphatidylcholine + H2O = 1,2-diacylglycerol + choline phosphate. This reaction requires Ca2+.",8.73370108868016,0.535199058360521,0.826568586852104
"GO:0050459","ethanolamine-phosphate phospho-lyase activity",1.7435364652881,0.0332001452469674,0.0516746172146525,"Catalysis of the reaction: H(2)O + phosphoethanolamine = acetaldehyde + NH(4)(+) + phosphate.",3.67174780326228,0.818694505519781,2.12965453356884
"GO:0050482","arachidonic acid secretion",-0.367818251791895,1.24406583649505e-10,4.02413320424549e-10,"The controlled release of arachidonic acid from a cell or a tissue.",908.501210125075,0.0571691753347563,-6.43385617578217
"GO:0050528","acyloxyacyl hydrolase activity",0.175450005432326,0.701115294855276,0.766957222175463,"Catalysis of the reaction: 3-(acyloxy)acyl group of bacterial toxin = 3-hydroxyacyl group of bacterial toxin + a fatty acid.",11.8553630262675,0.457120842014004,0.383815370700055
"GO:0050656","3'-phosphoadenosine 5'-phosphosulfate binding",0.123439540627021,0.0241037732332255,0.0384529937586025,"Binding to 3'-phosphoadenosine 5'-phosphosulfate (PAPS), a naturally occurring mixed anhydride. It is an intermediate in the formation of a variety of sulfo compounds in biological systems.",1281.49036269904,0.0547289387547152,2.25547111703104
"GO:0050660","flavin adenine dinucleotide binding",-0.209649002415103,3.04191464259058e-08,8.59972919735059e-08,"Binding to FAD, flavin-adenine dinucleotide, the coenzyme or the prosthetic group of various flavoprotein oxidoreductase enzymes, in either the oxidized form, FAD, or the reduced form, FADH2.",2936.30870731489,0.0378495643571059,-5.53900701305544
"GO:0050673","epithelial cell proliferation",0.645643100415254,0.017442611931367,0.0285609227975566,"The multiplication or reproduction of epithelial cells, resulting in the expansion of a cell population. Epithelial cells make up the epithelium, the covering of internal and external surfaces of the body, including the lining of vessels and other small cavities. It consists of cells joined by small amounts of cementing substances.",33.4679534062893,0.27159327368438,2.37724260124925
"GO:0050679","positive regulation of epithelial cell proliferation",0.108226477227469,0.237472498200828,0.306673864812653,"Any process that activates or increases the rate or extent of epithelial cell proliferation.",317.410345429614,0.0916142584894095,1.18132787419744
"GO:0050684","regulation of mRNA processing",0.13162309950466,0.0017864315310736,0.00336091355846051,"Any process that modulates the frequency, rate or extent of mRNA processing, those processes involved in the conversion of a primary mRNA transcript into a mature mRNA prior to its translation into polypeptide.",2361.2299362197,0.042138047739748,3.12361645982244
"GO:0050688","regulation of defense response to virus",1.49235561511759,1.44873520187438e-226,5.45604025134475e-225,"Any process that modulates the frequency, rate or extent of the antiviral response of a cell or organism.",3950.43614398151,0.0464407449335404,32.1346183669803
"GO:0050727","regulation of inflammatory response",0.976917460414303,0,0,"Any process that modulates the frequency, rate or extent of the inflammatory response, the immediate defensive reaction (by vertebrate tissue) to infection or injury caused by chemical or physical agents.",6903.46946695528,0.0227795272398437,42.8857653685444
"GO:0050728","negative regulation of inflammatory response",-0.130470900490171,0.504309238904734,0.585032004868033,"Any process that stops, prevents, or reduces the frequency, rate or extent of the inflammatory response.",72.926487588836,0.195396200652294,-0.667724858797757
"GO:0050730","regulation of peptidyl-tyrosine phosphorylation",-2.26225876202125,0,0,"Any process that modulates the frequency, rate or extent of the phosphorylation of peptidyl-tyrosine.",1849.20529766333,0.0467296268659273,-48.4116590212014
"GO:0050731","positive regulation of peptidyl-tyrosine phosphorylation",-1.16583339744379,6.03973756005848e-58,7.36289393882274e-57,"Any process that activates or increases the frequency, rate or extent of the phosphorylation of peptidyl-tyrosine.",1092.80947718324,0.0726530546302029,-16.0465847358762
"GO:0050766","positive regulation of phagocytosis",-0.1755678348099,8.94979881519595e-05,0.000192603323482125,"Any process that activates or increases the frequency, rate or extent of phagocytosis.",1605.36117007947,0.0448170945436497,-3.91743009219184
"GO:0050767","regulation of neurogenesis",1.1267207971434,0.0146758529529729,0.0242565626001723,"Any process that modulates the frequency, rate or extent of neurogenesis, the generation of cells in the nervous system.",12.8861640361826,0.461717699591982,2.44028071295313
"GO:0050770","regulation of axonogenesis",0.673554283177727,1.8243440339976e-12,6.53232863786237e-12,"Any process that modulates the frequency, rate or extent of axonogenesis, the generation of an axon, the long process of a neuron.",351.47570819714,0.0955763389207908,7.04729110555215
"GO:0050774","negative regulation of dendrite morphogenesis",-0.500061511644414,0.290549216901047,0.364526054993639,"Any process that stops, prevents, or reduces the frequency, rate or extent of dendrite morphogenesis.",11.84234668211,0.473131996327011,-1.05691755266281
"GO:0050775","positive regulation of dendrite morphogenesis",0.412613413290098,1.48536800304196e-05,3.41618442575299e-05,"Any process that activates or increases the frequency, rate or extent of dendrite morphogenesis.",369.912644079709,0.0952731425700767,4.33084710086693
"GO:0050776","regulation of immune response",3.34212719388841,0,0,"Any process that modulates the frequency, rate or extent of the immune response, the immunological reaction of an organism to an immunogenic stimulus.",3638.85416220207,0.0530282777517264,63.0253769420147
"GO:0050777","negative regulation of immune response",2.14253671796041,0.070650560550644,0.10290195594013,"Any process that stops, prevents, or reduces the frequency, rate or extent of the immune response, the immunological reaction of an organism to an immunogenic stimulus.",2.40621609168762,1.18521690187008,1.80771697955019
"GO:0050778","positive regulation of immune response",2.61251848897917,0.0244370599271253,0.0389552225142155,"Any process that activates or increases the frequency, rate or extent of the immune response, the immunological reaction of an organism to an immunogenic stimulus.",10.3243907363989,1.16102269426685,2.2501872718594
"GO:0050790","regulation of catalytic activity",0.940663478612455,5.50607777919973e-115,1.12740951809051e-113,"Any process that modulates the activity of an enzyme.",4780.50147816033,0.0412716764242362,22.7919861782029
"GO:0050793","regulation of developmental process",0.0243200469975585,0.426162873268169,0.506924703735233,"Any process that modulates the frequency, rate or extent of development, the biological process whose specific outcome is the progression of a multicellular organism over time from an initial condition (e.g. a zygote, or a young adult) to a later condition (e.g. a multicellular animal or an aged adult).",6482.5491814743,0.0305614646479733,0.795774917128238
"GO:0050804","modulation of chemical synaptic transmission",-0.422802905075249,8.65679060103896e-22,4.63379984202821e-21,"Any process that modulates the frequency or amplitude of synaptic transmission, the process of communication from a neuron to a target (neuron, muscle, or secretory cell) across a synapse.  Amplitude, in this case, refers to the change in postsynaptic membrane potential due to a single instance of synaptic transmission.",1675.73550992774,0.0440796557810425,-9.59179234918357
"GO:0050808","synapse organization",0,1,1,"A process that is carried out at the cellular level which results in the assembly, arrangement of constituent parts, or disassembly of a synapse, the junction between a neuron and a target (neuron, muscle, or secretory cell).",0.132913437093687,4.85660611208522,0
"GO:0050819","negative regulation of coagulation",-0.380106943384422,1.12878856139024e-50,1.17852231483763e-49,"Any process that stops, prevents, or reduces the frequency, rate or extent of coagulation.",8966.85678918039,0.025388830986641,-14.9714235990001
"GO:0050821","protein stabilization",-0.0749630409115314,0.00131101126147621,0.00252044006422363,"Any process involved in maintaining the structure and integrity of a protein and preventing it from degradation or aggregation.",19613.7615428131,0.0233271131786983,-3.21355841750645
"GO:0050829","defense response to Gram-negative bacterium",6.27207611459884,1.1718657859115e-23,6.64372296367568e-23,"Reactions triggered in response to the presence of a Gram-negative bacterium that act to protect the cell or organism.",37.8276777104322,0.625582106661973,10.0259838761467
"GO:0050861","positive regulation of B cell receptor signaling pathway",1.16433301067537,0.240682547526109,0.309700727719686,"Any process that activates or increases the frequency, rate or extent of signaling pathways initiated by the cross-linking of an antigen receptor on a B cell.",2.47153580747184,0.992372284682184,1.17328247538499
"GO:0050863","regulation of T cell activation",-0.184144238791917,7.52553371285538e-07,1.93311432184122e-06,"Any process that modulates the frequency, rate or extent of T cell activation.",2103.64228031363,0.0372212635373135,-4.94728607499625
"GO:0050868","negative regulation of T cell activation",-0.713925697048192,1.43866050883597e-05,3.31962255266419e-05,"Any process that stops, prevents, or reduces the frequency, rate or extent of T cell activation.",83.4812912934637,0.164579540699916,-4.33787634849413
"GO:0050885","neuromuscular process controlling balance",0.00534526476439531,0.863469718366702,0.897957414218626,"Any process that an organism uses to control its balance, the orientation of the organism (or the head of the organism) in relation to the source of gravity. In humans and animals, balance is perceived through visual cues, the labyrinth system of the inner ears and information from skin pressure receptors and muscle and joint receptors.",9095.12512184672,0.031084520364598,0.171959055558825
"GO:0050890","cognition",0.000702567493628897,0.974597415389173,0.99200094066398,"The operation of the mind by which an organism becomes aware of objects of thought or perception; it includes the mental activities associated with thinking, learning, and memory.",9740.42720846998,0.0220636225214628,0.0318427988398307
"GO:0050901","leukocyte tethering or rolling",-1.63474968357258,1.25503359783132e-133,2.90864379980906e-132,"Transient adhesive interactions between leukocytes and endothelial cells lining blood vessels. Carbohydrates on circulating leukocytes bind selectins on the vessel wall causing the leukocytes to slow down and roll along the inner surface of the vessel wall. During this rolling motion, transitory bonds are formed and broken between selectins and their ligands. Typically the first step in cellular extravasation (the movement of leukocytes out of the circulatory system, towards the site of tissue damage or infection).",1173.84343839281,0.0664525297025021,-24.6002626369697
"GO:0050906","detection of stimulus involved in sensory perception",-0.154293924003885,0.21093045954125,0.275056238758739,"The series of events involved in sensory perception in which a sensory stimulus is received and converted into a molecular signal.",149.041893289534,0.123335384281804,-1.25101101279537
"GO:0050908","detection of light stimulus involved in visual perception",-0.0104917853809666,0.903425368499105,0.932610916380133,"The series of events involved in visual perception in which a light stimulus is received and converted into a molecular signal.",323.033567953044,0.086469273659709,-0.1213354170437
"GO:0050909","sensory perception of taste",-0.294177080348716,0.818708627879303,0.865926026177257,"The series of events required for an organism to receive a gustatory stimulus, convert it to a molecular signal, and recognize and characterize the signal. Gustation involves the direct detection of chemical composition, usually through contact with chemoreceptor cells. This is a neurological process.",2.33274284420005,1.28346020877244,-0.22920623353807
"GO:0050910","detection of mechanical stimulus involved in sensory perception of sound",-0.9727226782666,0.261216134252874,0.332070420216583,"The series of events involved in the perception of sound vibration in which the vibration is received and converted into a molecular signal.",3.39846228313673,0.86578031652516,-1.12352135951838
"GO:0050915","sensory perception of sour taste",0.989014522138706,0.815209141479689,0.864035014580499,"The series of events required to receive a sour taste stimulus, convert it to a molecular signal, and recognize and characterize the signal. This is a neurological process.",0.199798507145445,4.23177941730026,0.233711265312044
"GO:0050916","sensory perception of sweet taste",0.0308230753487192,0.735783616950561,0.79770264957762,"The series of events required to receive a sweet taste stimulus, convert it to a molecular signal, and recognize and characterize the signal. This is a neurological process.",297.682115274272,0.0913432883411881,0.337442147184235
"GO:0050951","sensory perception of temperature stimulus",1.14105359371764,4.41529803604564e-16,1.86610492144695e-15,"The series of events required for an organism to receive a sensory temperature stimulus, convert it to a molecular signal, and recognize and characterize the signal. This is a neurological process.",146.67799878033,0.140409860284189,8.12659161833899
"GO:0050957","equilibrioception",0.275222855496464,0.66907475099638,0.739964018776519,"The series of events required for an organism to receive an orientational stimulus, convert it to a molecular signal, and recognize and characterize the signal. Equilibrioception refers to a combination of processes by which an organism can perceive its orientation with respect to gravity. In animals, stimuli come from labyrinth system of the inner ears, monitoring the direction of motion; visual stimuli, with information on orientation and motion; pressure receptors, which tell the organism which body surfaces are in contact with the ground; and proprioceptive cues, which report which parts of the body are in motion.",5.73481890251268,0.643919358739059,0.427418203477239
"GO:0050965","detection of temperature stimulus involved in sensory perception of pain",0.235263808927727,0.0222609948952723,0.0358111657010902,"The series of events involved in the perception of pain in which a temperature stimulus is received and converted into a molecular signal.",226.934326135111,0.102920235466599,2.28588486861827
"GO:0050994","regulation of lipid catabolic process",-0.0629909073794164,0.620146488035879,0.699032038090683,"Any process that modulates the frequency, rate, or extent of the chemical reactions and pathways resulting in the breakdown of lipids.",185.881240164748,0.127089335674681,-0.495642746458745
"GO:0051015","actin filament binding",0.169444322417118,2.76487016898891e-25,1.69509046116209e-24,"Binding to an actin filament, also known as F-actin, a helical filamentous polymer of globular G-actin subunits.",28134.7773213062,0.0163090197380456,10.3896080290981
"GO:0051017","actin filament bundle assembly",-0.439242093964013,5.1188479414099e-15,2.08813352194071e-14,"The assembly of actin filament bundles; actin filaments are on the same axis but may be oriented with the same or opposite polarities and may be packed with different levels of tightness.",997.369452242512,0.0561406611717751,-7.82395655476967
"GO:0051018","protein kinase A binding",-0.187377428246284,0.0284523672919032,0.0448475654847713,"Binding to a protein kinase A.",440.724492311195,0.0855217287050899,-2.19099205644486
"GO:0051055","negative regulation of lipid biosynthetic process",-0.318440369198673,0.00073056458550099,0.00143861877761119,"Any process that stops, prevents, or reduces the frequency, rate or extent of the chemical reactions and pathways resulting in the formation of lipids.",330.204900542978,0.0942732553529882,-3.37784420413121
"GO:0051056","regulation of small GTPase mediated signal transduction",-0.439918336054877,2.6015006076992e-27,1.67273316513342e-26,"Any process that modulates the frequency, rate or extent of small GTPase mediated signal transduction.",6551.82180584895,0.0406365666261786,-10.8256767876515
"GO:0051087","chaperone binding",0.339281290260358,2.60601970835568e-20,1.30859418212432e-19,"Binding to a chaperone protein, a class of proteins that bind to nascent or unfolded polypeptides and ensure correct folding or transport.",3048.98285468576,0.0367424369439054,9.2340442953835
"GO:0051092","positive regulation of NF-kappaB transcription factor activity",0.288991850281954,1.82870907372929e-13,6.98686129799832e-13,"Any process that activates or increases the frequency, rate or extent of activity of the transcription factor NF-kappaB.",2358.00537237564,0.039261161684174,7.36075648007241
"GO:0051131","chaperone-mediated protein complex assembly",-0.177142264013336,0.360803822717257,0.43900127885548,"The aggregation, arrangement and bonding together of a set of components to form a protein complex, mediated by chaperone molecules that do not form part of the finished complex.",71.767104753753,0.193845019843593,-0.913834485695151
"GO:0051169","nuclear transport",-0.109662819135802,5.35101329831646e-05,0.00011755507339739,"The directed movement of substances into, out of, or within the nucleus.",7136.45779145092,0.0271459987466785,-4.03974155304271
"GO:0051180","vitamin transport",-0.319547468656213,0.00139252906009631,0.00266743304972126,"The directed movement of vitamins into, out of or within a cell, or between cells, by means of some agent such as a transporter or pore. A vitamin is one of a number of unrelated organic substances that occur in many foods in small amounts and that are necessary in trace amounts for the normal metabolic functioning of the body.",262.571493322275,0.0999774596067914,-3.19619512151023
"GO:0051216","cartilage development",0.253766974153076,0.2559743599353,0.326486405493582,"The process whose specific outcome is the progression of a cartilage element over time, from its formation to the mature structure. Cartilage elements are skeletal elements that consist of connective tissue dominated by extracellular matrix containing collagen type II and large amounts of proteoglycan, particularly chondroitin sulfate.",54.9302597948908,0.223394782429105,1.13595748026752
"GO:0051233","spindle midzone",-0.294614765417508,0.466519728962927,0.548128194085132,"The area in the center of the spindle where the spindle microtubules from opposite poles overlap.",18.318570526118,0.40460539268216,-0.72815333346025
"GO:0051259","protein complex oligomerization",-0.116780658261657,0.00709376407219372,0.0122428383209956,"The process of creating protein oligomers, compounds composed of a small number, usually between three and ten, of component monomers; protein oligomers may be composed of different or identical monomers. Oligomers may be formed by the polymerization of a number of monomers or the depolymerization of a large protein polymer.",2136.11162518237,0.0433740219757046,-2.69241017877176
"GO:0051260","protein homooligomerization",-0.309353850740962,1.29099386444907e-16,5.61382692808883e-16,"The process of creating protein oligomers, compounds composed of a small number, usually between three and ten, of identical component monomers. Oligomers may be formed by the polymerization of a number of monomers or the depolymerization of a large protein polymer.",7450.88254437279,0.0373868424445071,-8.27440432286123
"GO:0051262","protein tetramerization",-2.19521439851725,1.42188267228136e-07,3.81520426951831e-07,"The formation of a protein tetramer, a macromolecular structure consisting of four noncovalently associated identical or nonidentical subunits.",19.1404627873261,0.41715093496274,-5.26239836598551
"GO:0051276","chromosome organization",0.958811314319077,3.8628417462037e-137,9.25765141220865e-136,"A process that is carried out at the cellular level that results in the assembly, arrangement of constituent parts, or disassembly of chromosomes, structures composed of a very long molecule of DNA and associated proteins that carries hereditary information. This term covers covalent modifications at the molecular level as well as spatial relationships among the major components of a chromosome.",3515.54022318937,0.0384658980547429,24.9262687941028
"GO:0051287","NAD binding",-0.0109774585155219,0.686086030450149,0.754408466224903,"Binding to nicotinamide adenine dinucleotide, a coenzyme involved in many redox and biosynthetic reactions; binding may be to either the oxidized form, NAD+, or the reduced form, NADH.",12051.6620925605,0.0271603443445684,-0.40417228795986
"GO:0051289","protein homotetramerization",-0.0163357576205164,0.698611857766599,0.765388263911562,"The formation of a protein homotetramer, a macromolecular structure consisting of four noncovalently associated identical subunits.",1497.33268405278,0.0421900024035373,-0.387194991464299
"GO:0051290","protein heterotetramerization",0.0372562252654906,0.172772050857749,0.230326330757896,"The formation of a protein heterotetramer, a macromolecular structure consisting of four noncovalently associated subunits, of which not all are identical.",9397.60491182495,0.0273269590606417,1.36335057196868
"GO:0051301","cell division",-0.208596229542689,7.714080423068e-08,2.1156041108258e-07,"The process resulting in division and partitioning of components of a cell to form more cells; may or may not be accompanied by the physical separation of a cell into distinct, individually membrane-bounded daughter cells.",5059.17408428738,0.0388180509341162,-5.37369147917107
"GO:0051377","mannose-ethanolamine phosphotransferase activity",-0.11829706660062,0.0828851395084708,0.119076811460058,"Catalysis of the transfer of ethanolamine phosphate to a mannose residue in the GPI lipid precursor.",899.699103770153,0.0682147630684976,-1.73418569938933
"GO:0051382","kinetochore assembly",-0.0104151879072385,0.757027837752159,0.814162014186284,"The aggregation, arrangement and bonding together of a set of components to form the kinetochore, a multisubunit complex that is located at the centromeric region of DNA and provides an attachment point for the spindle microtubules.",3404.87776957273,0.0336640453128892,-0.309386106465664
"GO:0051402","neuron apoptotic process",-0.319114222647384,1.12745929447357e-41,9.94900272822074e-41,"Any apoptotic process in a neuron, the basic cellular unit of nervous tissue. Each neuron consists of a body, an axon, and dendrites. Their purpose is to receive, conduct, and transmit impulses in the nervous system.",5567.28247591596,0.0235960030092965,-13.5240795876174
"GO:0051424","corticotropin-releasing hormone binding",-0.93449497306591,0.847415352185065,0.884314189885355,"Binding to corticotropin-releasing hormone, a polypeptide hormone involved in the stress response. It is released by the hypothalamus and stimulates the release of corticotropin by the anterior pituitary gland.",0.13248397636089,4.85660611208522,-0.192417287195786
"GO:0051431","corticotropin-releasing hormone receptor 2 binding",-2.19086532887954,0.215028833096914,0.28010859110648,"Binding to a corticotropin-releasing hormone receptor type 2 (CRHR2). The CRHR2 has several splice variants that are located in sub-cortical areas of the brain and in the periphery.",0.862966589831571,1.76703274546642,-1.23985553436999
"GO:0051451","myoblast migration",0.10802481554787,0.145509635234058,0.198370924827814,"The orderly movement of a myoblast from one site to another, often during the development of a multicellular organism. A myoblast is a cell type that, by fusion with other myoblasts, gives rise to the myotubes that eventually develop into skeletal muscle fibers.",552.629538095214,0.0742144370832312,1.45557683644114
"GO:0051461","positive regulation of corticotropin secretion",-0.513066636067188,0.494038395487945,0.576523282470688,"Any process that activates or increases the frequency, rate or extent of the regulated release of corticotropin hormone from a cell.",5.25975339409727,0.750207242032546,-0.683899871023812
"GO:0051491","positive regulation of filopodium assembly",-0.519657212388093,6.09870492620953e-38,4.94698795745227e-37,"Any process that activates or increases the frequency, rate or extent of the assembly of a filopodium, a thin, stiff protrusion extended by the leading edge of a motile cell such as a crawling fibroblast or amoeba, or an axonal growth cone.",3974.07229489279,0.0403568074239965,-12.8765689250013
"GO:0051492","regulation of stress fiber assembly",0.37252156982654,3.87398391822919e-11,1.28665072181817e-10,"Any process that modulates the frequency, rate or extent of the assembly of a stress fiber, a bundle of microfilaments and other proteins found in fibroblasts.",1986.59592931116,0.0563673446006763,6.60881885541351
"GO:0051493","regulation of cytoskeleton organization",-0.0131099745953849,0.707619988395638,0.771649718472803,"Any process that modulates the frequency, rate or extent of the formation, arrangement of constituent parts, or disassembly of cytoskeletal structures.",2991.46202657533,0.0349548588577928,-0.375054428018728
"GO:0051496","positive regulation of stress fiber assembly",-0.265914259338592,1.77342528938722e-05,4.05217111085336e-05,"Any process that activates or increases the frequency, rate or extent of the assembly of a stress fiber, a bundle of microfilaments and other proteins found in fibroblasts.",904.324061578459,0.0619607036294268,-4.2916597740556
"GO:0051497","negative regulation of stress fiber assembly",0.0272903771556308,0.995516528312638,1,"Any process that stops, prevents, or reduces the frequency, rate or extent of the assembly a stress fiber, a bundle of microfilaments and other proteins found in fibroblasts.",0.13310256071442,4.85660611208522,0.00561922802174984
"GO:0051499","D-aminoacyl-tRNA deacylase activity",0.162477339693461,0.190303010498253,0.251157102090622,"Catalysis of the reaction: D-aminoacyl-tRNA = D-amino acid + tRNA. Hydrolysis of the removal of D-amino acids from residues in charged tRNA.",168.003524319643,0.124058499667282,1.30968325531274
"GO:0051500","D-tyrosyl-tRNA(Tyr) deacylase activity",0.280076862821301,0.0480700337276107,0.0726736208828179,"Catalysis of the reaction: D-tyrosyl-tRNA(Tyr) = D-tyrosine + tRNA(Tyr). Hydrolysis of the removal of D-tyrosine from tyrosine residues in charged tRNA.",107.847604872195,0.14168561294674,1.97674878201347
"GO:0051537","2 iron, 2 sulfur cluster binding",-0.0867830823491303,0.612421945814034,0.691433556596251,"Binding to a 2 iron, 2 sulfur (2Fe-2S) cluster; this cluster consists of two iron atoms, with two inorganic sulfur atoms found between the irons and acting as bridging ligands.",77.7964289814372,0.171298404874223,-0.50661932557312
"GO:0051539","4 iron, 4 sulfur cluster binding",-0.264551219836864,1.39157381273506e-16,6.03874315032562e-16,"Binding to a 4 iron, 4 sulfur (4Fe-4S) cluster; this cluster consists of four iron atoms, with the inorganic sulfur atoms found between the irons and acting as bridging ligands.",3412.91125806583,0.0320068365940932,-8.26545975760959
"GO:0051560","mitochondrial calcium ion homeostasis",0.141872601223982,0.125396692937601,0.173303817434731,"Any process involved in the maintenance of an internal steady state of calcium ions within the cytoplasm of a cell or between mitochondria and their surroundings.",273.121461805718,0.0925753333883482,1.53250975212624
"GO:0051603","proteolysis involved in cellular protein catabolic process",2.55481318367377,7.7961960930258e-13,2.85950914090286e-12,"The hydrolysis of a peptide bond or bonds within a protein as part of the chemical reactions and pathways resulting in the breakdown of a protein by individual cells.",26.8687999285921,0.356583840484241,7.16469142349338
"GO:0051604","protein maturation",-0.345590920561252,4.09217447772459e-10,1.28428511510732e-09,"Any process leading to the attainment of the full functional capacity of a protein.",4448.2955498894,0.0552903830789212,-6.25047072052218
"GO:0051607","defense response to virus",0.234237797068934,6.85943949597151e-06,1.62363163827204e-05,"Reactions triggered in response to the presence of a virus that act to protect the cell or organism.",1123.2923281095,0.0520759419277173,4.49800403791183
"GO:0051693","actin filament capping",-1.38808633844738,0.118734437797242,0.164961086504864,"The binding of a protein or protein complex to the end of an actin filament, thus preventing the addition, exchange or removal of further actin subunits.",3.92947180767107,0.889737522192129,-1.56010767650601
"GO:0051694","pointed-end actin filament capping",-0.29460660547699,0.0043290232056557,0.00768510937771706,"The binding of a protein or protein complex to the pointed (or minus) end of an actin filament, thus preventing the addition, exchange or removal of further actin subunits.",224.974363398889,0.103257157315487,-2.85313496067747
"GO:0051726","regulation of cell cycle",0.23401360887796,1.02546447387138e-20,5.2877862479089e-20,"Any process that modulates the rate or extent of progression through the cell cycle.",9023.02997099628,0.0250727586779517,9.33338097669107
"GO:0051751","alpha-1,4-mannosyltransferase activity",-0.222338312791963,0.0465710196398452,0.0705591094974379,"Catalysis of the transfer of a mannose residue to an oligosaccharide, forming an alpha-(1->4) linkage.",189.167141871245,0.111717643863111,-1.9901808264449
"GO:0051754","meiotic sister chromatid cohesion, centromeric",0.222014796621702,3.38689688721946e-06,8.18209110555078e-06,"The cell cycle process in which centromeres of sister chromatids are joined during meiosis.",1191.87924285695,0.0477878336506847,4.64584350578782
"GO:0051879","Hsp90 protein binding",0.4679987768949,1.07070801342909e-10,3.47403569280299e-10,"Binding to Hsp90 proteins, any of a group of heat shock proteins around 90kDa in size.",676.867789173386,0.0724836116791745,6.4566150341176
"GO:0051894","positive regulation of focal adhesion assembly",-0.139570251718013,0.0113857750171584,0.0191335454272407,"Any process that activates or increases the frequency, rate or extent of focal adhesion assembly, the establishment and maturation of focal adhesions.",2104.44471011643,0.0551523648353201,-2.53063041149291
"GO:0051897","positive regulation of protein kinase B signaling",0.33405907472216,6.79804642321947e-21,3.54878215509155e-20,"Any process that activates or increases the frequency, rate or extent of protein kinase B signaling, a series of reactions mediated by the intracellular serine/threonine kinase protein kinase B.",5075.59119536337,0.0356259811606354,9.37683858350196
"GO:0051918","negative regulation of fibrinolysis",0.0554021664333799,0.797854711849282,0.848978601054559,"Any process that stops, prevents, or reduces the frequency, rate or extent of fibrinolysis, an ongoing process that solubilizes fibrin, resulting in the removal of small blood clots.",57.4811327285738,0.216309523236493,0.256124490519117
"GO:0051920","peroxiredoxin activity",-0.922913307069466,0.00164141866248362,0.00311308629422478,"Catalysis of the reaction: 2 R'-SH + ROOH = R'-S-S-R' + H2O + ROH.",27.0733714958602,0.293133099566578,-3.14844454083851
"GO:0051923","sulfation",0.666187192974427,3.07829950797221e-05,6.92863784665249e-05,"The addition of a sulfate group to a molecule.",89.3552457368592,0.15984930382016,4.16759521032339
"GO:0051963","regulation of synapse assembly",-0.209079072412148,2.30967167712718e-06,5.65748846348575e-06,"Any process that modulates the frequency, rate or extent of synapse assembly, the aggregation, arrangement and bonding together of a set of components to form a synapse.",1393.18354456433,0.0442565723936605,-4.72424910253776
"GO:0051965","positive regulation of synapse assembly",-0.211134144051458,2.67846059210747e-05,6.04804431344181e-05,"Any process that activates, maintains or increases the frequency, rate or extent of synapse assembly, the aggregation, arrangement and bonding together of a set of components to form a synapse.",1064.64855700969,0.0502794737307586,-4.19921149497425
"GO:0052548","regulation of endopeptidase activity",-0.775387453004587,5.05923221341436e-321,2.88376236164619e-319,"Any process that modulates the frequency, rate or extent of endopeptidase activity, the endohydrolysis of peptide bonds within proteins.",12268.5719416671,0.0202424653804871,-38.3049909400873
"GO:0052689","carboxylic ester hydrolase activity",0.89954676915739,0.00191852444539586,0.00359979364354081,"Catalysis of the hydrolysis of a carboxylic ester bond.",29.4437729932717,0.289936627023121,3.10256340633243
"GO:0052855","ADP-dependent NAD(P)H-hydrate dehydratase activity",-0.151390864051247,0.0802098630464499,0.115548224839455,"Catalysis of the reaction: (6S)-6beta-hydroxy-1,4,5,6-tetrahydronicotinamide adenine dinucleotide + ADP = AMP + 3 H(+) + NADH + phosphate.",320.708857068882,0.0865352881592166,-1.74946969348161
"GO:0052866","phosphatidylinositol phosphate phosphatase activity",0.010628750753097,0.789626719118083,0.842774671366416,"Catalysis of the reaction: phosphatidylinositol phosphate(n) + H2O = phosphatidylinositol phosphate(n-1) + phosphate. This reaction is the removal of a phosphate group from a phosphatidylinositol phosphate.",2285.08421283575,0.0398385876938605,0.266795370226815
"GO:0055010","ventricular cardiac muscle tissue morphogenesis",-2.25693817362206,2.63128238697299e-11,8.82253506220354e-11,"The process in which the anatomical structures of cardiac ventricle muscle is generated and organized.",31.2854869616914,0.33858192821963,-6.66585539721435
"GO:0055037","recycling endosome",-0.10558275119577,0.00186619557569877,0.00350784890298459,"An organelle consisting of a network of tubules that functions in targeting molecules, such as receptors transporters and lipids, to the plasma membrane.",3468.65301578673,0.0339413682038731,-3.11073939511141
"GO:0055062","phosphate ion homeostasis",0.923864204010772,0.631831585688607,0.709171268875611,"Any process involved in the maintenance of an internal steady state of phosphate ions within an organism or cell.",1.13706649920285,1.92812959113766,0.479150472176335
"GO:0055064","chloride ion homeostasis",-0.488822484968084,0.00900108240225878,0.0153214550333848,"Any process involved in the maintenance of an internal steady state of chloride ions within an organism or cell.",72.8786790057659,0.187143968946138,-2.61201302783512
"GO:0055070","copper ion homeostasis",0.501647443938202,1.74766149879427e-08,5.04215882483873e-08,"Any process involved in the maintenance of an internal steady state of copper ions within an organism or cell.",419.529516930962,0.08901895615233,5.63528787149311
"GO:0055072","iron ion homeostasis",-0.60417621321155,3.14961051346452e-21,1.66063214322417e-20,"Any process involved in the maintenance of an internal steady state of iron ions within an organism or cell.",628.269468275924,0.0638823205320767,-9.4576434947785
"GO:0055085","transmembrane transport",-0.0308167362471327,0.39314740469563,0.472987950087327,"The process in which a solute is transported across a lipid bilayer, from one side of a membrane to the other.",4026.89146193327,0.0360884060476938,-0.853923451382303
"GO:0055087","Ski complex",-0.147614099824904,0.143010236889471,0.195215915598637,"A protein complex that regulates RNA degradation by the exosome complex. In Saccharomyces the complex has a heterotetrameric stoichiometry consisting of one copy each of Ski2p and Ski3 and two copies of Ski8p.",757.084570979756,0.100782993984344,-1.46467269912456
"GO:0055088","lipid homeostasis",-0.0520288254369083,0.215359273278772,0.280365868731438,"Any process involved in the maintenance of an internal steady state of lipid within an organism or cell.",2391.2196624872,0.0419938558819975,-1.23896280406136
"GO:0060013","righting reflex",-0.0777359954681942,0.252897681309228,0.323249218109795,"A reflex process in which an animal immediately tries to turn over after being placed in a supine position.",1477.29209659705,0.0679903027952695,-1.1433394509548
"GO:0060016","granulosa cell development",0.889874295138229,0.189923016473348,0.250812549619468,"The process whose specific outcome is the progression of a granulosa cell over time, from its formation to the mature structure. Cell development does not include the steps involved in committing a cell to a granulosa cell fate.",5.80565917925982,0.678875207739163,1.31080688319986
"GO:0060021","roof of mouth development",0.565063293453424,1.31127005936719e-18,6.14548567823425e-18,"The biological process whose specific outcome is the progression of the roof of the mouth from an initial condition to its mature state. This process begins with the formation of the structure and ends with the mature structure. The roof of the mouth is the partition that separates the nasal and oral cavities.",697.011404893267,0.0641769873639865,8.80476502034301
"GO:0060052","neurofilament cytoskeleton organization",0.678292644273891,9.32957027075699e-42,8.26725365589349e-41,"A process that is carried out at the cellular level which results in the assembly, arrangement of constituent parts, or disassembly of cytoskeletal structures comprising neurofilaments and their associated proteins.",1198.98089344317,0.0501028727194422,13.5379990698753
"GO:0060070","canonical Wnt signaling pathway",0.0508587844510235,0.495773485246432,0.577464863776659,"The series of molecular signals initiated by binding of a Wnt protein to a frizzled family receptor on the surface of the target cell, followed by propagation of the signal via beta-catenin, and ending with a change in transcription of target genes. In this pathway, the activated receptor signals via downstream effectors that result in the inhibition of beta-catenin phosphorylation, thereby preventing degradation of beta-catenin. Stabilized beta-catenin can then accumulate and travel to the nucleus to trigger changes in transcription of target genes.",458.889200010587,0.0746655200646291,0.681154894615361
"GO:0060076","excitatory synapse",0.389680994678417,0.588061873003227,0.668223324441706,"A synapse in which an action potential in the presynaptic cell increases the probability of an action potential occurring in the postsynaptic cell.",5.801946857323,0.719437507457248,0.541646759641002
"GO:0060090","molecular adaptor activity",-0.164078652248298,2.46241669393379e-05,5.57214249732443e-05,"The binding activity of a molecule that brings together two or more molecules through a selective, non-covalent, often stoichiometric interaction, permitting those molecules to function in a coordinated way.",7398.82310391585,0.0388976309920821,-4.21821710123418
"GO:0060122","inner ear receptor cell stereocilium organization",-0.409024612111576,1.25455388269891e-12,4.54614113163575e-12,"A process that is carried out at the cellular level which results in the assembly, arrangement of constituent parts, or disassembly of a stereocilium. A stereocilium is an actin-based protrusion from the apical surface of inner ear receptor cells.",747.46987219714,0.0576153622227391,-7.0992283365381
"GO:0060173","limb development",-2.83058102711404,0.159275255866336,0.214777183262214,"The process whose specific outcome is the progression of a limb over time, from its formation to the mature structure. A limb is an appendage of an animal used for locomotion or grasping. Examples include legs, arms or some types of fin.",0.797889614945768,2.01105109291932,-1.40751323379112
"GO:0060271","cilium assembly",0.0602867016198896,0.00842000948122927,0.0144255077139826,"The assembly of a cilium, a specialized eukaryotic organelle that consists of a filiform extrusion of the cell surface. Each cilium is bounded by an extrusion of the cytoplasmic membrane, and contains a regular longitudinal array of microtubules, anchored basally in a centriole.",6310.48380278606,0.0228814033304896,2.63474668704245
"GO:0060291","long-term synaptic potentiation",3.09484190755732,3.97954936967946e-52,4.28207633706836e-51,"A process that modulates synaptic plasticity such that synapses are changed resulting in the increase in the rate, or frequency of synaptic transmission at the synapse.",122.474148641338,0.203711743488607,15.1922606647879
"GO:0060322","head development",0.0644855395940403,0.505514336395271,0.586107606078959,"The biological process whose specific outcome is the progression of a head from an initial condition to its mature state. The head is the anterior-most division of the body.",315.918391632179,0.0968486202465177,0.665838495477781
"GO:0060325","face morphogenesis",0.73882924312915,8.21132821595193e-05,0.000177435360731994,"The process in which the anatomical structures of the face are generated and organized. The face is the ventral division of the head.",67.2828163367498,0.187608345066239,3.93814700976276
"GO:0060348","bone development",0.643129917444311,1.67593251263577e-17,7.66711858817536e-17,"The process whose specific outcome is the progression of bone over time, from its formation to the mature structure. Bone is the hard skeletal connective tissue consisting of both mineral and cellular components.",530.216886697033,0.0755352272343174,8.51430439798984
"GO:0060349","bone morphogenesis",0.845778891028141,0.000102631613329959,0.000219523400114486,"The process in which bones are generated and organized.",49.1085408719232,0.217743797804501,3.88428464808681
"GO:0060384","innervation",0.204456201743923,0.00012993890989923,0.00027431547645393,"The process in which a nerve invades a tissue and makes functional synaptic connection within the tissue.",1357.84699110601,0.0534306098653924,3.82657435988489
"GO:0060395","SMAD protein signal transduction",1.79198048160715,0,0,"The cascade of processes by which a signal interacts with a receptor, causing a change in the activity of a SMAD protein, and ultimately effecting a change in the functioning of the cell.",2457.98615397933,0.0404357236321362,44.3167654895874
"GO:0060397","growth hormone receptor signaling pathway via JAK-STAT",0.0673088920084383,0.293450117623699,0.367509678187875,"The process in which STAT proteins (Signal Transducers and Activators of Transcription) are activated by members of the JAK (janus activated kinase) family of tyrosine kinases, following the binding of physiological ligands to the growth hormone receptor. Once activated, STATs dimerize and translocate to the nucleus and modulate the expression of target genes.",2876.40502551881,0.0640681290151699,1.05058307528383
"GO:0060548","negative regulation of cell death",-0.12705942217902,0.736615019813321,0.797905021461887,"Any process that decreases the rate or frequency of cell death. Cell death is the specific activation or halting of processes within a cell so that its vital functions markedly cease, rather than simply deteriorating gradually over time, which culminates in cell death.",27.5644414866379,0.377771564201424,-0.336339296600083
"GO:0060670","branching involved in labyrinthine layer morphogenesis",-0.334138240730674,1.76767668526933e-32,1.26373902685865e-31,"The process in which the branches of the fetal placental villi are generated and organized. The villous part of the placenta is called the labyrinth layer.",4828.12845322788,0.0281581808210451,-11.8664711635399
"GO:0061001","regulation of dendritic spine morphogenesis",-0.709820714284653,0.654093880657773,0.728728998577519,"Any process that modulates the rate, frequency, or extent of dendritic spine morphogenesis, the process in which the anatomical structures of a dendritic spine are generated and organized. A dendritic spine is a protrusion from a dendrite and a specialized subcellular compartment involved in synaptic transmission.",1.12993480221818,1.58413061107786,-0.448082190521955
"GO:0061015","snRNA import into nucleus",-0.085065225904901,0.265899262056124,0.337210789943696,"The directed movement of snRNA, small nuclear ribonucleic acid into the nucleus.",645.879889405891,0.0764592909491997,-1.11255577770685
"GO:0061077","chaperone-mediated protein folding",-0.615775576716892,6.50213956202493e-28,4.23241121491067e-27,"The process of inhibiting aggregation and assisting in the covalent and noncovalent assembly of single chain polypeptides or multisubunit complexes into the correct tertiary structure that is dependent on interaction with a chaperone.",1232.25402337581,0.0562251217056106,-10.9519652076706
"GO:0061098","positive regulation of protein tyrosine kinase activity",-2.75625383866451,1.65812734052505e-20,8.4468371042689e-20,"Any process that increases the rate, frequency, or extent of protein tyrosine kinase activity.",49.2875453313848,0.296935569062132,-9.28232965612744
"GO:0061337","cardiac conduction",0.125573357911892,0.204889350729386,0.268059330451784,"Transfer of an organized electrical impulse across the heart to coordinate the contraction of cardiac muscles. The process begins with generation of an action potential (in the sinoatrial node (SA) in humans) and ends with a change in the rate, frequency, or extent of the contraction of the heart muscles.",253.065969048143,0.099052606873909,1.26774409957471
"GO:0061564","axon development",0.027023238639733,0.990080094395707,0.999559080459811,"The progression of an axon over time. Covers axonogenesis (de novo generation of an axon) and axon regeneration (regrowth), as well as processes pertaining to the progression of the axon over time (fasciculation and defasciculation).",0.465834021320184,2.17349542093941,0.0124330782477808
"GO:0061578","Lys63-specific deubiquitinase activity",1.17152509737614,8.04018634444776e-16,3.3778392431156e-15,"Hydrolysis of Lys63-Linked ubiquitin unit(s) from a ubiquitinated protein.",118.795021146137,0.145466240411069,8.05358751326466
"GO:0061588","calcium activated phospholipid scrambling",0.0272671323993025,0.991444038340247,1,"The movement of a population of phospholipid molecules from one leaflet of the plasma membrane bilayer to the opposite leaflet as a result of a calcium stimulus.",0.401022410311895,2.54274245998026,0.010723513225761
"GO:0061608","nuclear import signal receptor activity",0.0690664602750934,0.0966535212526453,0.137267526142646,"Combining with a nuclear import signal (NIS) on a cargo to be transported, to mediate transport of the cargo through the nuclear pore, from the cytoplasm to the nuclear lumen. The cargo can be either a RNA or a protein.",1864.49574635023,0.0415737824174699,1.66129844962268
"GO:0061617","MICOS complex",-0.267415141445446,4.31735474744556e-07,1.12134250768013e-06,"Mitochondrial inner membrane complex involved in maintenance of crista junctions, inner membrane architecture, and formation of contact sites to the outer membrane. In Saccharomyces cerevisiae the complex has six subunits: MIC10, MIC12, MIC19, MIC26, MIC27, and MIC60.",936.419846430666,0.0529073475806261,-5.05440460869692
"GO:0061630","ubiquitin protein ligase activity",0.124230712809981,6.51315102688449e-06,1.54339724895499e-05,"Catalysis of the transfer of ubiquitin to a substrate protein via the reaction X-ubiquitin + S -> X + S-ubiquitin, where X is either an E2 or E3 enzyme, the X-ubiquitin linkage is a thioester bond, and the S-ubiquitin linkage is an amide bond: an isopeptide bond between the C-terminal glycine of ubiquitin and the epsilon-amino group of lysine residues in the substrate or, in the linear extension of ubiquitin chains, a peptide bond the between the C-terminal glycine and N-terminal methionine of ubiquitin residues.",35316.9560814184,0.0275516738798294,4.50900781389295
"GO:0061631","ubiquitin conjugating enzyme activity",0.0492903929483288,0.0555128229343993,0.0826031484444811,"Isoenergetic transfer of ubiquitin from one protein to another via the reaction X-ubiquitin + Y -> Y-ubiquitin + X, where both the X-ubiquitin and Y-ubiquitin linkages are thioester bonds between the C-terminal glycine of ubiquitin and a sulfhydryl side group of a cysteine residue.",9209.65556832976,0.0257412499585867,1.91484069451284
"GO:0061640","cytoskeleton-dependent cytokinesis",-0.161632157950915,6.79159745574595e-05,0.000148122844200292,"A cytokinesis that involves the function of a set of proteins that are part of the microfilament or microtubule cytoskeleton.",1922.88707073559,0.0405757088826902,-3.98347095840555
"GO:0061669","spontaneous neurotransmitter secretion",0.327464622503031,0.652412883395774,0.727506617146886,"Neurotransmitter secretion that occurs in the absence of the action of a secretagogue or a presynaptic action potential.",5.66750955648835,0.727032378502837,0.450412708134639
"GO:0061929","gamma-glutamylaminecyclotransferase activity",0.278774788158659,0.386969804019844,0.466887480936986,"Catalysis of the reaction: epsilon-(L-gamma-glutamyl)-L-lysine = L-lysine + 5-oxo-L-proline.",22.4611563333128,0.322236167938781,0.865125693189168
"GO:0061952","midbody abscission",1.44437920717787,2.36288414576629e-69,3.36710990771697e-68,"The process by which the midbody, the cytoplasmic bridge that connects the two prospective daughter cells, is severed at the end of mitotic cytokinesis, resulting in two separate daughter cells.",457.000656880397,0.0820560176335224,17.6023556691325
"GO:0062023","collagen-containing extracellular matrix",2.24446820621518,0.166406325299138,0.223109307092105,"An extracellular matrix consisting mainly of proteins (especially collagen) and glycosaminoglycans (mostly as proteoglycans) that provides not only essential physical scaffolding for the cellular constituents but can also initiate crucial biochemical and biomechanical cues required for tissue morphogenesis, differentiation and homeostasis. The components are secreted by cells in the vicinity and form a sheet underlying or overlying cells such as endothelial and epithelial cells.",2.00819228461875,1.62190877506749,1.38384367895278
"GO:0065003","protein-containing complex assembly",0.492844156912923,0.149484595473946,0.202919378542161,"The aggregation, arrangement and bonding together of a set of macromolecules to form a protein-containing complex.",22.2640891572514,0.341931289455425,1.44135436595419
"GO:0070004","cysteine-type exopeptidase activity",0.890849455869631,8.79630052499932e-25,5.22574586118974e-24,"Catalysis of the hydrolysis of C- or N-terminal peptide bonds in a polypeptide chain by a mechanism in which the sulfhydryl group of a cysteine residue at the active center acts as a nucleophile.",349.019675354878,0.0866700013700072,10.2786366884484
"GO:0070006","metalloaminopeptidase activity",-0.251204990743694,9.79228881854523e-19,4.62012016069617e-18,"Catalysis of the hydrolysis of a single N-terminal amino acid residue from a polypeptide chain by a mechanism in which water acts as a nucleophile, one or two metal ions hold the water molecule in place, and charged amino acid side chains are ligands for the metal ions.",6125.8485617134,0.0284250347653417,-8.83745588413441
"GO:0070034","telomerase RNA binding",0.0177040188486656,0.823974537229677,0.870622394297289,"Binding to the telomerase RNA template.",858.967908598748,0.0795915396083732,0.222435938992731
"GO:0070050","neuron cellular homeostasis",0.477961676388432,0.000998328442374715,0.00194231982008143,"The cellular homeostatic process that preserves a neuron in a stable, differentiated functional and structural state.",132.739370249051,0.145233077293594,3.29099737673544
"GO:0070064","proline-rich region binding",0.237701654778793,7.54364775828176e-08,2.0715563961219e-07,"Binding to a proline-rich region, i.e. a region that contains a high proportion of proline residues, in a protein.",2500.59347283976,0.0442012246308216,5.37771649460235
"GO:0070072","vacuolar proton-transporting V-type ATPase complex assembly",-0.253557542075184,3.37872974988814e-05,7.58057557714265e-05,"The aggregation, arrangement and bonding together of a vacuolar proton-transporting V-type ATPase complex, proton-transporting two-sector ATPase complex that couples ATP hydrolysis to the transport of protons across the vacuolar membrane.",712.506683101044,0.0611525438315505,-4.14631225764914
"GO:0070098","chemokine-mediated signaling pathway",2.71191455811357,9.20240562555017e-08,2.51072101737197e-07,"A series of molecular signals initiated by the binding of a chemokine to a receptor on the surface of a cell, and ending with regulation of a downstream cellular process, e.g. transcription.",11.3723769853864,0.507677273019304,5.3418080781616
"GO:0070131","positive regulation of mitochondrial translation",-0.099791914798973,0.349048210813245,0.426749377742107,"Any process that activates or increases the frequency, rate or extent of the chemical reactions and pathways resulting in the formation of proteins by the translation of mRNA in a mitochondrion.",245.192695135789,0.10656553483924,-0.936437047395431
"GO:0070176","DRM complex",-0.51089840067451,1.64633407016929e-05,3.76994414113685e-05,"A transcriptional repressor complex that contains the lin-9, lin-35, lin-37, lin-52, lin-53, lin-5is involved in 4-, dpl-1 and efl-1 proteins, and is involved in cell fate specification.",165.879939948388,0.118589098412456,-4.30813968158853
"GO:0070189","kynurenine metabolic process",0.612083876491127,0.460417844269998,0.541864527659278,"The chemical reactions and pathways involving kynurenine, the amino acid 3-(2-aminobenzoyl)-alanine.",4.20292651172664,0.82920331539315,0.73815898360334
"GO:0070286","axonemal dynein complex assembly",0.439560974746234,0.0685189245577338,0.100212490910028,"The aggregation, arrangement and bonding together of a set of components to form an axonemal dynein complex, a dynein complex found in eukaryotic cilia and flagella, in which the motor domain heads interact with adjacent microtubules to generate a sliding force which is converted to a bending motion.",40.912082621932,0.241307695198237,1.82157877056151
"GO:0070301","cellular response to hydrogen peroxide",-0.0495448584509495,0.825666681234832,0.871537052414545,"Any process that results in a change in state or activity of a cell (in terms of movement, secretion, enzyme production, gene expression, etc.) as a result of a hydrogen peroxide (H2O2) stimulus.",44.9086190600211,0.224935457483939,-0.220262554446255
"GO:0070327","thyroid hormone transport",-1.08012576750786,2.10039262022205e-100,3.81873106555889e-99,"The directed movement of thyroid hormone into, out of or within a cell, or between cells, by means of some agent such as a transporter or pore.",1488.48833852809,0.0507788930686729,-21.2711562271967
"GO:0070374","positive regulation of ERK1 and ERK2 cascade",0.661965193090204,3.96308170556515e-11,1.31417284859071e-10,"Any process that activates or increases the frequency, rate or extent of signal transduction mediated by the ERK1 and ERK2 cascade.",238.772252333874,0.100214983485364,6.60545130147012
"GO:0070382","exocytic vesicle",-0.217411186305955,0.237603174539533,0.306673864812653,"A transport vesicle that mediates transport from an intracellular compartment to the plasma membrane, and fuses with the plasma membrane to release various cargo molecules, such as proteins or hormones, by exocytosis.",63.5123508165832,0.18409093599547,-1.18099886412281
"GO:0070403","NAD+ binding",-0.368461775330213,1.53947697275426e-21,8.19888115035032e-21,"Binding to the oxidized form, NAD, of nicotinamide adenine dinucleotide, a coenzyme involved in many redox and biosynthetic reactions.",2115.62515045724,0.0386543304851868,-9.53222499795761
"GO:0070412","R-SMAD binding",0.229361009982231,0.0793825649126137,0.114434606562339,"Binding to a receptor-regulated SMAD signaling protein.",148.654513705434,0.130743682997259,1.75427986059594
"GO:0070449","elongin complex",0.214622504780181,2.42202512343209e-08,6.91211229407074e-08,"A transcription elongation factor complex that suppresses RNA polymerase II pausing, and may act by promoting proper alignment of the 3'-end of nascent transcripts with the polymerase catalytic site. Consists of a transcriptionally active Elongin A subunit (about 100 kDa) and two smaller Elongin B (about 18 kDa) and Elongin C (about 15 kDa) subunits.",1961.28303513615,0.038471181997267,5.57878634442341
"GO:0070461","SAGA-type complex",0.0307078101581509,0.815691661465042,0.864035014580499,"A histone acetyltransferase complex that acetylates nucleosomal histones H2B, H3, or H4 and is required for the expression of a subset of Pol II-transcribed genes. This complex includes the acetyltransferases GCN5/KAT2A or PCAF/KAT2B, several proteins of the ADA, SGF and SPT families, and several TBP-associate proteins (TAFs).",143.040343147918,0.131742392100844,0.233089817700024
"GO:0070475","rRNA base methylation",0.571256672028117,3.56169273181798e-16,1.51749696392003e-15,"The addition of a methyl group to an atom in the nucleoside base portion of a nucleotide residue in an rRNA molecule.",492.120060254192,0.0700704516988385,8.15260438855693
"GO:0070493","thrombin-activated receptor signaling pathway",0.69933316405653,0.0374808623449224,0.0578252660464092,"The series of molecular signals generated as a consequence of a thrombin-activated receptor binding to one of its physiological ligands.",23.0721856205716,0.336139122400482,2.08048726688627
"GO:0070498","interleukin-1-mediated signaling pathway",-0.3966353124512,3.86517827056018e-16,1.64017323392584e-15,"A series of molecular signals initiated by the binding of interleukin-1 to a receptor on the surface of a cell, and ending with regulation of a downstream cellular process, e.g. transcription.",2157.22917930291,0.0487104622545406,-8.14271296335783
"GO:0070507","regulation of microtubule cytoskeleton organization",0.138302089014893,0.0846995215180716,0.121435275922239,"Any process that modulates the frequency, rate or extent of the formation, arrangement of constituent parts, or disassembly of cytoskeletal structures comprising microtubules and their associated proteins.",932.07178481918,0.0802194843515941,1.72404609843575
"GO:0070509","calcium ion import",-0.776093816768047,0.00198592197984011,0.00370975151061364,"The directed movement of calcium ions into a cell or organelle.",46.4545338044768,0.250973832579139,-3.09232962174781
"GO:0070531","BRCA1-A complex",0.385286082101586,6.3784322588871e-07,1.64250471721525e-06,"A protein complex that contains the BRCA1-BARD1 heterodimer, RAP80/UIMC1, BRCC3/BRCC36, BRE/BRCC45, FAM175A/CCDC98/Abraxas and MERIT40/NBA1, and specifically recognizes and binds K63-linked polyubiquitin chains present on histone H2A and H2AX at DNA damage sites.",548.940685061254,0.0773761293193382,4.97939203590135
"GO:0070567","cytidylyltransferase activity",0.228834723222399,0.0320796681555171,0.0501527206374985,"Catalysis of the transfer of a cytidylyl group to an acceptor.",224.968875307143,0.106761668407099,2.14341651490323
"GO:0070569","uridylyltransferase activity",-0.47962662842339,0.000305742611706927,0.000625423053433471,"Catalysis of the transfer of an uridylyl group to an acceptor.",188.673948838617,0.13284638695679,-3.61038519308317
"GO:0070573","metallodipeptidase activity",1.19731204666461,0.00211493951308181,0.00392296168257654,"Catalysis of the hydrolysis of a dipeptide by a mechanism in which water acts as a nucleophile, one or two metal ions hold the water molecule in place, and charged amino acid side chains are ligands for the metal ions.",17.2930584529839,0.389547333142205,3.07359836610029
"GO:0070588","calcium ion transmembrane transport",-1.00048447702116,8.9629869428656e-314,4.61047303963634e-312,"A process in which a calcium ion is transported from one side of a membrane to the other by means of some agent such as a transporter or pore.",8843.87710610577,0.0264209534244602,-37.867084542639
"GO:0070628","proteasome binding",0.158965400814922,5.16314559865224e-08,1.43845099967736e-07,"Binding to a proteasome, a large multisubunit protein complex that catalyzes protein degradation.",7599.35818509239,0.0291915384962849,5.44559858793167
"GO:0070682","proteasome regulatory particle assembly",0.183927278904639,0.0151149013113148,0.0249236332021602,"The aggregation, arrangement and bonding together of a mature, active proteasome regulatory particle complex.",599.229985398975,0.0757022563546978,2.42961422500883
"GO:0070734","histone H3-K27 methylation",0.331783174712323,1.20439241271307e-08,3.51322766032071e-08,"The modification of histone H3 by addition of one or more methyl groups to lysine at position 27 of the histone.",704.180365282687,0.0582167330287153,5.69910328957607
"GO:0070740","tubulin-glutamic acid ligase activity",-0.477488683327336,1.57208712910554e-12,5.63865944776118e-12,"Catalysis of the posttranslational transfer of one or more glutamate residues to the gamma-carboxyl group(s) of one or more specific glutamate residues on a tubulin molecule.",604.300484731794,0.0675566276348496,-7.06797689648172
"GO:0070830","bicellular tight junction assembly",0.0369751218092005,0.872659051111084,0.906173283502351,"The aggregation, arrangement and bonding together of a set of components to form a tight junction, an occluding cell-cell junction that is composed of a branching network of sealing strands that completely encircles the apical end of each cell in an epithelial sheet.",42.0423222075027,0.230688131473113,0.160281855737819
"GO:0070836","caveola assembly",0.778261812230376,6.92841043703478e-20,3.43005108256017e-19,"The aggregation, arrangement and bonding together of a set of components to form a caveola. A caveola is a plasma membrane raft that forms a small pit, depression, or invagination that communicates with the outside of a cell and extends inward, indenting the cytoplasm and the cell membrane.",328.465027532858,0.0852537746679037,9.12876661780673
"GO:0070840","dynein complex binding",0.747557751497579,0.00144786976241876,0.00276590337766409,"Binding to a dynein complex, a protein complex that contains two or three dynein heavy chains and several light chains, and has microtubule motor activity.",47.4843258752481,0.234716866489107,3.18493409817344
"GO:0070857","regulation of bile acid biosynthetic process",0.364078698482405,0.540032887204217,0.620331894942099,"Any process that modulates the frequency, rate or extent of the chemical reactions and pathways resulting in the formation of bile acids.",6.59459663478008,0.594158824905761,0.612763259958566
"GO:0070888","E-box binding",0.292543001282407,1.90829170826616e-17,8.69241298646507e-17,"Binding to an E-box, a DNA motif with the consensus sequence CANNTG that is found in the promoters of a wide array of genes expressed in neurons, muscle and other tissues.",3424.45745213019,0.034419884443818,8.49924414359705
"GO:0070897","transcription preinitiation complex assembly",-0.0289432639226034,0.89261479594691,0.921902352914805,"The aggregation, arrangement and bonding together of proteins on promoter DNA to form the transcriptional preinitiation complex (PIC), required for transcription.",58.7799241854796,0.214400416144712,-0.134996304778941
"GO:0070905","serine binding",0.0394519305690642,0.621744973285862,0.700085503822682,"Binding to 2-amino-3-hydroxypropanoic acid.",460.939226955705,0.079962763261195,0.493378779822755
"GO:0070936","protein K48-linked ubiquitination",0.178076981059883,1.12360709519109e-06,2.83794893863234e-06,"A protein ubiquitination process in which a polymer of ubiquitin, formed by linkages between lysine residues at position 48 of the ubiquitin monomers, is added to a protein. K48-linked ubiquitination targets the substrate protein for degradation.",4972.12246001611,0.036576221297297,4.86865440835035
"GO:0070940","dephosphorylation of RNA polymerase II C-terminal domain",0.373382407989549,2.75355945949212e-08,7.81595814275759e-08,"The process of removing a phosphate group from an amino acid residue in the C-terminal domain of RNA polymerase II. Some dephosphorylation occurs during transcription while some may occur after the enzyme is released from the template in order to prepare it for the beginning of the transcription cycle again. RNA polymerase II with little or no phosphorylation is referred to as the hypophosphorylated or II(A) form.",638.287983324552,0.0671983168436307,5.55642500478699
"GO:0070979","protein K11-linked ubiquitination",0.0171649908841342,0.819178957609876,0.865989183759012,"A protein ubiquitination process in which ubiquitin monomers are attached to a protein, and then ubiquitin polymers are formed by linkages between lysine residues at position 11 of the ubiquitin monomers. K11-linked polyubiquitination targets the substrate protein for degradation. The anaphase-promoting complex promotes the degradation of mitotic regulators by assembling K11-linked polyubiquitin chains.",619.571513828932,0.0750870828385877,0.228601115334754
"GO:0070988","demethylation",0.58672463464181,0.0093019058585382,0.0157952652622038,"The process of removing one or more methyl groups from a molecule.",46.4237450114469,0.225597874789812,2.60075426325916
"GO:0071006","U2-type catalytic step 1 spliceosome",0.303264896936635,1.96098839658491e-05,4.45659970732497e-05,"A spliceosomal complex that is formed by the displacement of the U1 and U4 snRNPs from the precatalytic spliceosome; the U2, U5 and U6 snRNPs remain associated with the mRNA. This complex, sometimes called the activated spliceosome, is the catalytically active form of the spliceosome, and includes many proteins in addition to those found in the U2, and U5 and U6 snRNPs.",485.817002076926,0.0710340858137125,4.26928696924389
"GO:0071013","catalytic step 2 spliceosome",0.413559957870468,6.62743174431161e-45,6.23984533426481e-44,"A spliceosomal complex that contains three snRNPs, including U5, bound to a splicing intermediate in which the first catalytic cleavage of the 5' splice site has occurred. The precise subunit composition differs significantly from that of the catalytic step 1, or activated, spliceosome, and includes many proteins in addition to those found in the associated snRNPs.",4320.67213687637,0.029412576697245,14.0606503852893
"GO:0071108","protein K48-linked deubiquitination",-0.238957688451821,1.30414521122109e-08,3.79895338462056e-08,"A protein deubiquitination process in which a K48-linked ubiquitin chain, i.e. a polymer of ubiquitin formed by linkages between lysine residues at position 48 of the ubiquitin monomers, is removed from a protein.",5402.36178278515,0.0420291635509531,-5.68552091602124
"GO:0071203","WASH complex",-0.180181362945096,2.85346861632167e-12,1.00634871435157e-11,"A protein complex that localizes at the surface of endosomes, where it recruits and activates the Arp2/3 complex to induce actin polymerization. In human, the WASH complex is composed of F-actin-capping protein subunits alpha and beta, WASH1, FAM21, KIAA1033, KIAA0196 and CCDC53.",9024.71366567928,0.025796363451825,-6.98475826957495
"GO:0071205","protein localization to juxtaparanode region of axon",0.536045434295725,1.69885671514673e-05,3.88599654256449e-05,"Any process in which a protein is transported to, or maintained at, the juxtaparanode region of an axon.",147.722105788727,0.124627328111412,4.30118692600486
"GO:0071222","cellular response to lipopolysaccharide",3.06328961766495,4.54165663590797e-59,5.56881037507553e-58,"Any process that results in a change in state or activity of a cell (in terms of movement, secretion, enzyme production, gene expression, etc.) as a result of a lipopolysaccharide stimulus; lipopolysaccharide is a major component of the cell wall of gram-negative bacteria.",97.276787300386,0.18901687760013,16.2064343489232
"GO:0071260","cellular response to mechanical stimulus",-0.112242782677764,0.045610266170833,0.0692527367561461,"Any process that results in a change in state or activity of a cell (in terms of movement, secretion, enzyme production, gene expression, etc.) as a result of a mechanical stimulus.",805.964978834593,0.0561499625119705,-1.99898232619185
"GO:0071277","cellular response to calcium ion",-2.86022763538557,0.000721705978904159,0.00142383340459202,"Any process that results in a change in state or activity of a cell (in terms of movement, secretion, enzyme production, gene expression, etc.) as a result of a calcium ion stimulus.",4.90252544628503,0.845921443855338,-3.38119769413801
"GO:0071310","cellular response to organic substance",0.852260039229464,2.68546696487487e-17,1.21537549976848e-16,"Any process that results in a change in state or activity of a cell (in terms of movement, secretion, enzyme production, gene expression, etc.) as a result of an organic substance stimulus.",411.559402516998,0.100746016849641,8.45949116282606
"GO:0071339","MLL1 complex",0.241242715820202,2.94317012859243e-21,1.55958437216116e-20,"A protein complex that can methylate lysine-4 of histone H3. MLL1/MLL is the catalytic methyltransferase subunit, and the complex also contains the core components ASH2L, HCFC1/HCF1 WDR5 and RBBP5.",8008.43519877311,0.025488596592089,9.46473121611873
"GO:0071380","cellular response to prostaglandin E stimulus",-2.86858616344843,0.068223377927655,0.0999188222565447,"Any process that results in a change in state or activity of a cell (in terms of movement, secretion, enzyme production, gene expression, etc.) as a result of a prostagladin E stimulus.",1.26084033420481,1.5730963864976,-1.82352854413145
"GO:0071392","cellular response to estradiol stimulus",-0.0982309099948676,0.54100364676243,0.621108704965686,"Any process that results in a change in state or activity of a cell (in terms of movement, secretion, enzyme production, gene expression, etc.) as a result of stimulus by estradiol, a C18 steroid hormone hydroxylated at C3 and C17 that acts as a potent estrogen.",106.185992685663,0.160692875419389,-0.611295987693894
"GO:0071456","cellular response to hypoxia",-0.161930570971354,0.441808384263313,0.522294777136394,"Any process that results in a change in state or activity of a cell (in terms of movement, secretion, enzyme production, gene expression, etc.) as a result of a stimulus indicating lowered oxygen tension. Hypoxia, defined as a decline in O2 levels below normoxic levels of 20.8 - 20.95%, results in metabolic adaptation at both the cellular and organismal level.",90.0160387079225,0.210533745932315,-0.769143066610393
"GO:0071467","cellular response to pH",-0.51334279770923,0.495008247376966,0.577099167339979,"Any process that results in a change in state or activity of a cell (in terms of movement, secretion, enzyme production, gene expression, etc.) as a result of a pH stimulus. pH is a measure of the acidity or basicity of an aqueous solution.",3.99435609975863,0.752299541018941,-0.682364895522787
"GO:0071479","cellular response to ionizing radiation",-0.169215746502976,0.0574828016200509,0.0850745463976754,"Any process that results in a change in state or activity of a cell (in terms of movement, secretion, enzyme production, gene expression, etc.) as a result of a ionizing radiation stimulus. Ionizing radiation is radiation with sufficient energy to remove electrons from atoms and may arise from spontaneous decay of unstable isotopes, resulting in alpha and beta particles and gamma rays. Ionizing radiation also includes X-rays.",334.072402949806,0.0890786621033454,-1.89962155366297
"GO:0071526","semaphorin-plexin signaling pathway",-0.524781821212762,1.69951231510572e-16,7.29994189930337e-16,"A series of molecular signals generated as a consequence of a semaphorin receptor (composed of a plexin and a neurophilin) binding to a semaphorin ligand.",605.866079247931,0.0636749046792363,-8.24158000481291
"GO:0071559","response to transforming growth factor beta",-3.12450473830598,0,0,"Any process that results in a change in state or activity of a cell or an organism (in terms of movement, secretion, enzyme production, gene expression, etc.) as a result of a transforming growth factor beta stimulus.",1892.10445320952,0.060591574483696,-51.5666536961624
"GO:0071565","nBAF complex",-0.64456111523598,3.2230756189538e-30,2.2141584626624e-29,"A SWI/SNF-type complex that is found in post-mitotic neurons, and in human contains actin and proteins encoded by the ARID1A/BAF250A or ARID1B/BAF250B, SMARCD1/BAF60A, SMARCD3/BAF60C, SMARCA2/BRM/BAF190B, SMARCA4/BRG1/BAF190A, SMARCB1/BAF47, SMARCC1/BAF155, SMARCE1/BAF57, SMARCC2/BAF170, DPF1/BAF45B, DPF3/BAF45C, ACTL6B/BAF53B genes. The nBAF complex along with CREST plays a role regulating the activity of genes essential for dendrite growth.",1341.13237563772,0.056428404038997,-11.4226359262355
"GO:0071569","protein ufmylation",-0.0151253368324134,0.735868371558194,0.79770264957762,"Covalent attachment of the ubiquitin-like protein UFM1 to another protein.",1464.48432847213,0.0448384377182618,-0.337329701972491
"GO:0071596","ubiquitin-dependent protein catabolic process via the N-end rule pathway",0.0248758241940047,0.502659257625256,0.583760118024045,"The chemical reactions and pathways resulting in the breakdown of a protein or peptide covalently tagged with ubiquitin, via the N-end rule pathway. In the N-end rule pathway, destabilizing N-terminal residues (N-degrons) in substrates are recognized by E3 ligases (N-recognins), whereupon the substrates are linked to ubiquitin and then delivered to the proteasome for degradation.",5966.69243523521,0.0371108437727222,0.670311468700403
"GO:0071704","organic substance metabolic process",-0.526310169783122,5.12436714053436e-35,3.87358075246845e-34,"The chemical reactions and pathways involving an organic substance, any molecular entity containing carbon.",1697.71569468511,0.0426302839844651,-12.34592220814
"GO:0071782","endoplasmic reticulum tubular network",-0.139428617889907,0.00372691035950698,0.00667804073763826,"A subcompartment of the endoplasmic reticulum consisting of tubules having membranes with high curvature in cross-section.",1708.25940476601,0.0480722630736123,-2.90039638193031
"GO:0071805","potassium ion transmembrane transport",-1.01866253057866,1.3907581269753e-09,4.22030056085024e-09,"A process in which a potassium ion is transported from one side of a membrane to the other.",93.4106047732173,0.16819200483913,-6.05654550317645
"GO:0071816","tail-anchored membrane protein insertion into ER membrane",-0.0230076269262882,0.70903307339025,0.772791086191234,"A process of protein insertion into the endoplasmic reticulum (ER) membrane in which a tail-anchored (TA) transmembrane protein is incorporated into an endoplasmic reticulum (ER) membrane. TA transmembrane protein, also named type II transmembrane proteins, contain a single C- terminal transmembrane region.",648.262135398032,0.0616570215730113,-0.373155016887146
"GO:0071875","adrenergic receptor signaling pathway",-0.220450812398784,4.69464517786854e-05,0.000103893039665527,"A series of molecular signals generated as a consequence of an adrenergic receptor binding to one of its physiological ligands.",3544.77720696609,0.0541604183272244,-4.07033068073574
"GO:0071889","14-3-3 protein binding",0.11393269358992,0.270896797675751,0.34272426292631,"Binding to a 14-3-3 protein. A 14-3-3 protein is any of a large family of approximately 30kDa acidic proteins which exist primarily as homo- and heterodimers within all eukaryotic cells, and have been implicated in the modulation of distinct biological processes by binding to specific phosphorylated sites on diverse target proteins, thereby forcing conformational changes or influencing interactions between their targets and other molecules. Each 14-3-3 protein sequence can be roughly divided into three sections: a divergent amino terminus, the conserved core region and a divergent carboxy-terminus. The conserved middle core region of the 14-3-3s encodes an amphipathic groove that forms the main functional domain, a cradle for interacting with client proteins.",351.667326762863,0.103481132606171,1.10099967714429
"GO:0071900","regulation of protein serine/threonine kinase activity",-0.293728884676761,0.101095886129683,0.142520871555816,"Any process that modulates the rate, frequency, or extent of protein serine/threonine kinase activity.",111.29968472797,0.179150623472965,-1.63956384288602
"GO:0071913","citrate secondary active transmembrane transporter activity",-0.132238795089106,0.0471103316295315,0.0712738087565867,"Enables the transfer of citrate from one side of a membrane to the other, up its concentration gradient. The transporter binds the solute and undergoes a series of conformational changes. Transport works equally well in either direction and is driven by a chemiosmotic source of energy. Secondary active transporters include symporters and antiporters.",989.499011040884,0.0666087404286375,-1.98530694677798
"GO:0071918","urea transmembrane transport",-1.14260628110053,0.13599736559111,0.186366760254484,"The process in which urea, the water-soluble compound H2N-CO-NH2, is transported from one side of a membrane to the other by means of some agent such as a transporter or pore.",4.99612840612573,0.766405755804539,-1.49086338724201
"GO:0071944","cell periphery",-0.232649780815194,0.029660755446268,0.046612915973308,"The part of a cell encompassing the cell cortex, the plasma membrane, and any external encapsulating structures.",252.687734222271,0.10698551897613,-2.1745913189158
"GO:0071949","FAD binding",0.284113601385193,2.78852956307554e-08,7.90458178565366e-08,"Binding to the oxidized form, FAD, of flavin-adenine dinucleotide, the coenzyme or the prosthetic group of various flavoprotein oxidoreductase enzymes.",2170.82816639855,0.051152738759162,5.55422071773831
"GO:0071951","conversion of methionyl-tRNA to N-formyl-methionyl-tRNA",0.323724748229455,8.49130344791875e-05,0.000183297430620887,"The modification process that results in the conversion of methionine charged on a tRNA(fMet) to N-formyl-methionine-tRNA(fMet).",389.132554290873,0.0823707615595114,3.93009293711057
"GO:0071962","mitotic sister chromatid cohesion, centromeric",-0.23455555482058,0.000380543834921915,0.000768742287212949,"The cell cycle process in which centromeres of sister chromatids are joined during mitosis.",1103.04802566695,0.0660120828112303,-3.55322154417277
"GO:0072331","signal transduction by p53 class mediator",5.27731810044407,0.000376180140936544,0.000762117115499685,"An intracellular signaling process that is induced by the cell cycle regulator phosphoprotein p53 or an equivalent protein.",1.87882930666362,1.48395413760497,3.55625417707409
"GO:0072357","PTW/PP1 phosphatase complex",-0.347421159571605,6.24208720864555e-07,1.6093596482926e-06,"A protein serine/threonine phosphatase complex that contains a catalytic subunit (PPP1CA, PPP1CB or PPP1CC) and the regulatory subunits PPP1R10 (PNUTS), TOX4 and WDR82, and plays a role in the control of chromatin structure and cell cycle progression during the transition from mitosis into interphase.",1204.57377116823,0.0697132732425896,-4.98357261697701
"GO:0072378","blood coagulation, fibrin clot formation",-0.738821207005641,7.16562775845484e-12,2.47742769550513e-11,"A protein activation cascade that contributes to blood coagulation and consists of the cascade of enzymatic reactions initiated by physical damage to the wall of a blood vessel, leading to the formation of a formation of a fibrin clot at the site of the injury. The process also includes numerous positive and negative regulatory events.",255.857191638377,0.107789250196232,-6.85431251874012
"GO:0072383","plus-end-directed vesicle transport along microtubule",-0.677901694373104,7.23127389185978e-66,9.96781479603417e-65,"The directed movement of a vesicle towards the plus end of a microtubule, mediated by motor proteins. This process begins with the attachment of a vesicle to a microtubule, and ends when the vesicle reaches its final destination.",2924.96990538309,0.0395465886904688,-17.1418500766031
"GO:0072540","T-helper 17 cell lineage commitment",2.6692869856345,1.32186943569126e-113,2.68059869218545e-112,"The process in which a CD4-positive, alpha-beta T cell becomes committed to becoming a T-helper 17 cell, a CD4-positive, alpha-beta T cell with the phenotype RORgamma-t-positive that produces IL-17.",326.352207758191,0.117836952995099,22.6523761671394
"GO:0072546","EMC complex",0.0912671455027273,0.00533237455267545,0.00933276176895645,"A transmembrane protein complex located in the endoplasmic reticulum (ER) involved in the insertion of newly synthesized proteins in the membrane of the ER. In S. cerevisiae, it has six members: EMC1, EMC2, AIM27, EMC4, KRE27, and EMC6.",6225.06526624098,0.0327564097653976,2.78623775182889
"GO:0072659","protein localization to plasma membrane",-0.339803639938137,0.0019305969318259,0.00361601148243413,"A process in which a protein is transported to, or maintained in, a specific location in the plasma membrane.",245.533650741668,0.109589109654234,-3.10070627464951
"GO:0080008","Cul4-RING E3 ubiquitin ligase complex",0.2292315315124,3.88992565084762e-06,9.35445062444429e-06,"A ubiquitin ligase complex in which a cullin from the Cul4 family and a RING domain protein form the catalytic core; substrate specificity is conferred by an adaptor protein.",1291.26395464908,0.04964753452897,4.61717855050064
"GO:0080009","mRNA methylation",-0.0732306625562402,0.00869892881561211,0.0148791896773122,"The posttranscriptional addition of methyl groups to specific residues in an mRNA molecule.",5835.65910271732,0.0279115898541287,-2.62366504161739
"GO:0080019","fatty-acyl-CoA reductase (alcohol-forming) activity",0.339638041934823,3.5892303351194e-14,1.42020389808008e-13,"Catalysis of the reaction: a very long chain fatty acyl-CoA + NADPH + H+ = a very long chain primary alcohol + NADP+ + CoA.",2107.53151713668,0.0448362673027899,7.57507398288013
"GO:0080025","phosphatidylinositol-3,5-bisphosphate binding",0.102828398051999,0.0127762854794369,0.0213005423526738,"Binding to phosphatidylinositol-3,5-bisphosphate, a derivative of phosphatidylinositol in which the inositol ring is phosphorylated at the 3' and 5' positions.",2770.86890761753,0.0412974571290391,2.48994502810909
"GO:0080048","GDP-D-glucose phosphorylase activity",-0.898424657128318,7.07067623487549e-08,1.95439792652063e-07,"Catalysis of the reaction: GDP-D-glucose + phosphate = D-glucose-1-P + GDP.",106.414854108365,0.166703225046721,-5.38936578387442
"GO:0080111","DNA demethylation",-0.111331176600809,0.0735475020148622,0.10689984958604,"The removal of a methyl group from one or more nucleotides within an DNA molecule.",723.205156019013,0.0622164126244118,-1.78941812786433
"GO:0086091","regulation of heart rate by cardiac conduction",0.799156794213598,0.000630355115900653,0.0012529867478176,"A cardiac conduction process that modulates the frequency or rate of heart contraction.",48.5603309125537,0.233794256174527,3.41820542253625
"GO:0090026","positive regulation of monocyte chemotaxis",-4.86843647791495,0.000142170504424414,0.00029923911559989,"Any process that increases the frequency, rate, or extent of monocyte chemotaxis.",6.63490826597318,1.27969874651259,-3.80436137112919
"GO:0090090","negative regulation of canonical Wnt signaling pathway",0.0409742984494818,0.257801920992321,0.328323823292757,"Any process that decreases the rate, frequency, or extent of the Wnt signaling pathway through beta-catenin, the series of molecular signals initiated by binding of a Wnt protein to a frizzled family receptor on the surface of the target cell, followed by propagation of the signal via beta-catenin, and ending with a change in transcription of target genes.",4880.48751963063,0.0362091167752806,1.13160170969579
"GO:0090110","COPII-coated vesicle cargo loading",-0.121764904901051,0.0240733310766441,0.0384529937586025,"The formation of a macromolecular complex between the COPII coat proteins and proteins and/or lipoproteins that are going to be transported by the COPII vesicle to the Golgi.",1597.12756710716,0.0539748367580204,-2.25595689055895
"GO:0090114","COPII-coated vesicle budding",0.374346082052533,1.27043009294195e-24,7.48418174864404e-24,"The evagination of an endoplasmic reticulum membrane, resulting in formation of a COPII-coated vesicle.",3440.45758869663,0.0365460229618124,10.2431414341225
"GO:0090156","cellular sphingolipid homeostasis",-0.103518604997637,0.345564626906605,0.423639234432918,"Any biological process involved in the maintenance of an internal steady state of sphingolipids at the level of the cell.",244.045042804638,0.109749367443392,-0.943227349816211
"GO:0090222","centrosome-templated microtubule nucleation",-0.265807097273139,2.8778705800759e-09,8.64591033245026e-09,"The 'de novo' formation of a microtubule, in which tubulin heterodimers form metastable oligomeric aggregates from the centrosome.",1573.6818332153,0.0447605972239343,-5.93841712931853
"GO:0090263","positive regulation of canonical Wnt signaling pathway",1.14237541106962,0.196529823445549,0.258404861375725,"Any process that increases the rate, frequency, or extent of the Wnt signaling pathway through beta-catenin, the series of molecular signals initiated by binding of a Wnt protein to a frizzled family receptor on the surface of the target cell, followed by propagation of the signal via beta-catenin, and ending with a change in transcription of target genes.",3.6697214198175,0.884532755699141,1.29150153423846
"GO:0090266","regulation of mitotic cell cycle spindle assembly checkpoint",0.140500008740903,0.705497799380675,0.770131914541327,"Any process that modulates the rate, frequency, or extent of the mitotic cell cycle spindle assembly checkpoint, a cell cycle checkpoint that delays the metaphase/anaphase transition of a mitotic nuclear division until the spindle is correctly assembled and chromosomes are attached to the spindle.",16.0661366660712,0.371782122334808,0.377909534376094
"GO:0090331","negative regulation of platelet aggregation",-0.369703533951369,2.69487287091947e-30,1.85734865515332e-29,"Any process that decreases the rate, frequency or extent of platelet aggregation. Platelet aggregation is the adhesion of one platelet to one or more other platelets via adhesion molecules.",18889.4536392402,0.032321891927037,-11.4381774057636
"GO:0090398","cellular senescence",-2.88353360476293,0,0,"A cell aging process stimulated in response to cellular stress, whereby normal cells lose the ability to divide through irreversible cell cycle arrest.",1502.45351752525,0.0632917481059541,-45.559392670522
"GO:0090498","extrinsic component of Golgi membrane",0.12125481822313,4.51498151126757e-05,0.000100127192505397,"The component of a Golgi membrane consisting of gene products and protein complexes that are loosely bound to one of its surfaces, but not integrated into the hydrophobic region.",3118.73807721891,0.0297236040717883,4.07941170021899
"GO:0090522","vesicle tethering involved in exocytosis",-0.0821000509770119,0.00199075097873185,0.00371548125145616,"The initial, indirect interaction between a secretory vesicle membrane and a site of exocytosis in the plasma membrane. This interaction is mediated by tethering factors (or complexes), which interact with both membranes. Interaction can occur via direct binding  to membrane phospholipids or membrane proteins, or via binding to vesicle coat proteins. This process is distinct from and prior to docking and fusion.",5247.82062107367,0.0265557706811216,-3.09160867379295
"GO:0090575","RNA polymerase II transcription regulator complex",0.246502327707677,0.075910998004099,0.109956246422146,"A transcription factor complex that acts at a regulatory region of a gene transcribed by RNA polymerase II.",165.730424396815,0.13888076312015,1.77492060217454
"GO:0090630","activation of GTPase activity",0.495448614344554,5.73533627137432e-57,6.68277579907649e-56,"Any process that initiates the activity of an inactive GTPase through the replacement of GDP by GTP.",3836.08805564917,0.0311480597498054,15.9062432242717
"GO:0097010","eukaryotic translation initiation factor 4F complex assembly",-0.0722979700539849,0.30021899301216,0.375540840013432,"The aggregation, arrangement and bonding together of a set of components to form the eukaryotic translation initiation factor 4F complex.",1822.65331644555,0.0697881184216512,-1.03596388166206
"GO:0097060","synaptic membrane",-0.00435792301549506,0.991702903126936,1,"A specialized area of membrane on either the presynaptic or the postsynaptic side of a synapse, the junction between a nerve fiber of one neuron and another neuron or muscle fiber or glial cell.",16.3968316381603,0.41906908837444,-0.0103990562329456
"GO:0097110","scaffold protein binding",0.183588595854264,0.576726422992746,0.65782370259151,"Binding to a scaffold protein. Scaffold proteins are crucial regulators of many key signaling pathways. Although not strictly defined in function, they are known to interact and/or bind with multiple members of a signaling pathway, tethering them into complexes.",23.7146072603195,0.328909990778643,0.558172755469201
"GO:0097178","ruffle assembly",0.834587384388679,0.0635661388164954,0.0937489417929992,"The aggregation, arrangement and bonding together of a set of components to form a ruffle, a projection at the leading edge of a crawling cell; the protrusions are supported by a microfilament meshwork. The formation of ruffles (also called membrane ruffling) is thought to be controlled by a group of enzymes known as Rho GTPases, specifically RhoA, Rac1 and cdc42.",13.6650963953477,0.449861229828174,1.85521073844806
"GO:0097190","apoptotic signaling pathway",0.0315679183177894,0.680396730983833,0.748933562445148,"A series of molecular signals which triggers the apoptotic death of a cell. The pathway starts with reception of a signal, and ends when the execution phase of apoptosis is triggered.",1720.16965237828,0.0766357041565406,0.411921814580146
"GO:0097191","extrinsic apoptotic signaling pathway",1.19508393193753,3.39923493783337e-25,2.07796709677987e-24,"A series of molecular signals in which a signal is conveyed from the cell surface to trigger the apoptotic death of a cell. The pathway starts with either a ligand binding to a cell surface receptor, or a ligand being withdrawn from a cell surface receptor (e.g. in the case of signaling by dependence receptors), and ends when the execution phase of apoptosis is triggered.",165.785174973701,0.115245598617219,10.3698878419377
"GO:0097199","cysteine-type endopeptidase activity involved in apoptotic signaling pathway",0.930427953203196,9.53807576515364e-58,1.15608056256948e-56,"Catalysis of the hydrolysis of internal, alpha-peptide bonds in a polypeptide chain by a mechanism in which the sulfhydryl group of a cysteine residue at the active center acts as a nucleophile, and contributing to the apoptotic signaling pathway.",768.543735134515,0.0580856969532569,16.0181938412814
"GO:0097225","sperm midpiece",0.988997134471479,0.838635176000931,0.877322215370021,"The highly organized segment of the sperm flagellum which begins at the connecting piece and is characterized by the presence of 9 outer dense fibers (ODFs) that lie outside each of the 9 outer axonemal microtubule doublets and by a sheath of mitochondria that encloses the ODFs and the axoneme; the midpiece terminates about one-fourth of the way down the sperm flagellum at the annulus, which marks the beginning of the principal piece.",0.199963465053152,4.8566061120704,0.20363956055927
"GO:0097228","sperm principal piece",0.310794224192639,1.28424346817833e-14,5.14918151024353e-14,"The segment of the sperm flagellum where the mitochondrial sheath ends, and the outer dense fibers (ODFs) associated with outer axonemal doublets 3 and 8 are replaced by the 2 longitudinal columns of the fibrous sheath (FS) which run the length of the principal piece and are stabilized by circumferential ribs. The principal piece makes up ~2/3 of the length of the sperm flagellum and is defined by the presence of the FS and of only 7 (rather than 9) ODFs which taper and then terminate near the distal end of the principal piece.",1703.38869374988,0.0403242242004143,7.70738260575006
"GO:0097250","mitochondrial respirasome assembly",-0.134962043068656,0.503331322154036,0.5842189094237,"The aggregation, arrangement and bonding together of a set of respiratory enzyme complexes of the mitochondrial inner membrane (including, for example, complex II, complex III, complex IV) to form a large supercomplex.",62.5425776927977,0.201659408224404,-0.669257359510209
"GO:0097435","supramolecular fiber organization",1.23557215979324,4.35104145310733e-28,2.8409741252642e-27,"A process that is carried out at the cellular level which results in the assembly, arrangement of constituent parts, or disassembly of a supramolecular fiber, a polymer consisting of an indefinite number of protein or protein complex subunits that have polymerised to form a fiber-shaped structure.",319.620088088636,0.112444471665974,10.9882872984953
"GO:0097539","ciliary transition fiber",0.483271904930626,3.65112887609277e-11,1.21646616108683e-10,"A nine-bladed, propeller-like protein complex that links the distal end of the basal body and the cilium to the plasma membrane. Functions in protein sorting and gating (i.e. active and passive transport of proteins in and out of the cilium).",445.692042394063,0.0730284331122855,6.61758556681021
"GO:0097546","ciliary base",1.13179361154831,0.0347709637057786,0.0538809422891162,"Area of the cilium (also called flagellum) where the basal body and the axoneme are anchored to the plasma membrane. The ciliary base encompasses the distal part of the basal body, transition fibers and transition zone and is structurally and functionally very distinct from the rest of the cilium. In this area proteins are sorted and filtered before entering the cilium, and many ciliary proteins localize specifically to this area.",11.0135591047388,0.536136997738368,2.11101568502576
"GO:0097573","glutathione oxidoreductase activity",-0.245752142132489,1.82965493029947e-10,5.89120953893372e-10,"Catalysis of the reaction: protein-S-S-glutathione + glutathione-SH = protein-SH + glutathione-S-S-glutathione.",2296.5404920955,0.038549368501024,-6.37499787126113
"GO:0097602","cullin family protein binding",1.89139589627231,1.57075198417833e-16,6.77447021397155e-16,"Binding to a member of the cullin family, hydrophobic proteins that act as scaffolds for ubiquitin ligases (E3).",47.8302550722196,0.22923233657736,8.25099950780293
"GO:0097720","calcineurin-mediated signaling",-0.132885895793167,0.0401900216286388,0.0615993863479646,"Any intracellular signal transduction in which the signal is passed on within the cell by activation of a transcription factor as a consequence of dephosphorylation by Ca(2+)-activated calcineurin. The process begins with calcium-dependent activation of the phosphatase calcineurin. Calcineurin is a calcium- and calmodulin-dependent serine/threonine protein phosphatase with a conserved function in eukaryotic species from yeast to humans. In yeast and fungi, calcineurin regulates stress signaling and cell cycle, and sporulation and virulence in pathogenic fungi. In metazoans, calcineurin is involved in cell commitment, organogenesis and organ development and immune function of T-lymphocytes. By a conserved mechanism, calcineurin phosphatase activates fungal Crz1 and mammalian NFATc by dephosphorylation and translocation of these transcription factors to the nucleus to regulate gene expression.",1420.24648530558,0.0647658190456376,-2.05179055482227
"GO:0097731","9+0 non-motile cilium",-0.93449497306591,0.847415352185065,0.884314189885355,"A non-motile cilium where the axoneme has a ring of nine outer microtubule doublets but no central microtubules (and is therefore called a 9+0 axoneme).",0.132540385392834,4.85660611208522,-0.192417287195786
"GO:0097746","blood vessel diameter maintenance",0.416847504401381,1.10835619134048e-06,2.80278562054805e-06,"Any process that modulates the diameter of blood vessels.",341.378902296821,0.0855711653625546,4.87135476810732
"GO:0098609","cell-cell adhesion",-1.54316000022004,8.06357274671924e-85,1.29817365823136e-83,"The attachment of one cell to another cell via adhesion molecules.",607.08322485481,0.0790724393339114,-19.5157758280796
"GO:0098685","Schaffer collateral - CA1 synapse",0.0202179969181381,0.480720671577742,0.562619254360409,"A synapse between the Schaffer collateral axon of a CA3 pyramidal cell and a CA1 pyramidal cell.",4691.52243152974,0.0286721562925219,0.705143928202262
"GO:0098686","hippocampal mossy fiber to CA3 synapse",1.00288784930444,5.21204342291104e-89,8.65527525899165e-88,"One of the giant synapses that form between the mossy fiber axons of dentate gyrus granule cells and the large complex spines of CA3 pyramidal cells. It consists of a giant bouton known as the mossy fiber expansion, synapsed to the complex, multiheaded spine (thorny excresence) of a CA3 pyramidal cell.",1090.33688311473,0.050137504496284,20.002747631342
"GO:0098761","cellular response to interleukin-7",0.595277142875997,4.49982390907639e-39,3.79605144969684e-38,"Any process that results in a change in state or activity of a cell (in terms of movement, secretion, enzyme production, gene expression, etc.) as a result of an interleukin-7 stimulus.",1430.97230335218,0.0455234651544187,13.0762704652815
"GO:0098781","ncRNA transcription",-0.869493206266126,0.756991427993045,0.814162014186284,"The transcription of non (protein) coding RNA from a DNA template.",0.332395092383273,2.80994742505477,-0.309433976775981
"GO:0098793","presynapse",-0.117537539639651,0.000726199374329915,0.00143135932753438,"The part of a synapse that is part of the presynaptic cell.",3324.04133566758,0.0347796478952579,-3.37949193717044
"GO:0098882","structural constituent of presynaptic active zone",0.810872628180939,0.00328563721984198,0.00596334672689047,"The action of a molecule that contributes to the structural integrity of a presynaptic active zone.",34.2772767087305,0.275838132383201,2.93966835250485
"GO:0098978","glutamatergic synapse",-0.130981420598865,3.63691259353985e-17,1.63544747543189e-16,"A synapse that uses glutamate as a neurotransmitter.",76825.5802625158,0.0155485107691468,-8.42404925742302
"GO:0098982","GABA-ergic synapse",1.8843485964472,0.489841408776144,0.572024103604035,"A synapse that uses GABA as a neurotransmitter.  These synapses are typically inhibitory.",0.399147248152779,2.72872108283144,0.690561086768137
"GO:0099078","BORC complex",0.147531394027419,0.210368820441369,0.274716930223435,"A protein complex that is involved in positioning of the lysosome within the cytoplasm and which is composed of BLOC1S1, BLOC1S2, BORCS5, BORCS6, BORCS7, BORCS8, KXD1 and SNAPIN. The BORC complex recruits ARL8 at the cytosolic face of lysosomes and couples them to microtubule plus-end-directed kinesin motors.",235.651702032463,0.117784653238141,1.25255192396869
"GO:0106050","tRNA 2'-O-methyltransferase activity",0.145055719586174,0.121678127278465,0.168828401598871,"Catalysis of the reaction: S-adenosyl-L-methionine + tRNA = S-adenosyl-L-homocysteine + tRNA containing a 2'-O-nucleotide.",489.767820436366,0.0937192818906646,1.54776815037272
"GO:0120020","cholesterol transfer activity",-0.709919908808761,0.226323994745641,0.293733726103727,"Removes cholesterol from a membrane or a monolayer lipid particle, transports it through the aqueous phase while protected in a hydrophobic pocket, and brings it to an acceptor membrane or lipid particle.",10.2689372855769,0.586767662493035,-1.20988246999244
"GO:0120163","negative regulation of cold-induced thermogenesis",-0.108698534610135,0.0307136882324903,0.0481599765667821,"Any process that stops, prevents, or reduces the rate of cold-induced thermogenesis.",1485.38659350406,0.0503056367041599,-2.16076252546757
"GO:0150077","regulation of neuroinflammatory response",2.80590505645214,1.34271131262327e-28,8.84930674475775e-28,"Any process that modulates the frequency, rate or extent of neuroinflammatory response.",59.4504274431324,0.252922764390719,11.0939205619212
"GO:1900017","positive regulation of cytokine production involved in inflammatory response",0.704832987122604,0.465508417778241,0.547244845649002,"Any process that activates or increases the frequency, rate or extent of cytokine production involved in inflammatory response.",5.13779116128586,0.965780523219519,0.729806586669379
"GO:1900027","regulation of ruffle assembly",0.54882084740782,1.00345063110006e-05,2.34360728791808e-05,"Any process that modulates the frequency, rate or extent of ruffle assembly.",167.785350330798,0.124268024516315,4.41642851847031
"GO:1900069","regulation of cellular hyperosmotic salinity response",-1.69138479315385,0,0,"Any process that modulates the frequency, rate or extent of cellular hyperosmotic salinity response.",4554.64622226612,0.0374749548296967,-45.1337380082318
"GO:1900076","regulation of cellular response to insulin stimulus",0.989007669832978,0.838633480681628,0.877322215370021,"Any process that modulates the frequency, rate or extent of cellular response to insulin stimulus.",0.133718397879053,4.85660611208522,0.203641729843382
"GO:1900087","positive regulation of G1/S transition of mitotic cell cycle",0.348547674563725,0.00436883307368236,0.00773266166833289,"Any signalling pathway that increases or activates a cell cycle cyclin-dependent protein kinase to modulate the switch from G1 phase to S phase of the mitotic cell cycle.",168.951965248702,0.122287781362268,2.85022486041497
"GO:1900273","positive regulation of long-term synaptic potentiation",2.02676865179074,0.157688476162233,0.212909728697919,"Any process that activates or increases the frequency, rate or extent of long-term synaptic potentiation.",1.87009029957983,1.43448579424056,1.41288861829667
"GO:1900383","regulation of synaptic plasticity by receptor localization to synapse",0.0274707787145049,0.96854679935124,0.98727172538993,"Any process that modulates synaptic plasticity, the ability of synapses to change as circumstances require, via receptor localization to the synapse, the junction between a nerve fiber of one neuron and another neuron or muscle fiber or glial cell. Processes may include receptor transport to, and/or maintenance at, the synapse.",5.5954373520577,0.696680505135574,0.0394309565317305
"GO:1901031","regulation of response to reactive oxygen species",-1.11616788254572,1.81735048543683e-33,1.33546765637153e-32,"Any process that modulates the frequency, rate or extent of response to reactive oxygen species.",414.009763265842,0.0925868504651924,-12.0553607444001
"GO:1901098","positive regulation of autophagosome maturation",-0.468412770413901,4.85166759090284e-19,2.32549248845775e-18,"Any process that activates or increases the frequency, rate or extent of autophagosome maturation.",1494.84265754693,0.0525385378809483,-8.91560346569444
"GO:1901215","negative regulation of neuron death",0.612264678833165,0.145805904205374,0.198646416000733,"Any process that stops, prevents or reduces the frequency, rate or extent of neuron death.",15.1424278017232,0.420943210324021,1.45450660283099
"GO:1901222","regulation of NIK/NF-kappaB signaling",-0.0652307295320656,0.237845680711609,0.306799107413323,"Any process that modulates the frequency, rate or extent of NIK/NF-kappaB signaling.",820.554751047604,0.0552620786873376,-1.18038863324575
"GO:1901223","negative regulation of NIK/NF-kappaB signaling",0.148482868100295,0.00437047544269929,0.00773266166833289,"Any process that stops, prevents or reduces the frequency, rate or extent of NIK/NF-kappaB signaling.",2586.57354188457,0.0520973267339085,2.85010532034943
"GO:1901224","positive regulation of NIK/NF-kappaB signaling",-0.395800728578485,4.69607847742367e-10,1.46509312261635e-09,"Any process that activates or increases the frequency, rate or extent of NIK/NF-kappaB signaling.",828.370288293324,0.0635422497994074,-6.22893790868223
"GO:1901386","negative regulation of voltage-gated calcium channel activity",0.316943497937204,0.430275495578868,0.510664614617802,"Any process that stops, prevents or reduces the frequency, rate or extent of voltage-gated calcium channel activity.",21.7255679506748,0.401845235321174,0.788720308413979
"GO:1901475","pyruvate transmembrane transport",-0.464587914512524,1.20490450870874e-05,2.79246550424916e-05,"The directed movement of pyruvate across a membrane.",251.39919096501,0.106150312292306,-4.37669851816534
"GO:1901673","regulation of mitotic spindle assembly",0.594057193289946,3.58857976084412e-25,2.1810705232335e-24,"Any process that modulates the frequency, rate or extent of mitotic spindle assembly.",1152.33333838984,0.0573153891372655,10.3647066212397
"GO:1901797","negative regulation of signal transduction by p53 class mediator",0.171736502454027,0.000142808135539324,0.000299982428139874,"Any process that stops, prevents or reduces the frequency, rate or extent of signal transduction by p53 class mediator.",1790.59629411951,0.0451551562922069,3.8032534167901
"GO:1901841","regulation of high voltage-gated calcium channel activity",2.9152598567393,0,0,"Any process that modulates the frequency, rate or extent of high voltage-gated calcium channel activity.",1155.93752985947,0.0678763780603315,42.9495494610525
"GO:1901842","negative regulation of high voltage-gated calcium channel activity",-2.83069771758351,0.166379178085595,0.223109307092105,"Any process that stops, prevents or reduces the frequency, rate or extent of high voltage-gated calcium channel activity.",0.596687813287113,2.04540183703188,-1.38393232387587
"GO:1901981","phosphatidylinositol phosphate binding",0.692762927477522,1.63756028957806e-38,1.35435868655691e-37,"Binding to phosphatidylinositol phosphate.",2002.19184914491,0.0533810874412023,12.9776848072003
"GO:1901998","toxin transport",0.110407442331321,0.0206245815339364,0.0333312202720858,"The directed movement of a toxin into, out of or within a cell, or between cells, by means of some agent such as a transporter or pore.",1359.20904572953,0.0476965843732003,2.31478718617337
"GO:1902017","regulation of cilium assembly",0.0633098129029121,0.134752802263166,0.18490153544113,"Any process that modulates the frequency, rate or extent of cilium assembly.",1818.31630399038,0.0423301561629297,1.49561963955983
"GO:1902018","negative regulation of cilium assembly",0,1,1,"Any process that stops, prevents or reduces the frequency, rate or extent of cilium assembly.",0.199638715261902,4.8566061120704,0
"GO:1902230","negative regulation of intrinsic apoptotic signaling pathway in response to DNA damage",-0.267802632638904,0.00305935879647132,0.00557183739357341,"Any process that stops, prevents or reduces the frequency, rate or extent of intrinsic apoptotic signaling pathway in response to DNA damage.",329.853522828721,0.0904216284417207,-2.9617099056285
"GO:1902412","regulation of mitotic cytokinesis",-0.161748050121161,0.00175640263276029,0.00331625170321527,"Any process that modulates the frequency, rate or extent of mitotic cytokinesis.",1233.79188320668,0.051699791035537,-3.12860162258643
"GO:1902475","L-alpha-amino acid transmembrane transport",0.666927355673645,9.61251226418014e-32,6.82585466840267e-31,"The directed movement of L-alpha-amino acid across a membrane.",1885.60775170929,0.0568860635608079,11.7239146800998
"GO:1902560","GMP reductase complex",0.245626887746258,3.04535889859032e-06,7.39086526711965e-06,"An oxidoreductase complex which is capable of GMP reductase activity. It catalyses the irreversible reaction: GMP + 2 H(+) + NADPH => IMP + NADP(+) + NH(4)(+).",1041.22882887088,0.0526222677395881,4.66773665022938
"GO:1902600","proton transmembrane transport",-0.323415772650094,0.000200178296399131,0.000415936972517998,"The directed movement of a proton across a membrane.",897.784475613005,0.0869679797381697,-3.71879137153451
"GO:1902883","negative regulation of response to oxidative stress",-0.0718098926420204,0.738208723332051,0.798777091559174,"Any process that stops, prevents or reduces the frequency, rate or extent of response to oxidative stress.",52.2166217359657,0.214854040401598,-0.334226400898934
"GO:1902902","negative regulation of autophagosome assembly",0.0276662504791739,0.678486881801678,0.747611720856708,"Any process that stops, prevents or reduces the frequency, rate or extent of autophagosome assembly.",1311.73995965365,0.0667414439498606,0.414528797128784
"GO:1902936","phosphatidylinositol bisphosphate binding",1.46407977695683,7.53138816511115e-06,1.77868954537732e-05,"Binding to phosphatidylinositol bisphosphate.",26.9169976183098,0.32694291662458,4.47808991267425
"GO:1903118","urate homeostasis",0.999668449447955,4.23641230869984e-10,1.32560735297447e-09,"Any process involved in the maintenance of an internal steady state of urate within an organism or cell.",106.209923724031,0.160073509623477,6.24505860963107
"GO:1903259","exon-exon junction complex disassembly",-0.131893566423458,0.346065846854473,0.423639234432918,"The disaggregation of an exon-exon junction complex into its constituent components.",130.751920015355,0.139977597102301,-0.942247682156345
"GO:1903292","protein localization to Golgi membrane",-0.466369165906779,7.02820835129135e-20,3.47130946437317e-19,"A process in which a protein is transported to, or maintained in, a location within a Golgi membrane.",967.817993323025,0.0510965296247589,-9.12721801914311
"GO:1903861","positive regulation of dendrite extension",0.413140522796315,0.16557151054011,0.222272638910943,"Any process that activates or increases the frequency, rate or extent of dendrite extension.",26.5241729040609,0.297957654458842,1.38657462432597
"GO:1904047","S-adenosyl-L-methionine binding",0.687509476889958,1.92285449807271e-57,2.30414780479281e-56,"Binding to S-adenosyl-L-methionine.",1399.34052454275,0.0430378419050562,15.9745341879976
"GO:1904263","positive regulation of TORC1 signaling",-0.325276450296527,1.06671555004195e-14,4.29332651724898e-14,"Any process that activates or increases the frequency, rate or extent of TORC1 signaling.",1630.32349838437,0.0420740874763501,-7.73103992996558
"GO:1904315","transmitter-gated ion channel activity involved in regulation of postsynaptic membrane potential",0.923358427865686,0.667527959453514,0.739374850357226,"Any transmitter-gated ion channel activity that is involved in regulation of postsynaptic membrane potential.",0.73389425195247,2.14962876535568,0.429543204271787
"GO:1904382","mannose trimming involved in glycoprotein ERAD pathway",-0.132292862564255,0.00195305236243549,0.00365158460317062,"The removal of one or more alpha 1,2-linked mannose residues from a mannosylated protein that occurs as part of glycoprotein ER-associated glycoprotein degradation (gpERAD).",1533.30650642343,0.042712592403587,-3.09728010218234
"GO:1904646","cellular response to amyloid-beta",0.114752831248563,0.184247417778756,0.244081535235802,"Any process that results in a change in state or activity of a cell (in terms of movement, secretion, enzyme production, gene expression, etc.) as a result of a amyloid-beta stimulus.",431.861599841124,0.0864239164235886,1.3277902228606
"GO:1904668","positive regulation of ubiquitin protein ligase activity",-0.508111764975261,0.0444878220742545,0.0677924976550597,"Any process that activates or increases the frequency, rate or extent of ubiquitin protein ligase activity.",69.3337255806541,0.252859201482821,-2.00946519642388
"GO:1904684","negative regulation of metalloendopeptidase activity",-0.644137721632574,1.06838861398436e-19,5.24007345789072e-19,"Any process that stops, prevents or reduces the frequency, rate or extent of metalloendopeptidase activity.",589.31536073428,0.0709265754254588,-9.08175416293065
"GO:1904717","regulation of AMPA glutamate receptor clustering",-1.62410259504201,3.73699002208399e-09,1.11791658958512e-08,"Any process that modulates the frequency, rate or extent of AMPA glutamate receptor clustering.",48.0879558810499,0.275484847160073,-5.89543349401833
"GO:1904862","inhibitory synapse assembly",-0.487775073479549,7.54363720661606e-07,1.93311432184122e-06,"The aggregation, arrangement and bonding together of a set of components to form an inhibitory synapse.",378.506217615352,0.0986038003705016,-4.94681819206506
"GO:1904970","brush border assembly",-0.879456296531584,0.274746032876307,0.346969690620438,"The aggregation, arrangement and bonding together of adjacent microvilli through the formation of Ca(2+)-dependent adhesion links between them, forming a brush border.",4.19684704182509,0.805216826654809,-1.09219811039617
"GO:1905053","positive regulation of base-excision repair",-0.281677596700976,0.00496679662930117,0.00872914507599681,"Any process that activates or increases the frequency, rate or extent of base-excision repair.",258.721933703119,0.100270420703904,-2.80917936439862
"GO:1905515","non-motile cilium assembly",0.261926583765572,0.667856372655532,0.739374850357226,"The aggregation, arrangement and bonding together of a set of components to form a non-motile cilium.",6.80293720414304,0.610420764206041,0.429091864373672
"GO:1905516","positive regulation of fertilization",0.621364544599432,2.55402407917976e-12,9.05283492939515e-12,"Any process that activates or increases the frequency, rate or extent of fertilization.",306.195658759727,0.0887624718194967,7.00030690743957
"GO:1905719","protein localization to perinuclear region of cytoplasm",-0.293831928013552,6.44117687662238e-05,0.00014077142002898,"A process in which a protein is transported to, or maintained in, a location within the perinuclear region of the cytoplasm.",492.075512264042,0.0735308392751593,-3.99603664136085
"GO:1905793","protein localization to pericentriolar material",-0.185957569740501,0.0527108693398917,0.078786125753247,"A process in which a protein is transported to, or maintained in, a location within a pericentriolar material.",531.004340589336,0.0959888959449177,-1.93728209820447
"GO:1990404","protein ADP-ribosylase activity",1.00216814166799,9.02748194941494e-155,2.37986992891451e-153,"The transfer, from NAD, of ADP-ribose to a protein amino acid residue.",4473.79770539762,0.0378138449468468,26.5026776059586
"GO:1990423","RZZ complex",-0.0718938039534459,0.158158314309081,0.213407475929527,"A kinetochore component required for both meiotic and mitotic spindle assembly checkpoints.",1284.09421533165,0.0509418081159247,-1.41129273994049
"GO:1990504","dense core granule exocytosis",-0.921831520697165,4.40754180810033e-14,1.7342361330753e-13,"The secretion of molecules (e.g. neuropeptides, insulin-related peptides or neuromodulators such as serotonin and dopamine) contained within a membrane-bounced dense core granule by fusion of the granule with the plasma membrane of a cell in response to increased cytosolic calcium levels.",186.636450533766,0.122123326845631,-7.54836561128409
"GO:1990544","mitochondrial ATP transmembrane transport",-0.69920261460037,1.57429175617966e-31,1.11415480328285e-30,"The process in which ATP is transported across a mitochondrial membrane, into or out of the mitochondrion.",1748.63121220682,0.059852670101779,-11.6820621939068
"GO:1990569","UDP-N-acetylglucosamine transmembrane transport",0.273455673066069,0.000345187312144996,0.000701820639830453,"The process in which UDP-N-acetylglucosamine is transported across a membrane.",498.151429856493,0.0764100696622762,3.57879104514251
"GO:1990745","EARP complex",0.642185219935365,3.00412694294373e-35,2.29554482705374e-34,"A quatrefoil tethering complex required for endocytic recycling.",2621.67287283414,0.0518358455726057,12.3888250078966
"GO:1990830","cellular response to leukemia inhibitory factor",0.302982048664313,1.312355362518e-27,8.49005355690327e-27,"Any process that results in a change in state or activity of a cell (in terms of movement, secretion, enzyme production, gene expression, etc.) as a result of a leukemia inhibitory factor stimulus.",17434.1617622527,0.0278266915460041,10.8881808016383
"GO:1990837","sequence-specific double-stranded DNA binding",0.598648488421346,5.36725670789972e-39,4.49188269720655e-38,"Binding to double-stranded DNA of a specific nucleotide composition, e.g. GC-rich DNA binding, or with a specific sequence motif or type of DNA, e.g. promotor binding or rDNA binding.",3462.257623936,0.0458282850791872,13.0628603576794
"GO:1990841","promoter-specific chromatin binding",0.344243332041188,5.96110219065997e-30,4.06859693207181e-29,"Binding to a section of chromatin that is associated with gene promoter sequences of DNA.",5775.48858219638,0.0302789023054058,11.3690822926474
"GO:1990904","ribonucleoprotein complex",-0.0116351902738291,0.747007220676149,0.805438767078732,"A macromolecular complex that contains both RNA and protein molecules.",10459.0979494198,0.036068258309746,-0.322588082127746
"GO:2000035","regulation of stem cell division",0.240520490226409,0.011666384731436,0.0195894947441072,"Any process that modulates the frequency, rate or extent of stem cell division.",284.769207166485,0.0953660011374359,2.52207796654685
"GO:2000147","positive regulation of cell motility",0,1,1,"Any process that activates or increases the frequency, rate or extent of cell motility.",0.199007836201633,4.2428688234305,0
"GO:2000179","positive regulation of neural precursor cell proliferation",0.0589940595575492,0.884001850842154,0.913454141806028,"Any process that activates or increases the frequency, rate or extent of neural precursor cell proliferation.",16.3933856339108,0.404351183832317,0.145898075525392
"GO:2000266","regulation of blood coagulation, intrinsic pathway",0.307290683810369,0.512046207068211,0.593028803243744,"Any process that modulates the frequency, rate or extent of blood coagulation, intrinsic pathway.",13.0053067814594,0.468677491635415,0.655654878449788
"GO:2000300","regulation of synaptic vesicle exocytosis",-0.0980772292535751,1.49534560331652e-05,3.4353854873579e-05,"Any process that modulates the frequency, rate or extent of synaptic vesicle exocytosis.",7693.2297094183,0.0226539113376256,-4.32937287481478
"GO:2000344","positive regulation of acrosome reaction",-0.437354162574446,0.00767600421369045,0.0131829746634146,"Any process that activates or increases the frequency, rate or extent of the acrosome reaction.",99.0848732750188,0.164048917273117,-2.66599847072637
"GO:2000369","regulation of clathrin-dependent endocytosis",0.443275385700498,9.74874551829512e-06,2.28192056582513e-05,"Any process that modulates the frequency, rate or extent of clathrin-mediated endocytosis.",266.908447641964,0.100227947021282,4.42267250676476
"GO:2000379","positive regulation of reactive oxygen species metabolic process",-2.5604059577292,0,0,"Any process that activates or increases the frequency, rate or extent of reactive oxygen species metabolic process.",18215.5260865979,0.0240193217382398,-106.597762652595
"GO:2000403","positive regulation of lymphocyte migration",-0.798498210436859,1.68809689072974e-06,4.18354446833024e-06,"Any process that activates or increases the frequency, rate or extent of lymphocyte migration.",103.493320363172,0.166785567739029,-4.7875737766848
"GO:2000546","positive regulation of endothelial cell chemotaxis to fibroblast growth factor",0.0270769728783914,0.982270272379352,0.996444446583961,"Any process that activates or increases the frequency, rate or extent of endothelial cell chemotaxis to fibroblast growth factor.",2.0023801561035,1.21843499185569,0.0222227472613478
"GO:2000660","negative regulation of interleukin-1-mediated signaling pathway",0.130580775573465,0.797128765518271,0.848978601054559,"Any process that stops, prevents or reduces the frequency, rate or extent of interleukin-1-mediated signaling pathway.",11.1289527210183,0.50796836318638,0.257064780086616
"GO:2000973","regulation of pro-B cell differentiation",0.00582463875704428,0.903880288552451,0.932624035497612,"Any process that modulates the frequency, rate or extent of pro-B cell differentiation.",1332.06191129456,0.0482327534169303,0.120761066794079
"GO:2001032","regulation of double-strand break repair via nonhomologous end joining",0.842065659059187,1.52598402790712e-07,4.08932695661513e-07,"Any process that modulates the frequency, rate or extent of double-strand break repair via nonhomologous end joining.",92.8454818931633,0.16041190213226,5.24939638434622
"GO:2001033","negative regulation of double-strand break repair via nonhomologous end joining",0.749799940754575,0.0100949241928098,0.0170731316139823,"Any process that stops, prevents or reduces the frequency, rate or extent of double-strand break repair via nonhomologous end joining.",31.2233005514182,0.291460539914798,2.57256073488975
"GO:2001069","glycogen binding",-0.187909957614506,0.257688623285892,0.328323823292757,"Binding to glycogen.",83.4886712578124,0.166017097540654,-1.13187111687994
"GO:2001106","regulation of Rho guanyl-nucleotide exchange factor activity",0.22447880024492,0.00031682555331919,0.000646839392013718,"Any process that modulates the frequency, rate or extent of Rho guanyl-nucleotide exchange factor activity.",2957.50956373866,0.0623354919551561,3.60113946652429
"GO:2001244","positive regulation of intrinsic apoptotic signaling pathway",1.02670569225273,0.420773731383658,0.502498187705625,"Any process that activates or increases the frequency, rate or extent of intrinsic apoptotic signaling pathway.",2.00376050373775,1.27528465215087,0.805079627141369
"GO:2001256","regulation of store-operated calcium entry",1.26804917677845,0,0,"Any process that modulates the frequency, rate or extent of store-operated calcium entry.",5163.40064971792,0.0271428736253137,46.7175728805612
"GO:2001268","negative regulation of cysteine-type endopeptidase activity involved in apoptotic signaling pathway",0.537624749426054,0.00958674684492707,0.0162658480257049,"Any process that stops, prevents or reduces the frequency, rate or extent of cysteine-type endopeptidase activity involved in apoptotic signaling pathway.",56.1354252548046,0.20754593283339,2.59038923136904
